{"_step":56292,"_runtime":42,"activation_hist_layer1":{"bins":[0.12009954972650949,0.1313413180809907,0.1425830864354719,0.15382485478995314,0.16506662314443435,0.17630839149891556,0.1875501598533968,0.198791928207878,0.2100336965623592,0.22127546491684041,0.23251723327132162,0.24375900162580286,0.2550007699802841,0.2662425383347653,0.2774843066892465,0.2887260750437277,0.2999678433982089,0.31120961175269013,0.32245138010717134,0.33369314846165254,0.34493491681613375,0.35617668517061496,0.3674184535250962,0.37866022187957743,0.38990199023405864,0.40114375858853984,0.41238552694302105,0.42362729529750226,0.4348690636519835,0.44611083200646473,0.45735260036094594,0.46859436871542715,0.47983613706990835,0.49107790542438956,0.5023196737788708,0.513561442133352,0.5248032104878332,0.5360449788423145,0.5472867471967957,0.5585285155512769,0.5697702839057581,0.5810120522602393,0.5922538206147205,0.6034955889692017,0.614737357323683,0.6259791256781642,0.6372208940326454,0.6484626623871266,0.6597044307416078,0.670946199096089,0.6821879674505702,0.6934297358050514,0.7046715041595326,0.7159132725140138,0.727155040868495,0.7383968092229762,0.7496385775774576,0.7608803459319388,0.77212211428642,0.7833638826409012,0.7946056509953824,0.8058474193498636,0.8170891877043448,0.828330956058826,0.8395727244133072],"_type":"histogram","values":[1,1,2,4,1,3,8,7,9,19,17,33,32,40,64,71,86,77,91,137,133,132,202,204,237,279,267,302,346,321,345,354,364,375,361,316,368,303,298,239,231,217,187,178,166,136,118,89,96,51,48,48,41,30,23,22,21,10,11,3,7,2,4,4]},"grad_neuron_1":0.015110272331150127,"class_samples":{"size":741,"_type":"table-file","_latest_artifact_path":"wandb-client-artifact://rle88wwcpue7hc4epwy5wk2mclpzd5iicl01bej6ar7ho93km2oq7a0b2hacxmca16llz8mj73q4vjr75sk0cino39jmf6vv62fjpn7j7gmo7wxb4dg7ai7s3s2plq2l:latest/class_samples.table.json","ncols":2,"artifact_path":"wandb-client-artifact://rz811eqgn6xzc3xh3rqj1wwpbtl4khn9yvybd81v2bboiv1ov53c4yh7a9jrx5l38h4n01e3w8yeo4cgis9ban3lckv2tt3zz5yr08vlndjhokfnfp5rme6sm44epj6p/class_samples.table.json","log_mode":"IMMUTABLE","sha256":"bf1bad6fae2bb7eb4f63c64de5751c6c34c6eab3552119fba968a202bc3e1d7f","path":"media/table/class_samples_0_bf1bad6fae2bb7eb4f63.table.json","nrows":50},"grad_neuron_0":0.010204337910541102,"grad_neuron_3":0.037310224373350645,"grad_norm_layer1":0.24160009377686703,"test_accuracy":0.9071,"grad_neuron_2":0.014965576890968684,"epoch":10,"test_f1":0.9058494383014182,"_timestamp":1.7728973989407687e+09,"train_accuracy":0.9072,"train_loss":0.34009183032980245,"_wandb":{"runtime":42},"grad_neuron_4":0.0264992968388876}