{"grad_neuron_2":0.055818063378169476,"test_f1":0.6401937438323738,"train_loss":1.8592793498939812,"class_samples":{"size":741,"sha256":"bf1bad6fae2bb7eb4f63c64de5751c6c34c6eab3552119fba968a202bc3e1d7f","path":"media/table/class_samples_0_bf1bad6fae2bb7eb4f63.table.json","_latest_artifact_path":"wandb-client-artifact://xzo9d6m6s8zmufkq23jkvko4t9ahkg7kcyugg5k7iplfcl6ow564jnu1twazyr9f6rzfdjg3oic6gfrusmeibe90577k4frem5oghm1tsxyi760jxrmd69bl51ek2azj:latest/class_samples.table.json","nrows":50,"_type":"table-file","log_mode":"IMMUTABLE","artifact_path":"wandb-client-artifact://74c5i58kwxp9etnnsgiush577wv07gvrcyg25gmqm01ba7htq44l4c9lryo8apxquttdhq37losmayelfi7gwlwzlegd2hzifygg28nt06kf3zbk8lprhua6cig8syyv/class_samples.table.json","ncols":2},"_wandb":{"runtime":24},"_timestamp":1.772980886646164e+09,"grad_norm_layer1":0.4917509598347189,"grad_neuron_0":0.06464372261384836,"activation_hist_layer1":{"values":[13,35,107,188,253,410,589,873,1098,1481,1978,2557,3193,3929,4839,5751,6838,8318,9443,10894,12410,13930,15489,17095,18415,19365,20613,21745,22911,23872,24802,25068,25245,25357,25390,25176,24572,23730,22672,21689,20080,18706,17215,15283,13463,11652,9990,8390,7229,5828,4761,3902,3141,2376,1751,1315,926,624,436,278,169,85,46,21],"bins":[0.05807703078823895,0.07147319436168073,0.08486935793512251,0.0982655215085643,0.11166168508200608,0.12505784865544786,0.13845401222888964,0.15185017580233143,0.1652463393757732,0.178642502949215,0.19203866652265678,0.20543483009609856,0.21883099366954034,0.23222715724298212,0.2456233208164239,0.25901948438986566,0.2724156479633075,0.2858118115367493,0.29920797511019104,0.31260413868363285,0.3260003022570746,0.33939646583051636,0.35279262940395817,0.3661887929774,0.37958495655084173,0.3929811201242835,0.4063772836977253,0.4197734472711671,0.43316961084460887,0.4465657744180506,0.45996193799149243,0.47335810156493424,0.486754265138376,0.5001504287118177,0.5135465922852596,0.5269427558587014,0.5403389194321431,0.5537350830055849,0.5671312465790268,0.5805274101524684,0.5939235737259103,0.607319737299352,0.6207159008727938,0.6341120644462357,0.6475082280196773,0.6609043915931192,0.6743005551665611,0.6876967187400027,0.7010928823134446,0.7144890458868862,0.7278852094603281,0.74128137303377,0.7546775366072116,0.7680737001806535,0.7814698637540953,0.794866027327537,0.8082621909009788,0.8216583544744205,0.8350545180478623,0.8484506816213042,0.8618468451947459,0.8752430087681877,0.8886391723416296,0.9020353359150712,0.9154314994885131],"_type":"histogram"},"grad_neuron_1":0.045843803394917546,"grad_neuron_4":0.03696085512426226,"_step":6,"test_accuracy":0.6595,"train_accuracy":0.6698,"_runtime":24,"grad_neuron_3":0.07199554130980476,"epoch":5}