{"train_accuracy":0.177,"class_samples":{"log_mode":"IMMUTABLE","ncols":2,"size":741,"artifact_path":"wandb-client-artifact://8k5tweewuby3k9tk5vohwdr3tefv614kso2eg3t1bxk9fxzjc3k1ff3wu3mlgmy34djihdwqvco1owz9kgbf8yyrc3mosy183fv8vjcjn9y4saalqh6kfgak4j5b8cqy/class_samples.table.json","_latest_artifact_path":"wandb-client-artifact://tix1mb1gp5cdzkfbhgea0i420v79b0zgu9ovnlr8gomcsna7indgdcuqzmmdoz29qvd1mndwd5ov4c1vvsldyht31shrn04mloslz9p5zpabvpca548pa57weq8pd743:latest/class_samples.table.json","path":"media/table/class_samples_0_bf1bad6fae2bb7eb4f63.table.json","_type":"table-file","sha256":"bf1bad6fae2bb7eb4f63c64de5751c6c34c6eab3552119fba968a202bc3e1d7f","nrows":50},"_timestamp":1.772983447632636e+09,"train_loss":0.9003821833767689,"_step":6,"grad_neuron_1":0.0022404709013144736,"grad_norm_layer1":0.024917693011765756,"grad_neuron_4":0.0015475537219111887,"_runtime":24,"test_accuracy":0.1902,"_wandb":{"runtime":24},"grad_neuron_2":0.003749514069490372,"test_f1":0.08454147785892877,"activation_hist_layer1":{"_type":"histogram","values":[3,3,5,15,41,66,147,206,307,475,644,876,1269,1664,2359,2975,3858,4992,6344,7746,9462,11728,13621,15947,18263,20696,22895,25033,27227,28979,30407,31406,31991,31926,31100,29858,28457,26604,24838,22683,20130,17810,15623,13373,11365,9601,7857,6485,5129,4053,3178,2404,1825,1327,932,667,435,279,184,119,64,30,9,5],"bins":[0.09390412392652316,0.10668213318249134,0.11946014243845952,0.1322381516944277,0.1450161609503959,0.1577941702063641,0.17057217946233227,0.18335018871830044,0.19612819797426864,0.20890620723023684,0.221684216486205,0.23446222574217318,0.2472402349981414,0.2600182442541096,0.27279625351007775,0.2855742627660459,0.29835227202201414,0.3111302812779823,0.3239082905339505,0.3366862997899187,0.3494643090458869,0.36224231830185505,0.3750203275578232,0.3877983368137914,0.4005763460697596,0.4133543553257278,0.42613236458169595,0.4389103738376642,0.45168838309363235,0.4644663923496005,0.4772444016055687,0.4900224108615369,0.5028004201175051,0.5155784293734733,0.5283564386294415,0.5411344478854097,0.5539124571413778,0.566690466397346,0.5794684756533143,0.5922464849092824,0.6050244941652506,0.6178025034212188,0.630580512677187,0.6433585219331551,0.6561365311891233,0.6689145404450915,0.6816925497010596,0.6944705589570279,0.7072485682129961,0.7200265774689643,0.7328045867249324,0.7455825959809006,0.7583606052368688,0.7711386144928369,0.7839166237488052,0.7966946330047734,0.8094726422607416,0.8222506515167097,0.8350286607726779,0.8478066700286461,0.8605846792846142,0.8733626885405825,0.8861406977965507,0.8989187070525189,0.911696716308487]},"grad_neuron_0":0.004579330096806385,"grad_neuron_3":0.0019266782564004434,"epoch":5}