{"grad_norm_layer1":2.385888203596372,"test_accuracy":0.9036,"_step":56292,"train_loss":0.015100539350959383,"grad_neuron_1":0.38563299304797777,"grad_neuron_2":0.13005863004469514,"grad_neuron_4":0.013214319401801775,"test_f1":0.9023518933161728,"_runtime":35,"class_samples":{"sha256":"bf1bad6fae2bb7eb4f63c64de5751c6c34c6eab3552119fba968a202bc3e1d7f","artifact_path":"wandb-client-artifact://9ogjjcp78q36vlj34so4rsztwrqy2kwko76jpy06ytfcw1xnlqvz1zu2ds3czkhcsk1jps6t9rjq8nf4qm31v892brvi2phzj0kymmura8nqp3ckm6vxq7d161pjeae2/class_samples.table.json","_latest_artifact_path":"wandb-client-artifact://1arqjafl149csje8y2l90c95yy4gylfpt97k5aad92hssz435u3zr7030s19udfuoq8kat1friwk2jr39g5vtwsidrwxt73ztz9h60mmd4nqwynxsy3cs7jksc45183q:latest/class_samples.table.json","_type":"table-file","log_mode":"IMMUTABLE","path":"media/table/class_samples_0_bf1bad6fae2bb7eb4f63.table.json","ncols":2,"nrows":50,"size":741},"grad_neuron_0":0.0424574546026283,"activation_hist_layer1":{"_type":"histogram","values":[2121,94,106,100,97,119,95,93,88,91,90,83,70,71,63,81,64,57,62,44,43,32,40,27,30,28,25,23,19,18,27,15,18,9,6,5,5,5,3,2,0,5,3,2,1,3,2,1,1,0,3,0,0,2,0,2,1,0,0,0,0,0,0,1],"bins":[0,0.025951840010695525,0.05190368002139105,0.07785552003208657,0.1038073600427821,0.12975920005347763,0.15571104006417313,0.18166288007486867,0.2076147200855642,0.23356656009625973,0.25951840010695526,0.28547024011765076,0.31142208012834627,0.3373739201390418,0.36332576014973733,0.3892776001604329,0.4152294401711284,0.4411812801818239,0.46713312019251946,0.49308496020321496,0.5190368002139105,0.544988640224606,0.5709404802353015,0.596892320245997,0.6228441602566925,0.6487960002673882,0.6747478402780837,0.7006996802887792,0.7266515202994747,0.7526033603101702,0.7785552003208658,0.8045070403315613,0.8304588803422568,0.8564107203529523,0.8823625603636478,0.9083144003743434,0.9342662403850389,0.9602180803957344,0.9861699204064299,1.0121217604171255,1.038073600427821,1.0640254404385165,1.089977280449212,1.1159291204599076,1.141880960470603,1.1678328004812986,1.193784640491994,1.2197364805026896,1.245688320513385,1.2716401605240808,1.2975920005347763,1.3235438405454718,1.3494956805561673,1.3754475205668628,1.4013993605775583,1.4273512005882538,1.4533030405989493,1.4792548806096448,1.5052067206203403,1.531158560631036,1.5571104006417316,1.583062240652427,1.6090140806631226,1.634965920673818,1.6609177606845136]},"_wandb":{"runtime":35},"_timestamp":1.772900162330046e+09,"grad_neuron_3":0.4601282696095691,"train_accuracy":0.9050833333333334,"epoch":10}