{"epoch":10,"grad_neuron_0":0.009241705540146162,"_runtime":49,"test_accuracy":0.1157,"_timestamp":1.7728986600149097e+09,"grad_neuron_4":0.004720534081827916,"test_f1":0.021654569967613488,"grad_neuron_3":0.00786991025125956,"_wandb":{"runtime":49},"grad_neuron_2":0.005212658222231201,"train_loss":0.08960286381126908,"_step":56292,"class_samples":{"nrows":50,"log_mode":"IMMUTABLE","size":741,"path":"media/table/class_samples_0_bf1bad6fae2bb7eb4f63.table.json","ncols":2,"sha256":"bf1bad6fae2bb7eb4f63c64de5751c6c34c6eab3552119fba968a202bc3e1d7f","_type":"table-file","_latest_artifact_path":"wandb-client-artifact://olcos2qu3tvw7etkaeyurvv9ib4r9yae6dcddfybul0otigux95j0k7xpc6t4q6cyhptjuojy1d6l573m5kj66r7ma7u5r21sd3mf3xw15xbs7h04cebmiaqwpl85csi:latest/class_samples.table.json","artifact_path":"wandb-client-artifact://84iieyynekoe8nsbz06xndgtt61d3t5eco0ie2fhrbfgy8ddptzdwtaaxk83vsd279a4785d8siudsrvyi0sa9942jtjvafhg0ogbldr80c010liiciu7tlyw6ymzgul/class_samples.table.json"},"train_accuracy":0.1128,"activation_hist_layer1":{"_type":"histogram","values":[2,0,1,0,3,10,8,11,14,11,21,28,37,41,67,60,73,82,102,103,135,124,208,181,220,244,260,306,314,340,330,378,345,344,308,347,341,314,271,297,296,238,205,195,169,143,117,107,93,75,64,50,35,34,20,27,10,9,7,8,1,5,2,1],"bins":[0.15384615487508016,0.16464684658373774,0.17544753829239532,0.1862482300010529,0.19704892170971047,0.20784961341836805,0.21865030512702566,0.2294509968356832,0.2402516885443408,0.25105238025299836,0.26185307196165597,0.2726537636703135,0.2834544553789711,0.2942551470876287,0.3050558387962863,0.3158565305049439,0.32665722221360144,0.337457913922259,0.3482586056309166,0.3590592973395742,0.36985998904823175,0.3806606807568893,0.3914613724655469,0.4022620641742045,0.4130627558828621,0.4238634475915196,0.4346641393001772,0.4454648310088348,0.45626552271749243,0.46706621442614993,0.47786690613480753,0.48866759784346514,0.49946828955212275,0.5102689812607804,0.5210696729694378,0.5318703646780955,0.5426710563867531,0.5534717480954107,0.5642724398040682,0.5750731315127258,0.5858738232213834,0.596674514930041,0.6074752066386985,0.6182758983473561,0.6290765900560137,0.6398772817646713,0.6506779734733288,0.6614786651819864,0.672279356890644,0.6830800485993016,0.6938807403079591,0.7046814320166167,0.7154821237252743,0.7262828154339319,0.7370835071425894,0.747884198851247,0.7586848905599046,0.7694855822685622,0.7802862739772197,0.7910869656858773,0.8018876573945349,0.8126883491031925,0.82348904081185,0.8342897325205076,0.8450904242291652]},"grad_norm_layer1":0.08236256992224898,"grad_neuron_1":0.0032423423555315977}