{"epoch":5,"train_accuracy":0.8018,"grad_neuron_0":0.08784073896482013,"grad_neuron_1":0.20003090389985415,"grad_neuron_2":0.0263568741962063,"_wandb":{"runtime":36},"grad_norm_layer1":0.8854397340083702,"class_samples":{"_type":"table-file","size":741,"artifact_path":"wandb-client-artifact://304186il274xvsszrjoyxu7z4bwa1p5wvis3goqayouq1pfltt0kmh7q91omqwc06oxpga0e8lkhltvgjgu184gr4w9bhc0ywp5qujl2x7a8t0mpmb57gnlgbftqj17k/class_samples.table.json","ncols":2,"_latest_artifact_path":"wandb-client-artifact://w886hj4za51u36v6h4vx95fbed3i8e5wxial7y37g4a82rfkeekqwzgwqgsdprbggf2x05dnur83l91lddke5riqe3yxfxh8u3yvyicbxa3l9z0i70vj4zl799d5iwcc:latest/class_samples.table.json","log_mode":"IMMUTABLE","path":"media/table/class_samples_0_bf1bad6fae2bb7eb4f63.table.json","nrows":50,"sha256":"bf1bad6fae2bb7eb4f63c64de5751c6c34c6eab3552119fba968a202bc3e1d7f"},"grad_neuron_3":0.07076451003718463,"test_f1":0.7935307786248958,"_runtime":36,"test_accuracy":0.803,"activation_hist_layer1":{"bins":[0,0.07838792025192455,0.1567758405038491,0.23516376075577367,0.3135516810076982,0.39193960125962274,0.47032752151154733,0.5487154417634719,0.6271033620153964,0.7054912822673209,0.7838792025192455,0.86226712277117,0.9406550430230947,1.019042963275019,1.0974308835269437,1.1758188037788682,1.2542067240307928,1.3325946442827175,1.4109825645346419,1.4893704847865665,1.567758405038491,1.6461463252904156,1.72453424554234,1.8029221657942647,1.8813100860461893,1.9596980062981137,2.038085926550038,2.116473846801963,2.1948617670538875,2.273249687305812,2.3516376075577363,2.430025527809661,2.5084134480615856,2.5868013683135103,2.665189288565435,2.743577208817359,2.8219651290692838,2.9003530493212084,2.978740969573133,3.0571288898250573,3.135516810076982,3.2139047303289066,3.292292650580831,3.370680570832756,3.44906849108468,3.5274564113366047,3.6058443315885294,3.684232251840454,3.7626201720923786,3.841008092344303,3.9193960125962275,3.997783932848152,4.076171853100076,4.154559773352001,4.232947693603926,4.31133561385585,4.389723534107775,4.4681114543597,4.546499374611624,4.624887294863549,4.703275215115473,4.781663135367397,4.860051055619322,4.938438975871247,5.016826896123171],"_type":"histogram","values":[501651,68422,68178,66446,63639,60166,56322,50708,45714,40542,36088,32442,27965,24448,21478,18534,15849,13656,11399,9626,8025,6831,5773,4727,3876,3253,2710,2224,1824,1474,1186,910,765,640,522,383,323,248,212,140,133,130,90,74,51,38,41,23,18,23,13,14,8,8,5,3,2,1,1,1,3,0,0,1]},"grad_neuron_4":0.03085637851298615,"_step":6,"_timestamp":1.7729852942734983e+09,"train_loss":0.4093652786258703}