{"_step":56292,"train_accuracy":0.9545833333333333,"grad_neuron_4":0.048811424600102266,"activation_hist_layer1":{"_type":"histogram","values":[4256,278,277,284,303,266,207,225,237,188,204,159,158,152,114,113,120,99,87,56,43,42,45,43,37,23,28,29,15,15,13,10,7,9,8,5,4,7,4,2,6,1,3,1,1,1,0,1,2,0,0,1,0,1,1,0,0,0,0,0,0,0,0,1],"bins":[0,0.035851261403691694,0.07170252280738339,0.10755378421107509,0.14340504561476677,0.17925630701845846,0.21510756842215017,0.25095882982584183,0.28681009122953355,0.32266135263322526,0.3585126140369169,0.39436387544060864,0.43021513684430035,0.466066398247992,0.5019176596516837,0.5377689210553754,0.5736201824590671,0.6094714438627588,0.6453227052664505,0.6811739666701422,0.7170252280738338,0.7528764894775256,0.7887277508812173,0.8245790122849089,0.8604302736886007,0.8962815350922924,0.932132796495984,0.9679840578996757,1.0038353193033673,1.0396865807070592,1.0755378421107509,1.1113891035144425,1.1472403649181342,1.1830916263218259,1.2189428877255175,1.2547941491292092,1.290645410532901,1.3264966719365927,1.3623479333402844,1.398199194743976,1.4340504561476677,1.4699017175513593,1.5057529789550512,1.5416042403587429,1.5774555017624345,1.6133067631661262,1.6491580245698179,1.6850092859735095,1.7208605473772014,1.756711808780893,1.7925630701845847,1.8284143315882764,1.864265592991968,1.9001168543956597,1.9359681157993514,1.9718193772030432,2.0076706386067347,2.0435219000104263,2.0793731614141184,2.11522442281781,2.1510756842215017,2.1869269456251934,2.222778207028885,2.2586294684325767,2.2944807298362684]},"train_loss":0.16984939399658766,"grad_neuron_1":0.010514379679917031,"test_accuracy":0.9488,"grad_norm_layer1":0.2970235942856451,"test_f1":0.9484622934454767,"_timestamp":1.7729009725172617e+09,"grad_neuron_2":0.03431771954783799,"epoch":10,"grad_neuron_0":0.007739403328964263,"_runtime":39,"class_samples":{"artifact_path":"wandb-client-artifact://udbsgsa69x3jtc65zskp6b1p2urr0ffhv3dp4uf7v4wpdae3mtvjtsbdmuna7rzbc45qawxi93av54p6xd50zni6ffw0alj1zqzgf4uoo6rijhn2p1i4vrrnw2uvredx/class_samples.table.json","_type":"table-file","ncols":2,"log_mode":"IMMUTABLE","size":741,"path":"media/table/class_samples_0_bf1bad6fae2bb7eb4f63.table.json","sha256":"bf1bad6fae2bb7eb4f63c64de5751c6c34c6eab3552119fba968a202bc3e1d7f","nrows":50,"_latest_artifact_path":"wandb-client-artifact://mhrvxg9nonj08zsme0g5ou8evp7u5lsbfmcgkdcjxkwh37nmej1io0cw6ggnr45lkndmxwt86r4r960oly9i6wzwud5gcsfacowtxnylhlebpioqudrrhd2u27nu3jor:latest/class_samples.table.json"},"grad_neuron_3":0.008379655282907388,"_wandb":{"runtime":39}}