{"class_samples":{"ncols":2,"log_mode":"IMMUTABLE","_type":"table-file","size":741,"path":"media/table/class_samples_0_bf1bad6fae2bb7eb4f63.table.json","artifact_path":"wandb-client-artifact://b9j4vv7mygvkr29t7c6xa29222ik5u7jigr2vglwsspxojktfix4txmus99gqm0y9liqtvezr7ovj9araczdplcfcynsyukkwj3bs71jrxjgwfd96dpg26li611hpxsg/class_samples.table.json","nrows":50,"_latest_artifact_path":"wandb-client-artifact://jgb0neohw4lkwhwi2as19lfd4tf4gd7no7nvyk6up1fi63313bvd6rt4ruyappm5hthd7dtpbn6a5zfu9yj8h0c21bng7wgo2iddmb9dvo1073qst61mlragpeh1xy6z:latest/class_samples.table.json","sha256":"bf1bad6fae2bb7eb4f63c64de5751c6c34c6eab3552119fba968a202bc3e1d7f"},"grad_neuron_4":0,"train_loss":2.3024660301612365,"grad_norm_layer1":0,"_runtime":21,"train_accuracy":0.1084,"activation_hist_layer1":{"_type":"histogram","values":[0,0,0,0,0,0,0,0,0,0,0,0,0,0,0,0,0,0,0,0,0,0,0,0,0,0,0,0,0,0,0,0,1280000,0,0,0,0,0,0,0,0,0,0,0,0,0,0,0,0,0,0,0,0,0,0,0,0,0,0,0,0,0,0,0],"bins":[-0.5,-0.484375,-0.46875,-0.453125,-0.4375,-0.421875,-0.40625,-0.390625,-0.375,-0.359375,-0.34375,-0.328125,-0.3125,-0.296875,-0.28125,-0.265625,-0.25,-0.234375,-0.21875,-0.203125,-0.1875,-0.171875,-0.15625,-0.140625,-0.125,-0.109375,-0.09375,-0.078125,-0.0625,-0.046875,-0.03125,-0.015625,0,0.015625,0.03125,0.046875,0.0625,0.078125,0.09375,0.109375,0.125,0.140625,0.15625,0.171875,0.1875,0.203125,0.21875,0.234375,0.25,0.265625,0.28125,0.296875,0.3125,0.328125,0.34375,0.359375,0.375,0.390625,0.40625,0.421875,0.4375,0.453125,0.46875,0.484375,0.5]},"test_accuracy":0.1152,"epoch":1,"grad_neuron_3":0,"grad_neuron_1":0,"_step":2,"test_f1":0.02065997130559541,"grad_neuron_2":0,"_timestamp":1.7729921147631354e+09,"grad_neuron_0":0,"_wandb":{"runtime":21}}