{"grad_norm_layer1":0.031465130043882246,"train_accuracy":0.11208333333333333,"epoch":10,"_timestamp":1.7729077455995457e+09,"class_samples":{"ncols":2,"sha256":"bf1bad6fae2bb7eb4f63c64de5751c6c34c6eab3552119fba968a202bc3e1d7f","nrows":50,"size":741,"_type":"table-file","artifact_path":"wandb-client-artifact://t7wvm059p13b9y6aaqsvjtn9dhlpdpiqwen90kgp6lk0haz2ezvkdiwh7th0e4xp6cbixk83sfwipfyss0dortfr121fq5rtxlqlf0orxt19xov2h2ue5vhzyhljufnm/class_samples.table.json","_latest_artifact_path":"wandb-client-artifact://ikmxtxmn45qq74oy9yzmur5js1pdi76ns95qljh6g12s508u6cb2y16hkkg0ugatr6i4w7zgbhzde87fnlnxz630tfmsmu1r6m68ewgrhdph07qs7agtbvn5n6nelip2:latest/class_samples.table.json","log_mode":"IMMUTABLE","path":"media/table/class_samples_0_bf1bad6fae2bb7eb4f63.table.json"},"grad_neuron_0":0.001422133431161286,"test_accuracy":0.1152,"grad_neuron_3":0.0034171575694083235,"_runtime":77,"_wandb":{"runtime":77},"test_f1":0.02065997130559541,"activation_hist_layer1":{"bins":[0.13250838932831896,0.1445162278895469,0.15652406645077482,0.16853190501200277,0.18053974357323072,0.19254758213445866,0.2045554206956866,0.21656325925691453,0.22857109781814247,0.24057893637937042,0.25258677494059834,0.2645946135018263,0.2766024520630542,0.2886102906242822,0.3006181291855101,0.312625967746738,0.324633806307966,0.3366416448691939,0.3486494834304219,0.3606573219916498,0.37266516055287774,0.3846729991141057,0.3966808376753336,0.4086886762365616,0.42069651479778947,0.43270435335901747,0.44471219192024536,0.45672003048147336,0.46872786904270125,0.48073570760392914,0.49274354616515714,0.504751384726385,0.516759223287613,0.5287670618488409,0.5407749004100689,0.5527827389712968,0.5647905775325248,0.5767984160937527,0.5888062546549806,0.6008140932162086,0.6128219317774365,0.6248297703386645,0.6368376088998924,0.6488454474611204,0.6608532860223483,0.6728611245835763,0.6848689631448042,0.6968768017060322,0.7088846402672601,0.720892478828488,0.732900317389716,0.7449081559509438,0.7569159945121718,0.7689238330733997,0.7809316716346277,0.7929395101958556,0.8049473487570835,0.8169551873183115,0.8289630258795394,0.8409708644407674,0.8529787030019953,0.8649865415632233,0.8769943801244512,0.8890022186856792,0.9010100572469071],"_type":"histogram","values":[3,2,4,5,2,12,6,17,27,38,30,42,47,67,73,99,104,127,139,175,176,220,220,280,297,302,317,348,359,332,375,358,347,343,312,315,304,278,246,247,190,186,152,121,98,99,89,51,51,47,25,24,18,11,5,11,5,4,5,2,2,0,0,1]},"grad_neuron_4":0.0021571207568661936,"train_loss":2.298480131652204,"grad_neuron_1":0.003627125704900313,"_step":56292,"grad_neuron_2":0.002527502921682595}