{"_timestamp":1.7728996182046876e+09,"test_accuracy":0.9636,"grad_norm_layer1":2.709683607602232,"_wandb":{"runtime":41},"grad_neuron_3":0.22303451243702216,"grad_neuron_2":0.23360667074026076,"epoch":10,"activation_hist_layer1":{"_type":"histogram","values":[4,7,9,8,12,20,25,23,32,44,44,58,57,58,54,64,79,88,78,89,94,93,109,113,102,109,96,108,111,117,120,120,109,117,101,128,114,105,93,108,94,97,102,104,78,77,77,74,56,60,53,48,38,30,24,13,17,12,7,5,3,1,2,4],"bins":[-0.8879595217275543,-0.858939071070687,-0.8299186204138196,-0.8008981697569523,-0.771877719100085,-0.7428572684432176,-0.7138368177863503,-0.6848163671294829,-0.6557959164726156,-0.6267754658157483,-0.5977550151588809,-0.5687345645020135,-0.5397141138451462,-0.5106936631882789,-0.48167321253141154,-0.4526527618745442,-0.42363231121767686,-0.39461186056080955,-0.36559140990394223,-0.3365709592470748,-0.3075505085902075,-0.2785300579333402,-0.24950960727647276,-0.22048915661960544,-0.19146870596273813,-0.16244825530587081,-0.1334278046490035,-0.10440735399213608,-0.07538690333526876,-0.04636645267840145,-0.017346002021534024,0.01167444863533329,0.040694899292200604,0.06971534994906792,0.09873580060593523,0.12775625126280266,0.15677670191966986,0.18579715257653728,0.2148176032334047,0.2438380538902719,0.27285850454713934,0.30187895520400676,0.33089940586087396,0.3599198565177414,0.3889403071746088,0.417960757831476,0.44698120848834344,0.47600165914521064,0.5050221098020781,0.5340425604589455,0.5630630111158127,0.5920834617726801,0.6211039124295473,0.6501243630864147,0.6791448137432822,0.7081652644001494,0.7371857150570168,0.7662061657138842,0.7952266163707514,0.8242470670276189,0.8532675176844863,0.8822879683413535,0.9113084189982209,0.9403288696550881,0.9693493203119554]},"test_f1":0.9633329320227497,"train_accuracy":0.9803,"train_loss":0.0034555294822565933,"grad_neuron_1":0.23591522771386028,"_step":56292,"_runtime":41,"grad_neuron_0":0.4377579703783072,"grad_neuron_4":0.5704433283247804,"class_samples":{"_latest_artifact_path":"wandb-client-artifact://plf8w21128ndcf80g0mc4gwuz5mhlk4fq2m2qat1fq5isw4gury59eay1y3oymvkoiczow3itqh1yxhtzln0rzwo8mgzzu5sqsu9m4n159dtwsnar2kmykfiy9eab7ks:latest/class_samples.table.json","sha256":"bf1bad6fae2bb7eb4f63c64de5751c6c34c6eab3552119fba968a202bc3e1d7f","nrows":50,"size":741,"_type":"table-file","path":"media/table/class_samples_0_bf1bad6fae2bb7eb4f63.table.json","log_mode":"IMMUTABLE","ncols":2,"artifact_path":"wandb-client-artifact://8e5esw5jwerser1xp877eh71qanqdtxyoebf7omz4rv7xfy9dgtq9prznvmhccsyybzn7xf6xfyrff3hgkblc1rqyzk12vfincb8o4aoq1drwc7fsbxfl407skv7y9oq/class_samples.table.json"}}