{"class_samples":{"path":"media/table/class_samples_0_bf1bad6fae2bb7eb4f63.table.json","artifact_path":"wandb-client-artifact://1hti38r5s7rcewsp0ybwr40718y8c9ws41k4y2llckxm3wp7m0wvg7jeuy6lx64hyg7aeirtrdt107uoc8rdi9ku8hfldnmj7i85hobl8ky46v36falf7snzv5r13rpo/class_samples.table.json","_type":"table-file","sha256":"bf1bad6fae2bb7eb4f63c64de5751c6c34c6eab3552119fba968a202bc3e1d7f","nrows":50,"_latest_artifact_path":"wandb-client-artifact://jiml3jzprjq6clfey0irkhl0y04lrp4d4er0eqlvw1pnnzoqb4ofibe9j0otgk25xeob65hw25iv6cfgmg2n6b4y025gfohywngpxrq7osc33h6xybedpatmbthq58qi:latest/class_samples.table.json","ncols":2,"size":741,"log_mode":"IMMUTABLE"},"test_accuracy":0.9725,"grad_neuron_4":8.394863561255868e-05,"train_loss":0.03575074560587044,"grad_norm_layer1":0.08451120071783563,"_step":56292,"test_f1":0.972371610383705,"_wandb":{"runtime":38},"grad_neuron_2":0.025641874824776846,"grad_neuron_0":5.2992738823113295e-05,"_runtime":38,"_timestamp":1.772900314410921e+09,"activation_hist_layer1":{"bins":[0,0.024723081748736688,0.049446163497473376,0.07416924524621006,0.09889232699494675,0.12361540874368344,0.14833849049242012,0.1730615722411568,0.1977846539898935,0.2225077357386302,0.2472308174873669,0.2719538992361036,0.29667698098484024,0.32140006273357696,0.3461231444823136,0.37084622623105035,0.395569307979787,0.4202923897285237,0.4450154714772604,0.46973855322599706,0.4944616349747338,0.5191847167234704,0.5439077984722072,0.5686308802209439,0.5933539619696805,0.6180770437184172,0.6428001254671539,0.6675232072158905,0.6922462889646273,0.716969370713364,0.7416924524621007,0.7664155342108373,0.791138615959574,0.8158616977083107,0.8405847794570473,0.8653078612057841,0.8900309429545208,0.9147540247032575,0.9394771064519941,0.9642001882007308,0.9889232699494676,1.0136463516982042,1.0383694334469409,1.0630925151956776,1.0878155969444143,1.112538678693151,1.1372617604418878,1.1619848421906243,1.186707923939361,1.2114310056880977,1.2361540874368344,1.2608771691855711,1.2856002509343079,1.3103233326830446,1.335046414431781,1.3597694961805178,1.3844925779292545,1.4092156596779912,1.433938741426728,1.4586618231754647,1.4833849049242014,1.5081079866729379,1.5328310684216746,1.5575541501704113,1.582277231919148],"_type":"histogram","values":[2132,92,90,96,104,111,94,84,77,85,86,77,68,60,48,50,73,57,56,26,53,52,48,35,37,28,32,21,22,21,13,22,18,11,11,10,18,11,10,8,4,4,4,5,4,3,3,2,3,3,1,2,0,3,0,1,0,0,0,0,5,1,0,1]},"grad_neuron_1":0.0032167723348624395,"epoch":10,"grad_neuron_3":0.0024204741274496317,"train_accuracy":0.9924166666666666}