{"_timestamp":1.77299244480194e+09,"grad_neuron_1":0.2450422364278535,"activation_hist_layer1":{"values":[429432,75190,74952,72867,70486,66327,61770,56230,50683,45801,40481,35470,31229,26902,23280,19917,17314,14556,12408,10458,8611,7264,5850,4645,3809,3056,2483,1873,1470,1155,862,688,515,401,305,227,210,166,106,88,71,72,49,45,42,22,28,25,27,10,20,6,10,8,4,7,3,4,6,0,1,0,1,2],"bins":[0,0.10277312939676367,0.20554625879352734,0.30831938819029103,0.4110925175870547,0.5138656469838183,0.6166387763805821,0.7194119057773457,0.8221850351741093,0.924958164570873,1.0277312939676366,1.1305044233644004,1.2332775527611641,1.3360506821579277,1.4388238115546914,1.541596940951455,1.6443700703482187,1.7471431997449824,1.849916329141746,1.9526894585385097,2.0554625879352733,2.1582357173320372,2.2610088467288008,2.3637819761255643,2.4665551055223283,2.569328234919092,2.6721013643158553,2.774874493712619,2.877647623109383,2.9804207525061464,3.08319388190291,3.185967011299674,3.2887401406964374,3.391513270093201,3.494286399489965,3.5970595288867284,3.699832658283492,3.802605787680256,3.9053789170770195,4.008152046473783,4.1109251758705465,4.21369830526731,4.3164714346640745,4.419244564060838,4.5220176934576015,4.624790822854365,4.727563952251129,4.830337081647892,4.9331102110446565,5.03588334044142,5.138656469838184,5.241429599234947,5.344202728631711,5.446975858028474,5.549748987425238,5.652522116822002,5.755295246218766,5.858068375615529,5.960841505012293,6.063614634409056,6.16638776380582,6.269160893202584,6.371934022599348,6.474707151996111,6.577480281392875],"_type":"histogram"},"class_samples":{"_type":"table-file","nrows":50,"sha256":"bf1bad6fae2bb7eb4f63c64de5751c6c34c6eab3552119fba968a202bc3e1d7f","artifact_path":"wandb-client-artifact://i2nc9fer5dr9qevg839j83smspycg34sdkv06wvlfpn7lch0idva3zfrjwy4igcbbfunsn8xmmtwyo61b78tnnmo4d6ldfc1b5re3zaw6ytz719q96xygfiea9dfwg9l/class_samples.table.json","_latest_artifact_path":"wandb-client-artifact://lvr5llp7zebyb3tqxs7zmazyt93mtori12zii3itw7zn49rbe4vjmhiegovb8ienmznk4z6791rqd7e75pxx7zav8jm3mf7rimsvaaw0epmmprjv7t5e5eayhkpulmit:latest/class_samples.table.json","log_mode":"IMMUTABLE","path":"media/table/class_samples_0_bf1bad6fae2bb7eb4f63.table.json","ncols":2,"size":741},"test_f1":0.8875832066962122,"grad_neuron_3":0.17511373589103155,"_runtime":25,"grad_norm_layer1":1.643278516798534,"train_loss":0.3942828605078672,"test_accuracy":0.889,"grad_neuron_2":0.14345720204633478,"grad_neuron_4":0.09186244724669095,"_wandb":{"runtime":25},"_step":11,"epoch":10,"train_accuracy":0.892,"grad_neuron_0":0.21001226244627735}