{"grad_neuron_1":3.768005437196222e-05,"grad_neuron_2":0.08557188507862211,"_step":6,"train_loss":0.048507492183497584,"test_accuracy":0.9733,"_wandb":{"runtime":35},"grad_neuron_3":0.07894358185008829,"test_f1":0.9731065746525811,"grad_norm_layer1":0.6868580389295761,"epoch":5,"grad_neuron_4":0.01010698405519239,"train_accuracy":0.9882,"activation_hist_layer1":{"_type":"histogram","values":[823915,52004,47034,43167,39800,35876,32124,28789,25650,22662,19991,17220,14629,12618,10699,8938,7642,6206,5358,4480,3714,3126,2510,2138,1728,1486,1155,989,819,654,529,424,350,293,240,193,163,118,102,94,68,55,51,44,34,24,24,17,16,12,12,0,2,6,3,1,0,1,1,0,0,1,0,1],"bins":[0,0.14682768201893678,0.29365536403787357,0.4404830460568103,0.5873107280757471,0.734138410094684,0.8809660921136206,1.0277937741325576,1.1746214561514943,1.321449138170431,1.468276820189368,1.6151045022083046,1.7619321842272413,1.9087598662461782,2.055587548265115,2.2024152302840516,2.3492429123029885,2.4960705943219255,2.642898276340862,2.789725958359799,2.936553640378736,3.0833813223976723,3.230209004416609,3.377036686435546,3.5238643684544826,3.6706920504734195,3.8175197324923564,3.9643474145112934,4.11117509653023,4.258002778549167,4.404830460568103,4.551658142587041,4.698485824605977,4.845313506624914,4.992141188643851,5.138968870662787,5.285796552681724,5.432624234700661,5.579451916719598,5.726279598738534,5.873107280757472,6.019934962776408,6.1667626447953445,6.313590326814282,6.460418008833218,6.607245690852155,6.754073372871092,6.900901054890029,7.047728736908965,7.1945564189279025,7.341384100946839,7.488211782965776,7.635039464984713,7.781867147003649,7.928694829022587,8.075522511041523,8.22235019306046,8.369177875079396,8.516005557098334,8.66283323911727,8.809660921136206,8.956488603155144,9.103316285174081,9.250143967193017,9.396971649211954]},"grad_neuron_0":4.1409319022520325e-05,"_timestamp":1.7729861385405176e+09,"class_samples":{"_latest_artifact_path":"wandb-client-artifact://x9euqttlgsmjusu5m7vind7qrzfexda3e47fb0i0q6focjtjfgmldkiwxc86pt5p18fiegylhnw0lgyq6cowysy4tz63kdt068roy93zhk4fs2jmoe0preza8gk3rw2l:latest/class_samples.table.json","log_mode":"IMMUTABLE","ncols":2,"path":"media/table/class_samples_0_bf1bad6fae2bb7eb4f63.table.json","artifact_path":"wandb-client-artifact://9nmapx5n74jipjdzinm64e1v655clbx79wffub92dhsv3482ysi7zpzaytkuwbq5xsp3mqrd50b88hw5cxsi6spxs6a80nmvyzm19gqfe9mbfqg2e8pn684dmp4k9k8j/class_samples.table.json","sha256":"bf1bad6fae2bb7eb4f63c64de5751c6c34c6eab3552119fba968a202bc3e1d7f","_type":"table-file","nrows":50,"size":741},"_runtime":35}