{"grad_neuron_0":0.09181292073402796,"_wandb":{"runtime":25},"test_f1":0.9120064554818148,"grad_norm_layer1":1.1734546731445896,"_runtime":25,"activation_hist_layer1":{"_type":"histogram","values":[2083,3969,5123,6284,6998,7670,8339,8851,9346,9727,10043,10271,10600,10712,11026,10846,11107,11103,11228,11104,11127,11142,11032,11274,11132,10998,11094,11225,11188,11179,11325,11202,11392,11324,11465,11422,11471,11338,11316,11499,11461,11643,11689,11566,11611,11372,11408,11114,11373,11313,11093,10615,10691,10468,10539,10095,9885,9488,8952,8341,7702,6746,5810,3450],"bins":[-0.9982927603299945,-0.9670730029676048,-0.9358532456052151,-0.9046334882428254,-0.8734137308804357,-0.842193973518046,-0.8109742161556563,-0.7797544587932668,-0.748534701430877,-0.7173149440684874,-0.6860951867060976,-0.654875429343708,-0.6236556719813183,-0.5924359146189286,-0.561216157256539,-0.5299963998941493,-0.4987766425317596,-0.4675568851693699,-0.4363371278069802,-0.4051173704445905,-0.3738976130822008,-0.34267785571981113,-0.31145809835742144,-0.28023834099503175,-0.24901858363264218,-0.2177988262702525,-0.1865790689078628,-0.1553593115454731,-0.12413955418308342,-0.09291979682069373,-0.061700039458304046,-0.030480282095914357,0.0007394752664753312,0.03195923262886491,0.06317898999125471,0.09439874735364429,0.12561850471603409,0.15683826207842366,0.18805801944081346,0.21927777680320304,0.25049753416559284,0.2817172915279824,0.3129370488903722,0.3441568062527618,0.3753765636151516,0.40659632097754117,0.43781607833993097,0.46903583570232055,0.5002555930647101,0.5314753504270999,0.5626951077894895,0.5939148651518793,0.6251346225142689,0.6563543798766587,0.6875741372390483,0.718793894601438,0.7500136519638276,0.7812334093262174,0.812453166688607,0.8436729240509968,0.8748926814133864,0.9061124387757762,0.9373321961381658,0.9685519535005556,0.999771710862945]},"test_accuracy":0.9132,"train_accuracy":0.9082,"grad_neuron_1":0.058814099517149505,"grad_neuron_2":0.15752936925694166,"_timestamp":1.7729831601813493e+09,"grad_neuron_4":0.32900214804922495,"train_loss":0.13830500371002324,"_step":6,"epoch":5,"class_samples":{"size":741,"nrows":50,"path":"media/table/class_samples_0_bf1bad6fae2bb7eb4f63.table.json","ncols":2,"_latest_artifact_path":"wandb-client-artifact://a1wysrcx4g2ukr1e7vwt87ea6vr9o6tgkl049mojo9r211hifhfz23t1veqizzff5ifktv6i7cifkjgllnwerxll7skt7vnmupcsrbtzkdek26xrtpnkz1wlap29x3g9:latest/class_samples.table.json","_type":"table-file","sha256":"bf1bad6fae2bb7eb4f63c64de5751c6c34c6eab3552119fba968a202bc3e1d7f","log_mode":"IMMUTABLE","artifact_path":"wandb-client-artifact://di0c99chyqnyyr4gfft6qqpt2gttrpdhhiilpue7zb9e4mtqbbrst6nvrej1sbm7866x08x8warzf22smu5xxtwqpjbe05pen54s3sb53a3g3oxw2vlaadksjsj9vqzj/class_samples.table.json"},"grad_neuron_3":0.07667626913914505}