{"grad_neuron_1":0.007999019256597377,"epoch":5,"grad_neuron_0":0.006558408167628439,"_timestamp":1.772982606950255e+09,"grad_neuron_3":0.002132475048536564,"test_f1":0.9570469667747055,"activation_hist_layer1":{"bins":[1.9170726825828695e-17,0.015625000000000007,0.031249999999999993,0.04687499999999998,0.062499999999999965,0.07812499999999994,0.09374999999999993,0.10937499999999992,0.1249999999999999,0.14062499999999992,0.1562499999999999,0.17187499999999986,0.18749999999999986,0.20312499999999986,0.21874999999999983,0.2343749999999998,0.2499999999999998,0.2656249999999998,0.2812499999999998,0.2968749999999997,0.3124999999999997,0.3281249999999997,0.34374999999999967,0.35937499999999967,0.37499999999999967,0.39062499999999967,0.40624999999999967,0.4218749999999996,0.4374999999999996,0.4531249999999996,0.46874999999999956,0.48437499999999956,0.49999999999999956,0.5156249999999996,0.5312499999999996,0.5468749999999996,0.5624999999999996,0.5781249999999994,0.5937499999999994,0.6093749999999994,0.6249999999999994,0.6406249999999994,0.6562499999999994,0.6718749999999994,0.6874999999999993,0.7031249999999993,0.7187499999999993,0.7343749999999993,0.7499999999999993,0.7656249999999993,0.7812499999999993,0.7968749999999993,0.8124999999999993,0.8281249999999992,0.8437499999999992,0.8593749999999992,0.8749999999999992,0.8906249999999992,0.9062499999999992,0.9218749999999992,0.9374999999999991,0.9531249999999991,0.9687499999999991,0.9843749999999991,0.9999999999999991],"_type":"histogram","values":[123622,28323,19251,14965,12259,10591,9409,8260,7611,7013,6356,6012,5604,5391,5056,4905,4657,4445,4268,4181,3973,3758,3811,3606,3560,3543,3520,3559,3515,3369,3559,3599,3651,3488,3445,3576,3505,3551,3630,3644,3733,3953,3837,3895,4113,4352,4479,4704,4897,5135,5223,5555,6088,6622,7096,7846,8505,9500,10701,12068,14537,18451,27096,93573]},"grad_norm_layer1":0.07676074179962421,"_wandb":{"runtime":33},"test_accuracy":0.9574,"_step":6,"train_accuracy":0.9674,"grad_neuron_2":0.00891802504909656,"_runtime":33,"train_loss":0.06243917383941925,"class_samples":{"log_mode":"IMMUTABLE","nrows":50,"_latest_artifact_path":"wandb-client-artifact://3m7o4nsdwup86m8g7nb6hl1ab11r5nak4rgber331gw81hf8wvvsknviyuq6i4pmj7kiqpng9jynad4zrtg7g6uuuc80hea45l8qfrx3tihyuauxqtgj9bkjxrwixqdk:latest/class_samples.table.json","_type":"table-file","ncols":2,"sha256":"bf1bad6fae2bb7eb4f63c64de5751c6c34c6eab3552119fba968a202bc3e1d7f","size":741,"path":"media/table/class_samples_0_bf1bad6fae2bb7eb4f63.table.json","artifact_path":"wandb-client-artifact://azty42soenmaled4uwo9bxhetgzax743c73ftvsqha892mh8mf6v8xqi0kbe7q86dokme77fueyzi7n060qnnxm02tz0pkkz0i9kk4i4d87zvni9rrvsj4wfg5tens6h/class_samples.table.json"},"grad_neuron_4":0.006650897631079397}