{"_runtime":104,"class_samples":{"_type":"table-file","nrows":50,"ncols":2,"path":"media/table/class_samples_0_bf1bad6fae2bb7eb4f63.table.json","log_mode":"IMMUTABLE","sha256":"bf1bad6fae2bb7eb4f63c64de5751c6c34c6eab3552119fba968a202bc3e1d7f","artifact_path":"wandb-client-artifact://btkno0vi57lp1ajwec0x3922xjqocnld5v3bxaln8o8v88f58rdlgs3j1rx5hrh77y1m6qvo0ln448pm1iyujc1yq05yeb1zdwskjt28paaxq3mggwgl4pagxxr9ykzx/class_samples.table.json","size":741,"_latest_artifact_path":"wandb-client-artifact://w27nfx5ykwp1hqxdkyv9gmdyr91z5txedjru387xvnzvt5j969f8odqe3ae5m3jx2risnodww4m827mu3rz1kjcrh2tiar1mk1tzr1kfb0h7ypvlho2bfjwbwywzv0m9:latest/class_samples.table.json"},"grad_neuron_4":0,"train_loss":2.302635707334293,"test_accuracy":0.1152,"grad_neuron_0":0,"epoch":10,"activation_hist_layer1":{"bins":[-0.5,-0.484375,-0.46875,-0.453125,-0.4375,-0.421875,-0.40625,-0.390625,-0.375,-0.359375,-0.34375,-0.328125,-0.3125,-0.296875,-0.28125,-0.265625,-0.25,-0.234375,-0.21875,-0.203125,-0.1875,-0.171875,-0.15625,-0.140625,-0.125,-0.109375,-0.09375,-0.078125,-0.0625,-0.046875,-0.03125,-0.015625,0,0.015625,0.03125,0.046875,0.0625,0.078125,0.09375,0.109375,0.125,0.140625,0.15625,0.171875,0.1875,0.203125,0.21875,0.234375,0.25,0.265625,0.28125,0.296875,0.3125,0.328125,0.34375,0.359375,0.375,0.390625,0.40625,0.421875,0.4375,0.453125,0.46875,0.484375,0.5],"_type":"histogram","values":[0,0,0,0,0,0,0,0,0,0,0,0,0,0,0,0,0,0,0,0,0,0,0,0,0,0,0,0,0,0,0,0,8192,0,0,0,0,0,0,0,0,0,0,0,0,0,0,0,0,0,0,0,0,0,0,0,0,0,0,0,0,0,0,0]},"grad_neuron_3":0,"_timestamp":1.7728964192252111e+09,"grad_neuron_1":0,"train_accuracy":0.11208333333333333,"grad_neuron_2":0,"grad_norm_layer1":0,"test_f1":0.02065997130559541,"_wandb":{"runtime":104},"_step":56292}