{"grad_norm_layer1":0.06469363069691869,"_timestamp":1.7728985977885277e+09,"grad_neuron_3":0.010770873085155553,"_runtime":41,"class_samples":{"_type":"table-file","artifact_path":"wandb-client-artifact://3m5q25gnnfdi28b119dubc1s34j6kdjpdavvgcx160j7a2326v3zr42qybu72tjcq2n7r2wn1c9sa09o65442y8aoy8rs8lehy4uinkbjknv64zxehhoavfl7kdafzqk/class_samples.table.json","nrows":50,"path":"media/table/class_samples_0_bf1bad6fae2bb7eb4f63.table.json","size":741,"sha256":"bf1bad6fae2bb7eb4f63c64de5751c6c34c6eab3552119fba968a202bc3e1d7f","ncols":2,"_latest_artifact_path":"wandb-client-artifact://1tad41yeqs0g62mnopqq3l2mumda0ycigilee4g8mb2c3i1oahlvjfup2e7rh5qqljpxpt56lkq3hmhq3wudzlu16iejhq7lwoe3l9rwim794m96f5gs17gls0zme6po:latest/class_samples.table.json","log_mode":"IMMUTABLE"},"grad_neuron_2":0.0055453048196542586,"grad_neuron_4":0.008470527057653597,"epoch":10,"train_accuracy":0.11208333333333333,"test_accuracy":0.1152,"_wandb":{"runtime":41},"train_loss":0.0897512998868459,"grad_neuron_1":0.006273617319615651,"activation_hist_layer1":{"bins":[0.14613768426062135,0.15681843436203236,0.1674991844634434,0.1781799345648544,0.18886068466626543,0.19954143476767644,0.21022218486908745,0.22090293497049848,0.23158368507190952,0.24226443517332052,0.25294518527473153,0.26362593537614254,0.27430668547755355,0.2849874355789646,0.2956681856803756,0.3063489357817867,0.3170296858831977,0.3277104359846087,0.3383911860860197,0.3490719361874307,0.3597526862888417,0.3704334363902527,0.3811141864916638,0.3917949365930748,0.4024756866944858,0.4131564367958968,0.42383718689730787,0.4345179369987189,0.4451986871001299,0.4558794372015409,0.46656018730295196,0.47724093740436296,0.48792168750577397,0.498602437607185,0.5092831877085959,0.519963937810007,0.5306446879114181,0.5413254380128291,0.5520061881142401,0.5626869382156512,0.5733676883170622,0.5840484384184732,0.5947291885198842,0.6054099386212952,0.6160906887227062,0.6267714388241172,0.6374521889255282,0.6481329390269392,0.6588136891283503,0.6694944392297613,0.6801751893311723,0.6908559394325834,0.7015366895339944,0.7122174396354054,0.7228981897368164,0.7335789398382274,0.7442596899396384,0.7549404400410494,0.7656211901424604,0.7763019402438714,0.7869826903452826,0.7976634404466936,0.8083441905481046,0.8190249406495156,0.8297056907509266],"_type":"histogram","values":[1,2,1,1,3,4,3,6,8,13,14,21,26,20,28,34,44,41,51,56,92,82,101,91,110,122,130,145,158,144,156,145,165,135,157,179,167,152,176,129,137,129,102,94,83,72,73,52,42,42,29,28,15,24,22,8,12,6,3,2,2,1,3,2]},"_step":56292,"test_f1":0.02065997130559541,"grad_neuron_0":0.00567418468803168}