{"grad_neuron_2":0.011647662551813414,"train_loss":1.6577695605736893,"grad_neuron_4":0.004611290263982037,"grad_norm_layer1":0.24386430032683076,"grad_neuron_3":0.036520628042405155,"grad_neuron_0":0.007424738830371327,"_step":56292,"grad_neuron_1":0.01587121287548309,"_runtime":82,"_timestamp":1.772897552824587e+09,"test_accuracy":0.4976,"epoch":10,"train_accuracy":0.49535,"_wandb":{"runtime":82},"test_f1":0.4306005971242257,"activation_hist_layer1":{"values":[4,0,1,1,4,5,5,9,4,15,19,24,22,35,31,61,86,94,110,102,129,158,192,175,253,280,289,287,323,334,354,376,345,381,378,350,362,279,273,288,288,214,203,159,167,121,105,102,79,74,48,54,37,27,27,18,11,5,4,3,2,4,1,1],"bins":[0.11158332896682739,0.1233958802727962,0.135208431578765,0.1470209828847338,0.15883353419070262,0.17064608549667143,0.18245863680264024,0.19427118810860905,0.20608373941457786,0.21789629072054667,0.22970884202651548,0.2415213933324843,0.25333394463845305,0.26514649594442186,0.27695904725039067,0.2887715985563595,0.3005841498623283,0.3123967011682971,0.3242092524742659,0.3360218037802347,0.34783435508620353,0.35964690639217234,0.37145945769814115,0.38327200900410996,0.3950845603100787,0.4068971116160475,0.41870966292201633,0.43052221422798514,0.44233476553395396,0.45414731683992277,0.4659598681458916,0.4777724194518604,0.4895849707578292,0.5013975220637981,0.5132100733697669,0.5250226246757357,0.5368351759817045,0.5486477272876733,0.5604602785936421,0.5722728298996109,0.5840853812055797,0.5958979325115484,0.6077104838175172,0.6195230351234862,0.631335586429455,0.6431481377354238,0.6549606890413926,0.6667732403473614,0.6785857916533301,0.6903983429592989,0.7022108942652677,0.7140234455712365,0.7258359968772053,0.7376485481831742,0.749461099489143,0.7612736507951118,0.7730862021010806,0.7848987534070494,0.7967113047130182,0.808523856018987,0.8203364073249558,0.8321489586309246,0.8439615099368935,0.8557740612428623,0.8675866125488311],"_type":"histogram"},"class_samples":{"log_mode":"IMMUTABLE","size":741,"path":"media/table/class_samples_0_bf1bad6fae2bb7eb4f63.table.json","sha256":"bf1bad6fae2bb7eb4f63c64de5751c6c34c6eab3552119fba968a202bc3e1d7f","nrows":50,"artifact_path":"wandb-client-artifact://byjmcwx8x0grik35839nf3kdjfxg261davwr7hoek9o89uks90s4zowdern9ftiq3lgm3y2puf2rsn5m4mpvwg1et9pb7g80fuh9exclvyww6qohdpi3n6w0w62fdpqz/class_samples.table.json","_latest_artifact_path":"wandb-client-artifact://ppvqjsarqlbbvqevjpy9vy7yfcu299yx45zb6si1swnkygac7cwmrl18za9sx8v7652yj1lulx8ka2tukwwohbog5l2a2rlgd7uh4he1lxm0ahzaxcecu09lb1rn372o:latest/class_samples.table.json","ncols":2,"_type":"table-file"}}