{"grad_norm_layer1":1.017543983426262,"_timestamp":1.772898876453373e+09,"grad_neuron_1":0.050788828709337853,"activation_hist_layer1":{"bins":[-0.9207298932277793,-0.8916424906012163,-0.8625550879746533,-0.8334676853480902,-0.8043802827215272,-0.7752928800949642,-0.7462054774684012,-0.7171180748418382,-0.6880306722152751,-0.6589432695887121,-0.629855866962149,-0.6007684643355861,-0.571681061709023,-0.54259365908246,-0.513506256455897,-0.4844188538293339,-0.4553314512027709,-0.4262440485762079,-0.39715664594964484,-0.3680692433230819,-0.3389818406965188,-0.30989443806995576,-0.2808070354433928,-0.25171963281682974,-0.22263223019026668,-0.19354482756370373,-0.16445742493714066,-0.1353700223105776,-0.10628261968401465,-0.07719521705745158,-0.04810781443088852,-0.019020411804325565,0.010066990822237498,0.03915439344880056,0.06824179607536351,0.09732919870192658,0.12641660132848964,0.1555040039550527,0.18459140658161555,0.2136788092081786,0.24276621183474167,0.27185361446130474,0.3009410170878678,0.33002841971443087,0.3591158223409937,0.38820322496755677,0.41729062759411983,0.4463780302206829,0.47546543284724596,0.504552835473809,0.5336402381003719,0.5627276407269349,0.591815043353498,0.6209024459800611,0.6499898486066241,0.6790772512331872,0.70816465385975,0.7372520564863131,0.7663394591128762,0.7954268617394392,0.8245142643660023,0.8536016669925653,0.8826890696191282,0.9117764722456912,0.9408638748722543],"_type":"histogram","values":[5,8,10,25,29,46,56,58,66,72,94,100,87,110,135,139,157,140,168,179,201,194,199,213,203,212,212,209,226,219,215,219,232,224,236,208,223,213,207,191,190,153,202,159,143,140,142,140,141,126,103,102,104,88,71,63,46,34,36,29,16,13,8,3]},"grad_neuron_2":0.10618972034478001,"grad_neuron_4":0.05148704615903593,"_wandb":{"runtime":42},"train_loss":0.437145885820739,"grad_neuron_0":0.0449626662376118,"test_accuracy":0.886,"test_f1":0.8841976711715962,"class_samples":{"nrows":50,"ncols":2,"path":"media/table/class_samples_0_bf1bad6fae2bb7eb4f63.table.json","size":741,"log_mode":"IMMUTABLE","_latest_artifact_path":"wandb-client-artifact://lmwd5l0jugebzh4la7f2m0xuxa0t7f4h2sds2usw59oo2dqbzb2j7d592pos0n7fklojrplrr5p75kq0wkgb64eqqrzafwcmkgwbgkc56reu0qnlik97iwl8dptfk5j1:latest/class_samples.table.json","_type":"table-file","sha256":"bf1bad6fae2bb7eb4f63c64de5751c6c34c6eab3552119fba968a202bc3e1d7f","artifact_path":"wandb-client-artifact://vta586bg0w9j6nw1a68xh58t11ge474e02jdqew63cpm6opesdybwf9oaw6k45uadpid3yx3cghwd4gy6ylmzjwdi80en9d6f2xl0172kaedqq8rn5n75yxiyf22nbzx/class_samples.table.json"},"_step":56292,"epoch":10,"grad_neuron_3":0.09498452353245848,"_runtime":42,"train_accuracy":0.88795}