{"test_f1":0.9036668018318064,"grad_neuron_1":0.3074194214567479,"grad_neuron_2":0.1869820347386221,"activation_hist_layer1":{"values":[2,3,8,5,5,18,24,26,36,40,28,60,61,62,62,70,82,93,96,81,95,85,108,103,123,124,112,119,114,103,107,128,127,114,118,92,92,98,91,84,85,89,91,97,75,58,66,68,54,48,53,48,42,42,43,36,32,16,19,10,12,7,3,3],"bins":[-0.9324288001647346,-0.9027965809266223,-0.8731643616885099,-0.8435321424503975,-0.8138999232122852,-0.7842677039741728,-0.7546354847360605,-0.7250032654979481,-0.6953710462598357,-0.6657388270217234,-0.636106607783611,-0.6064743885454986,-0.5768421693073863,-0.547209950069274,-0.5175777308311615,-0.4879455115930493,-0.4583132923549369,-0.4286810731168246,-0.39904885387871214,-0.3694166346405998,-0.3397844154024875,-0.31015219616437506,-0.28051997692626274,-0.2508877576881504,-0.22125553845003798,-0.19162331921192566,-0.16199109997381334,-0.132358880735701,-0.10272666149758858,-0.07309444225947626,-0.04346222302136393,-0.013830003783251499,0.015802215454860824,0.04543443469297315,0.07506665393108547,0.1046988731691979,0.13433109240731034,0.16396331164542255,0.19359553088353498,0.22322775012164742,0.25285996935975963,0.28249218859787206,0.3121244078359845,0.3417566270740967,0.37138884631220914,0.4010210655503216,0.4306532847884338,0.4602855040265462,0.48991772326465866,0.5195499425027709,0.5491821617408833,0.5788143809789955,0.608446600217108,0.6380788194552204,0.6677110386933326,0.697343257931445,0.7269754771695575,0.7566076964076697,0.7862399156457821,0.8158721348838945,0.8455043541220068,0.8751365733601192,0.9047687925982316,0.9344010118363438,0.9640332310744564],"_type":"histogram"},"grad_neuron_0":0.09100175599405493,"grad_neuron_4":0.3901317806592026,"class_samples":{"artifact_path":"wandb-client-artifact://1qpjb9b93gjcoz9thvj3inzo9wma6yircyxtve7aogv58flhn9ppgm9ds5z05saagjgtmhr88w98kv8el37aqys4q2l27pbuigmvecyzzoydo5budtlzuwvr879l9ivv/class_samples.table.json","sha256":"bf1bad6fae2bb7eb4f63c64de5751c6c34c6eab3552119fba968a202bc3e1d7f","ncols":2,"log_mode":"IMMUTABLE","size":741,"path":"media/table/class_samples_0_bf1bad6fae2bb7eb4f63.table.json","nrows":50,"_latest_artifact_path":"wandb-client-artifact://q763g4h0rqe3xw1abepesh9jq5jc4wo47amjmswp4l14xcplykawzmc5wmlvgqce3g4xveybd4bl6n0ghs7jjfbpxygm1d8vkos2o3oalbb2anyemecdihfrno6odypz:latest/class_samples.table.json","_type":"table-file"},"_timestamp":1.772901758072067e+09,"grad_norm_layer1":2.0446178679580544,"train_loss":0.014710364592611758,"_step":56292,"train_accuracy":0.9076333333333333,"epoch":10,"test_accuracy":0.9051,"_wandb":{"runtime":39},"grad_neuron_3":0.17950664273279254,"_runtime":39}