{"grad_neuron_3":0.11735393704099353,"test_accuracy":0.89,"grad_norm_layer1":1.3688459697563766,"grad_neuron_0":0.146322740697277,"_runtime":64,"_wandb":{"runtime":64},"activation_hist_layer1":{"values":[921,2157,2952,3883,5062,6184,7569,9043,10531,12079,13585,14998,16623,18254,19415,21099,22448,23579,24872,25940,27180,28135,28813,30030,30826,31192,31919,32287,32544,32477,32516,32284,32553,32174,32075,31899,31188,31332,30761,30369,29805,29275,28377,27491,26681,25712,24943,23549,22854,21676,19979,18759,16983,15527,13888,12096,10376,8649,6895,5380,3703,2361,1069,224],"bins":[-0.9956303230579332,-0.9646991209948763,-0.9337679189318194,-0.9028367168687625,-0.8719055148057056,-0.8409743127426488,-0.8100431106795918,-0.7791119086165349,-0.748180706553478,-0.7172495044904211,-0.6863183024273642,-0.6553871003643073,-0.6244558983012505,-0.5935246962381935,-0.5625934941751366,-0.5316622921120797,-0.5007310900490228,-0.46979988798596595,-0.43886868592290906,-0.4079374838598522,-0.3770062817967953,-0.3460750797337383,-0.3151438776706814,-0.28421267560762453,-0.25328147354456765,-0.22235027148151076,-0.19141906941845388,-0.160487867355397,-0.12955666529234,-0.09862546322928312,-0.06769426116622623,-0.03676305910316935,-0.005831857040112465,0.02509934502294453,0.0560305470860013,0.0869617491490583,0.11789295121211507,0.14882415327517207,0.17975535533822884,0.21068655740128583,0.2416177594643426,0.2725489615273996,0.3034801635904566,0.33441136565351337,0.36534256771657037,0.39627376977962714,0.42720497184268413,0.4581361739057409,0.4890673759687979,0.5199985780318549,0.5509297800949117,0.5818609821579687,0.6127921842210254,0.6437233862840824,0.6746545883471392,0.7055857904101962,0.7365169924732532,0.76744819453631,0.798379396599367,0.8293105986624237,0.8602418007254807,0.8911730027885375,0.9221042048515945,0.9530354069146513,0.9839666089777083],"_type":"histogram"},"train_loss":0.4070322534966131,"grad_neuron_4":0.09231241683217181,"grad_neuron_1":0.07459770421153633,"grad_neuron_2":0.1519839248725228,"epoch":10,"train_accuracy":0.8924,"class_samples":{"artifact_path":"wandb-client-artifact://002xzcr97hncwmo4l7sngj6mipe34g7agohfujcb36hx6vbnwr12kareyjk6y41o66hxgwklfpgvb9zffrhm9dqt3f6ycscqqpo4l3qrpkkl1x12hclqhiku30v6lsrf/class_samples.table.json","log_mode":"IMMUTABLE","path":"media/table/class_samples_0_bf1bad6fae2bb7eb4f63.table.json","sha256":"bf1bad6fae2bb7eb4f63c64de5751c6c34c6eab3552119fba968a202bc3e1d7f","nrows":50,"size":741,"_type":"table-file","_latest_artifact_path":"wandb-client-artifact://of19kecb9jnd7zq3ddze3xc606niowme7sgeffoe6cxai2p4tzd2kok7n92n8252wrdqpc5s12g892ka524jujq23gtjd7aetsfsrx2zdws7twvzhaym52jt24pqmbv0:latest/class_samples.table.json","ncols":2},"test_f1":0.8882452388779356,"_timestamp":1.7729885065925934e+09,"_step":11}