{"grad_neuron_0":0.0736675271121383,"grad_neuron_3":0.11076436160113927,"grad_neuron_4":0.17097044161536534,"_timestamp":1.7728996679970756e+09,"train_accuracy":0.8807,"epoch":10,"activation_hist_layer1":{"_type":"histogram","values":[8,6,7,9,19,20,24,33,40,30,36,47,54,46,65,72,82,97,87,86,90,93,94,87,78,99,76,83,90,115,108,118,118,82,99,93,120,82,89,93,83,96,91,90,88,102,77,76,72,80,76,57,47,47,51,38,29,28,16,24,25,15,11,2],"bins":[-0.9342336599587943,-0.9045632824532034,-0.8748929049476125,-0.8452225274420216,-0.8155521499364309,-0.78588177243084,-0.7562113949252491,-0.7265410174196583,-0.6968706399140674,-0.6672002624084765,-0.6375298849028856,-0.6078595073972948,-0.5781891298917039,-0.548518752386113,-0.5188483748805223,-0.4891779973749314,-0.4595076198693405,-0.42983724236374965,-0.4001668648581588,-0.3704964873525679,-0.34082610984697703,-0.31115573234138627,-0.2814853548357954,-0.2518149773302045,-0.22214459982461365,-0.19247422231902278,-0.1628038448134319,-0.13313346730784104,-0.10346308980225027,-0.0737927122966594,-0.04412233479106853,-0.014451957285477657,0.015218420220113216,0.04488879772570409,0.07455917523129496,0.10422955273688583,0.1338999302424767,0.16357030774806758,0.19324068525365845,0.22291106275924932,0.2525814402648402,0.28225181777043085,0.3119221952760217,0.3415925727816126,0.37126295028720346,0.40093332779279434,0.4306037052983852,0.4602740828039761,0.48994446030956695,0.5196148378151578,0.5492852153207487,0.5789555928263396,0.6086259703319304,0.6382963478375213,0.6679667253431122,0.6976371028487031,0.7273074803542937,0.7569778578598846,0.7866482353654755,0.8163186128710663,0.8459889903766572,0.8756593678822481,0.905329745387839,0.9350001228934298,0.9646705003990207]},"_runtime":37,"grad_neuron_1":0.07841796076535469,"_wandb":{"runtime":37},"test_f1":0.8760391006100716,"_step":56292,"grad_norm_layer1":1.216652212311849,"train_loss":0.48739929417807004,"test_accuracy":0.8781,"class_samples":{"log_mode":"IMMUTABLE","artifact_path":"wandb-client-artifact://jq2uqumngiy8cksdayzosvbc5xwjfctp72fvptjcnoihnpy0pj0w6wvsuxndainf2wdflr1o9943ougts25zw35jhesjx1g5k8uhw2hlkux9vpp6e1zx3uwqw13s2tsy/class_samples.table.json","size":741,"_type":"table-file","nrows":50,"_latest_artifact_path":"wandb-client-artifact://egy5f41zk9i8fixoyawvrh9ae9w9xky114oog43b4bcxn6mob3ucy757zcz1faoypgxbpnexbxq8coa7jcsfldze98rnioq59o96cwga3ee403tw17ezpw4qe9gtwr1h:latest/class_samples.table.json","ncols":2,"path":"media/table/class_samples_0_bf1bad6fae2bb7eb4f63.table.json","sha256":"bf1bad6fae2bb7eb4f63c64de5751c6c34c6eab3552119fba968a202bc3e1d7f"},"grad_neuron_2":0.19818774325980928}