{"_timestamp":1.7729024910266626e+09,"grad_neuron_2":0.00062657280731335,"epoch":10,"train_loss":0.00307496173382092,"grad_neuron_1":0.0012160303683653986,"_step":56292,"_runtime":56,"_wandb":{"runtime":56},"grad_neuron_4":0.019368209218593967,"class_samples":{"artifact_path":"wandb-client-artifact://g3ptver58mnodxbagmzblnya9heco9kwceqo64dslhsht8xba9bdgcr3nyiqz9s3yearuzobw9n9vkq73rvxsxzhn6cupraheoiua5unhezg4mern0lb8605q6pa97iu/class_samples.table.json","size":741,"ncols":2,"sha256":"bf1bad6fae2bb7eb4f63c64de5751c6c34c6eab3552119fba968a202bc3e1d7f","path":"media/table/class_samples_0_bf1bad6fae2bb7eb4f63.table.json","_type":"table-file","_latest_artifact_path":"wandb-client-artifact://1jt3xycskqv4umol0a4hocmwh9kic0sy17fdf19qtut09n111bg78eogm86olxrjkp62kcekttkokolsspe7necadtc0tt31dmwtfjyian2ihhrsk8nnylnshw9ex35q:latest/class_samples.table.json","nrows":50,"log_mode":"IMMUTABLE"},"activation_hist_layer1":{"values":[2,0,0,1,2,4,3,12,6,14,9,18,26,32,41,54,73,86,96,104,120,150,191,204,204,237,267,294,300,317,358,327,372,366,361,358,349,302,309,286,255,231,207,181,172,151,135,115,89,83,62,54,53,34,28,24,19,14,10,5,5,6,3,1],"bins":[0.13304376906403342,0.14421380261533703,0.15538383616664067,0.16655386971794428,0.17772390326924792,0.18889393682055153,0.20006397037185514,0.21123400392315878,0.22240403747446238,0.233574071025766,0.24474410457706963,0.25591413812837327,0.26708417167967685,0.2782542052309805,0.28942423878228407,0.3005942723335877,0.31176430588489135,0.322934339436195,0.3341043729874986,0.3452744065388022,0.35644444009010584,0.3676144736414094,0.37878450719271306,0.3899545407440167,0.4011245742953203,0.4122946078466239,0.42346464139792755,0.4346346749492312,0.4458047085005348,0.4569747420518384,0.46814477560314205,0.47931480915444563,0.49048484270574927,0.501654876257053,0.5128249098083565,0.5239949433596601,0.5351649769109638,0.5463350104622673,0.5575050440135709,0.5686750775648746,0.5798451111161782,0.5910151446674818,0.6021851782187855,0.6133552117700891,0.6245252453213928,0.6356952788726964,0.646865312424,0.6580353459753037,0.6692053795266071,0.6803754130779107,0.6915454466292144,0.702715480180518,0.7138855137318216,0.7250555472831253,0.7362255808344289,0.7473956143857325,0.7585656479370362,0.7697356814883398,0.7809057150396435,0.7920757485909471,0.8032457821422507,0.8144158156935541,0.8255858492448578,0.8367558827961614,0.8479259163474652],"_type":"histogram"},"grad_neuron_0":0.0021520860783629456,"grad_neuron_3":0.0051374529192369876,"train_accuracy":0.9826333333333334,"grad_norm_layer1":0.07305615787735503,"test_f1":0.9673312531814273,"test_accuracy":0.9675}