{"test_f1":0.02065997130559541,"test_accuracy":0.1152,"train_loss":2.292937994935651,"train_accuracy":0.11208333333333333,"_timestamp":1.772901550128437e+09,"_wandb":{"runtime":39},"class_samples":{"nrows":50,"ncols":2,"_type":"table-file","sha256":"bf1bad6fae2bb7eb4f63c64de5751c6c34c6eab3552119fba968a202bc3e1d7f","path":"media/table/class_samples_0_bf1bad6fae2bb7eb4f63.table.json","size":741,"_latest_artifact_path":"wandb-client-artifact://retzyeiqr7xj8pvae26fiijgmi3z0j0f7edire9aasyeee6vkuhmut7lgn32se1qfb5k6bwrdps49k4wq0sk7jlvz3cyydqdmoa54bp79zt1h0ilb3tz452sq573u7il:latest/class_samples.table.json","log_mode":"IMMUTABLE","artifact_path":"wandb-client-artifact://jtjnbxzyc5gqd5kho6kqqcbj49m9kyl1rvy1o7zndbkdpd9v6lhpj5voosp0w6yt35mcg4yrx5d2oi3aulbncpnfl1pnwjvx8yl8qjse0ngz9mrtb8mz9zgwpe191bh4/class_samples.table.json"},"grad_norm_layer1":0.03422997284068926,"grad_neuron_2":0.0042498212598473025,"grad_neuron_3":0.001788132567514017,"grad_neuron_1":0.00784354820549332,"grad_neuron_4":0.004582591948161452,"_runtime":39,"_step":56292,"epoch":10,"grad_neuron_0":0.003155326760961752,"activation_hist_layer1":{"values":[2,2,1,5,5,7,9,6,12,15,22,31,36,53,52,57,64,76,79,83,103,124,112,89,139,127,135,153,165,168,201,170,157,176,139,147,130,129,107,103,113,94,71,69,62,49,52,36,43,22,16,13,12,17,8,9,6,3,3,4,0,1,1,1],"bins":[0.17809081502405097,0.18895816452038086,0.19982551401671073,0.21069286351304062,0.2215602130093705,0.2324275625057004,0.2432949120020303,0.2541622614983602,0.26502961099469,0.27589696049101997,0.2867643099873498,0.2976316594836797,0.3084990089800096,0.3193663584763395,0.3302337079726694,0.3411010574689992,0.35196840696532916,0.362835756461659,0.37370310595798895,0.3845704554543188,0.3954378049506487,0.40630515444697857,0.4171725039433084,0.42803985343963835,0.4389072029359682,0.44977455243229814,0.460641901928628,0.4715092514249579,0.48237660092128776,0.4932439504176176,0.5041112999139475,0.5149786494102774,0.5258459989066073,0.5367133484029372,0.5475806978992671,0.558448047395597,0.5693153968919269,0.5801827463882567,0.5910500958845866,0.6019174453809165,0.6127847948772464,0.6236521443735763,0.6345194938699061,0.6453868433662361,0.6562541928625659,0.6671215423588958,0.6779888918552257,0.6888562413515557,0.6997235908478855,0.7105909403442153,0.7214582898405453,0.7323256393368751,0.7431929888332051,0.7540603383295349,0.7649276878258648,0.7757950373221947,0.7866623868185245,0.7975297363148545,0.8083970858111843,0.8192644353075142,0.8301317848038441,0.840999134300174,0.8518664837965039,0.8627338332928338,0.8736011827891637],"_type":"histogram"}}