{"test_accuracy":0.9685,"grad_neuron_1":0.008758355308914355,"grad_neuron_4":0.00525405183012089,"train_accuracy":0.9802,"epoch":5,"_step":6,"activation_hist_layer1":{"values":[266989,52393,34540,26634,21440,18415,16214,14320,12927,11630,10799,10097,9557,9161,8547,8043,7829,7446,7061,6804,6522,6541,6228,6199,6127,6112,5925,6007,5919,5915,5740,5885,5836,5861,5891,5904,6042,5965,6096,6306,6270,6424,6523,6609,7110,7358,7551,7882,8178,8534,8995,9588,10225,10925,11616,12914,13839,15671,17780,20671,25208,32599,49529,286134],"bins":[9.400879467376052e-19,0.015625,0.03125,0.046875,0.0625,0.078125,0.09375,0.109375,0.125,0.140625,0.15625,0.171875,0.1875,0.203125,0.21875,0.234375,0.25,0.265625,0.28125,0.296875,0.3125,0.328125,0.34375,0.359375,0.375,0.390625,0.40625,0.421875,0.4375,0.453125,0.46875,0.484375,0.5,0.515625,0.53125,0.546875,0.5625,0.578125,0.59375,0.609375,0.625,0.640625,0.65625,0.671875,0.6875,0.703125,0.71875,0.734375,0.75,0.765625,0.78125,0.796875,0.8125,0.828125,0.84375,0.859375,0.875,0.890625,0.90625,0.921875,0.9375,0.953125,0.96875,0.984375,1],"_type":"histogram"},"grad_neuron_3":0.005298204182711441,"test_f1":0.9683147455429115,"_runtime":45,"_timestamp":1.7729820951794271e+09,"grad_neuron_2":0.0027893494310012364,"grad_norm_layer1":0.08774963035542946,"train_loss":0.07875247811317464,"_wandb":{"runtime":45},"grad_neuron_0":0.03230223983517767,"class_samples":{"path":"media/table/class_samples_0_bf1bad6fae2bb7eb4f63.table.json","_type":"table-file","ncols":2,"_latest_artifact_path":"wandb-client-artifact://q3depgnitmuznh2dko8pebhi0sy432s6xmog1iahevj4hz5vvjnl3t5uiri39fhht8wzt8zoi091j2ugarcwypjvns96ano1y1lpukqq3ifb0ekqd30agds5n1y6qjz1:latest/class_samples.table.json","nrows":50,"sha256":"bf1bad6fae2bb7eb4f63c64de5751c6c34c6eab3552119fba968a202bc3e1d7f","log_mode":"IMMUTABLE","size":741,"artifact_path":"wandb-client-artifact://3yf0wyvd7lw6amf3imbp30qqs4f8z3fxm2x4bvnr5xoqsu9q7m7q0ip1btvdd6h0tcez5hyoueyrcioa9wbqpz7b7uftgttpyu4wbe7icxwfmbv8z0bllzgqf5wa5sv2/class_samples.table.json"}}