{"test_accuracy":0.966,"train_accuracy":0.9744,"_runtime":57,"epoch":5,"test_f1":0.9658385543280558,"train_loss":0.08231920469808625,"grad_neuron_4":0.035197130144361294,"grad_neuron_2":0.0005728264431781334,"grad_neuron_1":0.00014846025180575292,"grad_neuron_3":0.047858062766127245,"_timestamp":1.772981802832708e+09,"activation_hist_layer1":{"_type":"histogram","values":[365919,67572,43013,32122,25867,21742,18998,16840,15147,13525,12895,11665,10974,10282,9871,9086,8787,8303,7786,7592,7382,7114,6893,6854,6717,6553,6468,6237,6278,6233,6134,6018,6083,6021,5926,6014,6058,6178,6151,6287,6406,6496,6602,6701,7129,7124,7140,7443,7783,8103,8486,9076,9517,10086,10450,11540,12325,13645,15098,17593,21018,26801,38462,159391],"bins":[1.0202942216861587e-19,0.015624999999998865,0.03124999999999773,0.0468749999999966,0.06249999999999546,0.07812499999999432,0.0937499999999932,0.10937499999999206,0.12499999999999092,0.14062499999998979,0.15624999999998865,0.1718749999999875,0.1874999999999864,0.20312499999998526,0.21874999999998412,0.23437499999998299,0.24999999999998185,0.26562499999998074,0.28124999999997957,0.29687499999997846,0.3124999999999773,0.3281249999999762,0.343749999999975,0.3593749999999739,0.3749999999999728,0.39062499999997163,0.4062499999999705,0.42187499999996936,0.43749999999996825,0.4531249999999671,0.46874999999996597,0.4843749999999648,0.4999999999999637,0.5156249999999626,0.5312499999999615,0.5468749999999603,0.5624999999999591,0.578124999999958,0.5937499999999569,0.6093749999999557,0.6249999999999546,0.6406249999999535,0.6562499999999524,0.6718749999999513,0.68749999999995,0.7031249999999489,0.7187499999999478,0.7343749999999467,0.7499999999999456,0.7656249999999444,0.7812499999999433,0.7968749999999422,0.812499999999941,0.8281249999999398,0.8437499999999387,0.8593749999999376,0.8749999999999365,0.8906249999999354,0.9062499999999342,0.921874999999933,0.9374999999999319,0.9531249999999308,0.9687499999999296,0.9843749999999285,0.9999999999999274]},"_step":6,"grad_norm_layer1":0.3796366961762912,"grad_neuron_0":0.03573988100171557,"class_samples":{"size":741,"_type":"table-file","ncols":2,"artifact_path":"wandb-client-artifact://f0frzl38bhyl92bt9j63nkcj0gja5fac2og8ig9mwcq5meyxgqik7b5rk57urk3q8zrflk5xwxjlmjv907mqxhy5872gnuyrklh1vpl4q5l19ai0woviuyd851mf58hf/class_samples.table.json","_latest_artifact_path":"wandb-client-artifact://96bgxmja6502oqrg0b6o6hvif506nm7sh4ln2wkbgl4cvimlrsu1ouvscrhomdzmmp4a6rqvn5mywlaykyskndhehii184m33w5251vlr8t7ejf9i6dsq4atqmkxkn7h:latest/class_samples.table.json","sha256":"bf1bad6fae2bb7eb4f63c64de5751c6c34c6eab3552119fba968a202bc3e1d7f","log_mode":"IMMUTABLE","path":"media/table/class_samples_0_bf1bad6fae2bb7eb4f63.table.json","nrows":50},"_wandb":{"runtime":57}}