{"train_accuracy":0.9144,"grad_neuron_3":0.08788309283869586,"grad_neuron_4":0.10437346071198722,"grad_neuron_0":0.02755588384855385,"epoch":5,"_wandb":{"runtime":34},"test_accuracy":0.9147,"train_loss":0.14443589916159175,"activation_hist_layer1":{"_type":"histogram","values":[417706,70515,71710,69736,66621,63408,58903,54715,49817,44780,40117,35497,31401,27251,24186,20999,18324,16101,13723,11708,10319,8977,7470,6614,5728,4987,4275,3791,3167,2757,2286,1966,1724,1499,1270,1025,850,701,632,504,451,357,291,231,180,158,129,91,70,54,59,30,37,29,17,21,12,7,7,2,4,1,1,1],"bins":[0,0.09359995798553622,0.18719991597107244,0.28079987395660866,0.3743998319421449,0.4679997899276811,0.5615997479132173,0.6551997058987535,0.7487996638842898,0.842399621869826,0.9359995798553622,1.0295995378408984,1.1231994958264346,1.2167994538119709,1.310399411797507,1.4039993697830433,1.4975993277685795,1.5911992857541157,1.684799243739652,1.7783992017251882,1.8719991597107244,1.9655991176962606,2.059199075681797,2.152799033667333,2.2463989916528693,2.3399989496384057,2.4335989076239417,2.5271988656094777,2.620798823595014,2.7143987815805506,2.8079987395660866,2.9015986975516226,2.995198655537159,3.0887986135226955,3.1823985715082315,3.2759985294937675,3.369598487479304,3.4631984454648403,3.5567984034503763,3.6503983614359123,3.743998319421449,3.8375982774069852,3.9311982353925212,4.024798193378057,4.118398151363594,4.21199810934913,4.305598067334666,4.399198025320202,4.4927979833057385,4.586397941291275,4.679997899276811,4.773597857262347,4.867197815247883,4.96079777323342,5.054397731218955,5.147997689204492,5.241597647190028,5.335197605175565,5.428797563161101,5.522397521146637,5.615997479132173,5.70959743711771,5.803197395103245,5.896797353088782,5.990397311074318]},"grad_neuron_1":0.12152648717164807,"grad_neuron_2":0.07636279378149456,"test_f1":0.913668819989127,"class_samples":{"ncols":2,"size":741,"path":"media/table/class_samples_0_bf1bad6fae2bb7eb4f63.table.json","nrows":50,"sha256":"bf1bad6fae2bb7eb4f63c64de5751c6c34c6eab3552119fba968a202bc3e1d7f","_latest_artifact_path":"wandb-client-artifact://iktuigbf4fv4qi6xejfnv2a1oovxp74k5lcy3topwruotdetp15j55juznipholsnj0upby1979xtvrtks0nplu1fcu58jsjlt1wypzsnfrny2f3bhie13et5wgwst5u:latest/class_samples.table.json","artifact_path":"wandb-client-artifact://v3m6p1ag1gzc3mefv70keuo9p2cu0srk288vax8j7xx7tiy34bgrhya76u49c4mg3xuyj24jozw3ecd5y9z0bcc1l6bjfrisheog76f9momprk1e4r3pn3v7mse0kt55/class_samples.table.json","_type":"table-file","log_mode":"IMMUTABLE"},"_runtime":34,"_timestamp":1.7729821429814157e+09,"_step":6,"grad_norm_layer1":1.0362219423044647}