{"train_accuracy":0.77,"_runtime":31,"_wandb":{"runtime":31},"_step":6,"grad_neuron_3":0.07420150996261755,"grad_neuron_4":0.036299426856379366,"class_samples":{"_latest_artifact_path":"wandb-client-artifact://wciw1ys5jwzl6tmva95bc0rwx7dm0qo2bqsnj0ts4z92kegfkxt4xgggh0voz85xblepvue2u9g2yc7m1wrel2dq71hqj49bthyckvs88p2dls5v6bpo26yco1t3wy9e:latest/class_samples.table.json","log_mode":"IMMUTABLE","path":"media/table/class_samples_0_bf1bad6fae2bb7eb4f63.table.json","ncols":2,"size":741,"nrows":50,"_type":"table-file","sha256":"bf1bad6fae2bb7eb4f63c64de5751c6c34c6eab3552119fba968a202bc3e1d7f","artifact_path":"wandb-client-artifact://rh4590r8loyx2f2vp10lq5hqpbys4b785atgj95sy8v2cd2e56u66l0ob6psoxvw8ga89zvdazxdzma6qej0ctw5jeb8467y9c9glrlq7gc3r9gcar05k6xbjpewdlht/class_samples.table.json"},"test_accuracy":0.7677,"grad_neuron_2":0.032356779818020105,"test_f1":0.7247712916481419,"grad_neuron_1":0.03554929878579071,"_timestamp":1.7729809739058566e+09,"grad_norm_layer1":0.6115115656022583,"epoch":5,"grad_neuron_0":0.0414609250783206,"train_loss":0.4062007725327951,"activation_hist_layer1":{"bins":[-0.9886757598493937,-0.957823481271869,-0.9269712026943443,-0.8961189241168196,-0.8652666455392949,-0.8344143669617702,-0.8035620883842456,-0.7727098098067209,-0.7418575312291962,-0.7110052526516715,-0.6801529740741468,-0.6493006954966221,-0.6184484169190974,-0.5875961383415726,-0.5567438597640479,-0.5258915811865232,-0.49503930260899853,-0.4641870240314738,-0.4333347454539491,-0.4024824668764244,-0.3716301882988997,-0.340777909721375,-0.3099256311438503,-0.2790733525663256,-0.248221073988801,-0.2173687954112763,-0.1865165168337516,-0.15566423825622688,-0.12481195967870218,-0.09395968110117747,-0.06310740252365277,-0.03225512394612806,-0.001402845368603356,0.02944943320892135,0.060301711786446055,0.09115399036397076,0.12200626894149547,0.15285854751902017,0.18371082609654488,0.21456310467406958,0.2454153832515943,0.276267661829119,0.3071199404066437,0.3379722189841684,0.3688244975616931,0.3996767761392178,0.4305290547167425,0.4613813332942672,0.4922336118717917,0.5230858904493164,0.5539381690268411,0.5847904476043658,0.6156427261818905,0.6464950047594152,0.6773472833369399,0.7081995619144646,0.7390518404919894,0.7699041190695141,0.8007563976470388,0.8316086762245635,0.8624609548020882,0.8933132333796129,0.9241655119571376,0.9550177905346623,0.985870069112187],"_type":"histogram","values":[81,378,962,1749,2820,4118,5605,7141,8882,10370,12350,13848,15614,17272,18739,20284,21732,23052,24727,25726,27022,28295,29030,30526,31441,32330,32910,34027,34132,34750,34622,35356,35569,35565,35729,35339,35165,34285,34197,33219,32803,31709,30591,29637,28242,27098,25944,24133,22299,20607,18673,16611,15095,13000,11165,9373,7578,5885,4359,3024,1846,960,331,78]}}