{"_step":56292,"class_samples":{"nrows":50,"ncols":2,"size":741,"_latest_artifact_path":"wandb-client-artifact://e5jk0d4tqbe7spbg02h692tl3m3ya454jkk7o3l9sbzzhpldg5rftsx7urstxq8f5uduschu5u65tcxqcyrl63z95bpit14sbec4heaqkyx64wc8sggsuwage43a29w3:latest/class_samples.table.json","_type":"table-file","sha256":"bf1bad6fae2bb7eb4f63c64de5751c6c34c6eab3552119fba968a202bc3e1d7f","artifact_path":"wandb-client-artifact://e3xubgp1l3rvkb4c9hripp5yor402p6r1ixr4m1ugthbksjip7u5u31ftevpfsyzabpanbg4flvjczgjzslqa0l5jz98sl9gsyqvjvo5ym6tj7pi7wtawnt66r8a8k0v/class_samples.table.json","path":"media/table/class_samples_0_bf1bad6fae2bb7eb4f63.table.json","log_mode":"IMMUTABLE"},"grad_norm_layer1":0.5217005430120782,"test_accuracy":0.669,"_runtime":44,"grad_neuron_0":0.04347452122232624,"epoch":10,"grad_neuron_2":0.024827673907955202,"train_loss":0.07319663528180713,"train_accuracy":0.6678166666666666,"_timestamp":1.772901127691317e+09,"grad_neuron_3":0.053949490519784565,"_wandb":{"runtime":44},"grad_neuron_4":0.038760359979803406,"activation_hist_layer1":{"bins":[0.16640896592064836,0.17667423921227102,0.18693951250389368,0.1972047857955163,0.20747005908713897,0.21773533237876164,0.2280006056703843,0.23826587896200696,0.2485311522536296,0.2587964255452523,0.2690616988368749,0.27932697212849755,0.28959224542012024,0.29985751871174293,0.31012279200336557,0.3203880652949882,0.33065333858661083,0.3409186118782335,0.3511838851698562,0.36144915846147885,0.3717144317531015,0.3819797050447241,0.3922449783363468,0.4025102516279695,0.41277552491959213,0.42304079821121476,0.43330607150283745,0.4435713447944601,0.4538366180860827,0.4641018913777054,0.47436716466932805,0.48463243796095073,0.49489771125257337,0.5051629845441961,0.5154282578358187,0.5256935311274413,0.535958804419064,0.5462240777106866,0.5564893510023092,0.566754624293932,0.5770198975855546,0.5872851708771774,0.5975504441688,0.6078157174604226,0.6180809907520453,0.6283462640436679,0.6386115373352905,0.6488768106269132,0.6591420839185359,0.6694073572101585,0.6796726305017812,0.6899379037934038,0.7002031770850266,0.7104684503766492,0.7207337236682718,0.7309989969598945,0.7412642702515171,0.7515295435431398,0.7617948168347625,0.7720600901263851,0.7823253634180077,0.7925906367096304,0.8028559100012531,0.8131211832928757,0.8233864565844984],"_type":"histogram","values":[2,1,1,1,4,6,5,9,21,19,26,29,51,52,58,76,110,84,120,141,139,196,198,210,229,266,269,291,322,306,352,317,310,314,334,324,316,291,257,245,236,226,222,180,178,147,138,97,77,64,62,70,50,34,35,22,18,9,5,5,5,8,0,2]},"test_f1":0.6309250125458932,"grad_neuron_1":0.03057617000534922}