{"grad_neuron_0":1.0227080016546192e-08,"_wandb":{"runtime":39},"grad_neuron_1":1.8909996264637512e-07,"grad_norm_layer1":0.12671019129291264,"grad_neuron_4":1.6322041970810687e-15,"train_accuracy":0.9872,"activation_hist_layer1":{"bins":[0,0.1286269875799592,0.2572539751599184,0.3858809627398776,0.5145079503198368,0.6431349378997959,0.7717619254797552,0.9003889130597144,1.0290159006396735,1.1576428882196328,1.2862698757995918,1.4148968633795511,1.5435238509595104,1.6721508385394694,1.8007778261194287,1.9294048136993878,2.058031801279347,2.1866587888593063,2.3152857764392656,2.4439127640192244,2.5725397515991837,2.701166739179143,2.8297937267591022,2.9584207143390615,3.087047701919021,3.2156746894989796,3.344301677078939,3.472928664658898,3.6015556522388574,3.7301826398188167,3.8588096273987755,3.987436614978735,4.116063602558694,4.244690590138653,4.373317577718613,4.5019445652985715,4.630571552878531,4.75919854045849,4.887825528038449,5.0164525156184085,5.145079503198367,5.273706490778327,5.402333478358286,5.530960465938245,5.6595874535182045,5.788214441098163,5.916841428678123,6.045468416258082,6.174095403838042,6.302722391418,6.431349378997959,6.559976366577919,6.688603354157878,6.8172303417378375,6.945857329317796,7.074484316897755,7.203111304477715,7.331738292057674,7.460365279637633,7.588992267217592,7.717619254797551,7.846246242377511,7.97487322995747,8.103500217537428,8.232127205117388],"_type":"histogram","values":[814468,44946,42337,39332,36678,34430,32063,29287,26820,24317,21624,19102,16669,14877,12829,11147,9661,8202,7038,5796,4985,4157,3480,2851,2388,1961,1608,1331,1065,868,693,598,429,360,315,228,182,168,112,98,86,74,55,52,32,29,29,20,19,21,17,12,10,4,10,5,7,5,4,2,1,4,0,2]},"train_loss":0.029582346139154888,"_step":6,"epoch":5,"test_f1":0.9740396056089324,"_timestamp":1.7729902906126096e+09,"_runtime":39,"grad_neuron_2":9.14696949281846e-06,"test_accuracy":0.9742,"grad_neuron_3":0.003353289749719502,"class_samples":{"size":741,"sha256":"bf1bad6fae2bb7eb4f63c64de5751c6c34c6eab3552119fba968a202bc3e1d7f","artifact_path":"wandb-client-artifact://mxbb11knx3l28w6krebcwuu6kiu5b0i6l4t3fwdy4u72nz2yhnp7c9fxdcask6pif9mpz0vyb2ejybod6gwzi10ch9vcmknbflxtjzc336g1xxte5v9knaa90yyc4ltf/class_samples.table.json","log_mode":"IMMUTABLE","_type":"table-file","nrows":50,"path":"media/table/class_samples_0_bf1bad6fae2bb7eb4f63.table.json","_latest_artifact_path":"wandb-client-artifact://pbgk9go5d498oha1avoe2i2z7blysknmtzx7rmbbtyiyslzsjeldvoinzlanctcjf6xwu522sv5sow2p5xc63mb92hsbaajcm9k5tujtgraedmif9ghnptnthu7ibz9t:latest/class_samples.table.json","ncols":2}}