{"_timestamp":1.7728992374583259e+09,"grad_neuron_2":0.006222089147508247,"_runtime":39,"grad_neuron_3":0.00290426054004178,"_wandb":{"runtime":39},"test_f1":0.02065997130559541,"train_loss":2.2971740682005,"grad_neuron_1":0.004915526152241849,"grad_neuron_4":0.0037718735468115993,"grad_norm_layer1":0.03668713904837333,"class_samples":{"_type":"table-file","sha256":"bf1bad6fae2bb7eb4f63c64de5751c6c34c6eab3552119fba968a202bc3e1d7f","size":741,"ncols":2,"path":"media/table/class_samples_0_bf1bad6fae2bb7eb4f63.table.json","_latest_artifact_path":"wandb-client-artifact://7hwxh41knmfltsm5ttw0198jdrxrulnvnv3o3bog3j3r2r32f0kk0vsry1qm2sb2ydc893q0farz79cb1tlwutqb1sj6od7ljcg4hvswowhy9qofqgss1eqt7bv8gq5w:latest/class_samples.table.json","nrows":50,"log_mode":"IMMUTABLE","artifact_path":"wandb-client-artifact://nw6oj6lznb4xtr5fuyd4eg7oqexxnxiaxcwe65qzr4g7ea2hw6turto4yj636dn8jpbq61b14dxszu4kbsclj7vwmkihjbsug5hmdw58jqv0oqe7rrqnxuyiokwn84hn/class_samples.table.json"},"_step":56292,"activation_hist_layer1":{"values":[1,1,0,1,4,7,6,6,7,15,15,22,25,29,31,44,41,63,63,80,91,100,109,105,132,163,139,130,162,172,186,139,186,154,146,137,155,147,130,128,107,94,88,80,73,66,67,41,46,34,23,22,18,15,10,9,8,7,10,1,2,2,0,1],"bins":[0.13851744605172964,0.14984512933526248,0.16117281261879532,0.17250049590232813,0.18382817918586097,0.19515586246939381,0.20648354575292666,0.2178112290364595,0.22913891231999234,0.24046659560352518,0.251794278887058,0.26312196217059086,0.27444964545412365,0.2857773287376565,0.29710501202118933,0.30843269530472217,0.319760378588255,0.33108806187178785,0.3424157451553207,0.35374342843885354,0.3650711117223864,0.3763987950059192,0.38772647828945206,0.3990541615729849,0.41038184485651774,0.4217095281400506,0.4330372114235834,0.44436489470711626,0.4556925779906491,0.46702026127418195,0.4783479445577148,0.48967562784124763,0.5010033111247805,0.5123309944083133,0.5236586776918462,0.534986360975379,0.5463140442589118,0.5576417275424447,0.5689694108259775,0.5802970941095104,0.5916247773930432,0.6029524606765759,0.6142801439601088,0.6256078272436416,0.6369355105271745,0.6482631938107074,0.6595908770942402,0.6709185603777731,0.6822462436613058,0.6935739269448387,0.7049016102283715,0.7162292935119043,0.7275569767954372,0.73888466007897,0.7502123433625029,0.7615400266460357,0.7728677099295685,0.7841953932131014,0.7955230764966342,0.8068507597801671,0.8181784430636999,0.8295061263472328,0.8408338096307656,0.8521614929142984,0.8634891761978313],"_type":"histogram"},"train_accuracy":0.11208333333333333,"test_accuracy":0.1152,"grad_neuron_0":0.002560226466650478,"epoch":10}