{"activation_hist_layer1":{"bins":[0,0.04300569680745653,0.08601139361491306,0.12901709042236958,0.1720227872298261,0.21502848403728264,0.25803418084473917,0.3010398776521957,0.3440455744596522,0.38705127126710875,0.4300569680745653,0.4730626648820218,0.5160683616894783,0.5590740584969349,0.6020797553043914,0.6450854521118479,0.6880911489193045,0.731096845726761,0.7741025425342175,0.817108239341674,0.8601139361491306,0.9031196329565871,0.9461253297640436,0.9891310265715001,1.0321367233789567,1.0751424201864133,1.1181481169938698,1.1611538138013262,1.2041595106087828,1.2471652074162394,1.2901709042236957,1.3331766010311523,1.376182297838609,1.4191879946460655,1.462193691453522,1.5051993882609784,1.548205085068435,1.5912107818758916,1.634216478683348,1.6772221754908045,1.7202278722982611,1.7632335691057177,1.8062392659131743,1.8492449627206307,1.8922506595280872,1.9352563563355438,1.9782620531430002,2.0212677499504568,2.0642734467579134,2.10727914356537,2.1502848403728265,2.193290537180283,2.2362962339877397,2.279301930795196,2.3223076276026524,2.365313324410109,2.4083190212175656,2.451324718025022,2.4943304148324787,2.5373361116399353,2.5803418084473915,2.623347505254848,2.6663532020623046,2.7093588988697612,2.752364595677218],"_type":"histogram","values":[3929,291,304,241,304,248,220,242,204,202,192,168,155,133,149,126,115,122,90,86,76,71,59,47,51,41,29,28,21,28,29,14,18,16,15,15,12,16,12,6,9,4,9,4,6,5,6,3,6,3,2,3,2,2,1,0,0,0,0,1,0,0,0,1]},"grad_neuron_2":0.10398175146533584,"_step":84437,"_timestamp":1.772897078567724e+09,"grad_neuron_0":0.043621302566188035,"grad_neuron_1":0,"train_loss":0.2616500286044445,"grad_norm_layer1":1.0330904637708003,"train_accuracy":0.9134166666666667,"epoch":15,"_wandb":{"runtime":172},"grad_neuron_4":0.04931196464054634,"test_accuracy":0.8894,"class_samples":{"artifact_path":"wandb-client-artifact://x14y0xckmbyr61salmc319syp955podox06124gujpc6kt8gy9mdwszmeozp1e7zdbcumbw0xpwnh6020x8pbh5shsv819k5ml9fmznfc5k7rsana8df8sqayusmb2pb/class_samples.table.json","_type":"table-file","ncols":2,"log_mode":"IMMUTABLE","_latest_artifact_path":"wandb-client-artifact://7pi3r8phwdevj060cmc7wzhxqix7vkghmf6fh1anov2vgs49alnwbgq497crw03zjf377zkx25yadlk7jepok0jsfjhh72tjokb1c8jrreubbxy6rdl9m2eij5ywecf9:latest/class_samples.table.json","sha256":"bf1bad6fae2bb7eb4f63c64de5751c6c34c6eab3552119fba968a202bc3e1d7f","size":741,"nrows":50,"path":"media/table/class_samples_0_bf1bad6fae2bb7eb4f63.table.json"},"test_f1":0.8892093946213325,"grad_neuron_3":0.027709078351506256,"_runtime":172}