{"test_f1":0.9724306610046339,"grad_neuron_0":0.01314774120323795,"grad_neuron_2":0.00016571845009598062,"train_accuracy":0.9792,"class_samples":{"ncols":2,"_type":"table-file","path":"media/table/class_samples_0_bf1bad6fae2bb7eb4f63.table.json","artifact_path":"wandb-client-artifact://47vkzq80m5km94iov6896i8isuvahfgp2ctl3b2ktiznajs8ogjqyquggicv00unkvj5juwkopfas465nmt964d2ojyyhnvs12vgm7ak8qlyjmwvaj10279p5f2i2rfz/class_samples.table.json","nrows":50,"_latest_artifact_path":"wandb-client-artifact://6xmy6wuecjs6ile4err1osffe51p3lhmva9p5njp7jmvari68d8hvvn2cbki6k58zqwikgcipm7olrgxwjvb1hxazgbh2nemya7b5njw6hcc5ouptlt86p1c0jqa629m:latest/class_samples.table.json","log_mode":"IMMUTABLE","sha256":"bf1bad6fae2bb7eb4f63c64de5751c6c34c6eab3552119fba968a202bc3e1d7f","size":741},"epoch":5,"activation_hist_layer1":{"bins":[0,0.15530348017582457,0.31060696035164914,0.4659104405274737,0.6212139207032983,0.7765174008791229,0.9318208810549474,1.087124361230772,1.2424278414065966,1.3977313215824212,1.5530348017582458,1.7083382819340702,1.8636417621098949,2.0189452422857195,2.174248722461544,2.3295522026373687,2.484855682813193,2.6401591629890175,2.7954626431648424,2.950766123340667,3.1060696035164916,3.261373083692316,3.4166765638681404,3.5719800440439653,3.7272835242197897,3.882587004395614,4.037890484571439,4.193193964747263,4.348497444923088,4.503800925098912,4.6591044052747375,4.814407885450562,4.969711365626386,5.125014845802211,5.280318325978035,5.43562180615386,5.590925286329685,5.746228766505509,5.901532246681334,6.056835726857158,6.212139207032983,6.367442687208808,6.522746167384632,6.6780496475604565,6.833353127736281,6.988656607912105,7.143960088087931,7.299263568263755,7.454567048439579,7.609870528615404,7.765174008791228,7.9204774889670535,8.075780969142878,8.231084449318702,8.386387929494527,8.541691409670351,8.696994889846176,8.852298370022,9.007601850197824,9.16290533037365,9.318208810549475,9.4735122907253,9.628815770901124,9.784119251076948,9.939422731252773],"_type":"histogram","values":[719757,49045,47048,44331,42201,38667,36001,33339,30881,28221,25264,23239,21081,18966,16643,14633,13154,11486,9900,8631,7622,6407,5346,4658,3826,3261,2722,2281,1998,1594,1341,1051,993,824,639,527,431,377,273,238,213,174,119,122,94,79,63,55,33,34,27,21,21,14,10,10,3,2,4,1,0,2,1,1]},"_timestamp":1.772981735098436e+09,"_wandb":{"runtime":37},"grad_neuron_4":0.015392575324080261,"test_accuracy":0.9726,"train_loss":0.035487637123785394,"_runtime":37,"grad_neuron_3":0.003750445054477479,"_step":6,"grad_neuron_1":0.006174508386621034,"grad_norm_layer1":0.14085702800428515}