{"grad_neuron_3":0.2745862052669348,"class_samples":{"ncols":2,"path":"media/table/class_samples_0_bf1bad6fae2bb7eb4f63.table.json","artifact_path":"wandb-client-artifact://enqf721qgj3vclxeg5308hfyi73xkum556lytkx62q5iqe22gikod11r2yucjq5v5dqsiqu4d768drfnzd1s9fj2e61q8h3l71h74j2ka2e3qomfzzjsmiatizhlt1o7/class_samples.table.json","size":741,"log_mode":"IMMUTABLE","_type":"table-file","_latest_artifact_path":"wandb-client-artifact://n9ae2k4qh3eu6ihj2nbvkg427d9kkm1i8afx7wd63bktndp9nk1c8ommsb5lox7x9lbvvd837rbwesifap0p4vmz9b0tyy9apkzzlvvseazbg35pnm0oxrkwcklh7uki:latest/class_samples.table.json","nrows":50,"sha256":"bf1bad6fae2bb7eb4f63c64de5751c6c34c6eab3552119fba968a202bc3e1d7f"},"_wandb":{"runtime":120},"grad_neuron_0":0.0001615741277267294,"_timestamp":1.7729045533912354e+09,"train_loss":0.0337799080520316,"_step":56292,"grad_neuron_4":0.00010643714012284585,"grad_norm_layer1":2.1365903761569465,"epoch":10,"grad_neuron_1":0.08970005460766176,"train_accuracy":0.9895833333333334,"test_f1":0.9734952563588802,"test_accuracy":0.9738,"grad_neuron_2":2.280857117777529e-05,"_runtime":120,"activation_hist_layer1":{"_type":"histogram","values":[4156,254,260,273,247,230,221,207,208,197,160,180,141,138,122,131,109,105,95,84,88,63,59,61,52,49,34,38,30,26,19,28,14,12,15,14,8,6,11,6,8,4,10,2,2,4,2,0,2,1,1,0,1,0,1,1,0,1,0,0,0,0,0,1],"bins":[0,0.031053233775792374,0.06210646755158475,0.09315970132737712,0.1242129351031695,0.15526616887896189,0.18631940265475425,0.2173726364305466,0.248425870206339,0.2794791039821314,0.31053233775792377,0.3415855715337161,0.3726388053095085,0.4036920390853009,0.4347452728610932,0.4657985066368856,0.496851740412678,0.5279049741884704,0.5589582079642628,0.5900114417400552,0.6210646755158475,0.6521179092916398,0.6831711430674322,0.7142243768432246,0.745277610619017,0.7763308443948094,0.8073840781706018,0.8384373119463941,0.8694905457221864,0.9005437794979788,0.9315970132737712,0.9626502470495636,0.993703480825356,1.0247567146011483,1.0558099483769408,1.086863182152733,1.1179164159285255,1.1489696497043178,1.1800228834801103,1.2110761172559026,1.242129351031695,1.2731825848074874,1.3042358185832796,1.3352890523590721,1.3663422861348644,1.397395519910657,1.4284487536864492,1.4595019874622417,1.490555221238034,1.5216084550138262,1.5526616887896187,1.583714922565411,1.6147681563412035,1.6458213901169958,1.6768746238927883,1.7079278576685806,1.7389810914443729,1.7700343252201653,1.8010875589959576,1.8321407927717501,1.8631940265475424,1.894247260323335,1.9253004940991272,1.9563537278749197,1.987406961650712]}}