{"grad_neuron_0":0.02968714352069994,"grad_neuron_3":0.02697756060416152,"train_accuracy":0.5494,"_step":6,"test_f1":0.4489939404235188,"train_loss":0.718041745616165,"activation_hist_layer1":{"bins":[0,0.060610711273035904,0.12122142254607181,0.1818321338191077,0.24244284509214362,0.3030535563651795,0.3636642676382154,0.4242749789112513,0.48488569018428723,0.5454964014573231,0.606107112730359,0.666717824003395,0.7273285352764308,0.7879392465494668,0.8485499578225026,0.9091606690955386,0.9697713803685745,1.0303820916416104,1.0909928029146463,1.1516035141876821,1.212214225460718,1.272824936733754,1.33343564800679,1.3940463592798258,1.4546570705528616,1.5152677818258975,1.5758784930989336,1.6364892043719694,1.6970999156450053,1.7577106269180411,1.8183213381910772,1.878932049464113,1.939542760737149,2.000153472010185,2.060764183283221,2.1213748945562565,2.1819856058292926,2.2425963171023287,2.3032070283753643,2.3638177396484004,2.424428450921436,2.485039162194472,2.545649873467508,2.606260584740544,2.66687129601358,2.7274820072866155,2.7880927185596516,2.8487034298326877,2.9093141411057233,2.9699248523787594,3.030535563651795,3.091146274924831,3.151756986197867,3.212367697470903,3.272978408743939,3.333589120016975,3.3941998312900106,3.4548105425630466,3.5154212538360823,3.5760319651091184,3.6366426763821544,3.69725338765519,3.757864098928226,3.818474810201262,3.879085521474298],"_type":"histogram","values":[582364,63867,62702,60231,57237,53450,49371,45585,40780,36557,32314,28563,24970,21510,18942,16413,13640,11699,9760,8282,7037,5903,4812,4139,3347,2833,2362,1907,1662,1336,1163,915,783,654,558,415,368,297,260,201,172,125,119,79,64,63,43,33,17,25,17,14,8,8,6,5,2,6,1,1,1,0,1,1]},"grad_neuron_1":0.036512515852054825,"_runtime":26,"test_accuracy":0.5543,"class_samples":{"nrows":50,"log_mode":"IMMUTABLE","path":"media/table/class_samples_0_bf1bad6fae2bb7eb4f63.table.json","size":741,"artifact_path":"wandb-client-artifact://n16exo412uzbrn53yn18mlm8stjy33091ewevgusgoycsmq6olgobspcnd9dfrtrk3wap8yuf5vdqpn5i2tbs4x8m7cst4z0jladmjut8rc4yjddravvjy1vs2nffurz/class_samples.table.json","ncols":2,"_type":"table-file","_latest_artifact_path":"wandb-client-artifact://7mc1eiixrwvitt06z26sl0jpu53a62bxs817vids8faytrk1rerarekxxxp66ccjt60kqw5clc3799xchmu1g6y2gi67aln1srfndgkkait2i18z93dtrjcx2b9u2rq9:latest/class_samples.table.json","sha256":"bf1bad6fae2bb7eb4f63c64de5751c6c34c6eab3552119fba968a202bc3e1d7f"},"_timestamp":1.77298333753113e+09,"grad_neuron_2":0.05323270034309253,"grad_norm_layer1":0.4055388478523422,"epoch":5,"_wandb":{"runtime":26},"grad_neuron_4":0.011025554855466498}