{"_step":56292,"grad_neuron_0":0.0016675970680654917,"activation_hist_layer1":{"values":[4295,197,225,191,186,219,206,196,208,188,194,159,153,141,133,129,115,137,100,107,71,80,71,62,47,40,54,42,37,37,28,23,17,16,19,11,9,9,6,1,7,5,5,3,1,2,2,0,4,1,0,1,1,0,0,0,0,0,0,0,0,0,0,1],"bins":[0,0.02766060437067001,0.05532120874134002,0.08298181311201003,0.11064241748268004,0.13830302185335006,0.16596362622402006,0.19362423059469008,0.22128483496536008,0.24894543933603008,0.2766060437067001,0.30426664807737014,0.3319272524480401,0.35958785681871014,0.38724846118938017,0.41490906556005014,0.44256966993072017,0.4702302743013902,0.49789087867206017,0.5255514830427302,0.5532120874134002,0.5808726917840702,0.6085332961547403,0.6361939005254102,0.6638545048960802,0.6915151092667503,0.7191757136374203,0.7468363180080902,0.7744969223787603,0.8021575267494303,0.8298181311201003,0.8574787354907704,0.8851393398614403,0.9127999442321103,0.9404605486027804,0.9681211529734504,0.9957817573441203,1.0234423617147903,1.0511029660854605,1.0787635704561305,1.1064241748268004,1.1340847791974704,1.1617453835681404,1.1894059879388104,1.2170665923094806,1.2447271966801505,1.2723878010508205,1.3000484054214905,1.3277090097921604,1.3553696141628304,1.3830302185335006,1.4106908229041706,1.4383514272748406,1.4660120316455105,1.4936726360161805,1.5213332403868505,1.5489938447575207,1.5766544491281906,1.6043150534988606,1.6319756578695306,1.6596362622402006,1.6872968666108705,1.7149574709815407,1.7426180753522107,1.7702786797228807],"_type":"histogram"},"grad_neuron_1":6.7472789463047e-06,"grad_neuron_2":1.6743683112533593e-05,"grad_neuron_3":0.027926242989908947,"epoch":10,"test_f1":0.9767326384061921,"_timestamp":1.7729772080474324e+09,"_wandb":{"runtime":91},"train_accuracy":0.9951166666666666,"grad_norm_layer1":0.13857398134104434,"grad_neuron_4":0.006245998654410798,"class_samples":{"_latest_artifact_path":"wandb-client-artifact://rl5ehykvle2m73purdvex667jun8rtd3yw60bnv5w22i2ujy52gsn7mnuonw6tqv3rwfri1er3bf19v27eqnkol0ipqip8iaso4q614qt25utg2no36p8bo4eelbk9i6:latest/class_samples.table.json","path":"media/table/class_samples_0_bf1bad6fae2bb7eb4f63.table.json","artifact_path":"wandb-client-artifact://5jgxy0say4axav5kawgdvmwq00bpjz51up3botwt7sdzictyud2mooaktc1qgug3c3r004xg6cebggirva19wo0bmj4qzesevtn9onyt1y70n8nlopbq93b6gsjroit9/class_samples.table.json","nrows":50,"ncols":2,"_type":"table-file","log_mode":"IMMUTABLE","sha256":"bf1bad6fae2bb7eb4f63c64de5751c6c34c6eab3552119fba968a202bc3e1d7f","size":741},"test_accuracy":0.977,"_runtime":91,"train_loss":0.02399902770278487}