{"grad_neuron_3":0.033670096387831375,"_timestamp":1.7729813928981197e+09,"test_accuracy":0.752,"_step":6,"_runtime":48,"grad_neuron_0":0.04789600225528805,"train_loss":0.4675403722193525,"grad_neuron_2":0.06140450830191253,"grad_norm_layer1":0.611553985001184,"grad_neuron_1":0.059514734268763365,"activation_hist_layer1":{"bins":[-0.9705715884472533,-0.9400081050425674,-0.9094446216378814,-0.8788811382331956,-0.8483176548285096,-0.8177541714238237,-0.7871906880191377,-0.7566272046144518,-0.7260637212097658,-0.6955002378050799,-0.664936754400394,-0.6343732709957081,-0.6038097875910221,-0.5732463041863363,-0.5426828207816503,-0.5121193373769644,-0.4815558539722784,-0.45099237056759245,-0.4204288871629065,-0.38986540375822065,-0.3593019203535347,-0.32873843694884874,-0.2981749535441628,-0.26761147013947684,-0.23704798673479088,-0.20648450333010504,-0.1759210199254191,-0.14535753652073313,-0.11479405311604718,-0.08423056971136123,-0.05366708630667538,-0.02310360290198943,0.007459880502696525,0.03802336390738248,0.06858684731206843,0.09915033071675439,0.12971381412144034,0.1602772975261263,0.19084078093081203,0.22140426433549798,0.25196774774018393,0.2825312311448699,0.31309471454955584,0.3436581979542418,0.37422168135892775,0.4047851647636137,0.43534864816829966,0.4659121315729856,0.49647561497767156,0.5270390983823573,0.5576025817870432,0.5881660651917292,0.6187295485964152,0.6492930320011011,0.6798565154057871,0.710419998810473,0.740983482215159,0.7715469656198449,0.8021104490245309,0.8326739324292166,0.8632374158339026,0.8938008992385885,0.9243643826432745,0.9549278660479604,0.9854913494526465],"_type":"histogram","values":[128,639,1425,2312,3417,4826,6464,7843,9529,10998,12716,14524,16332,18195,19658,21599,22822,24368,26057,27551,28333,29797,30897,31814,32428,33060,33343,33727,34359,34870,35124,35107,35205,35071,34874,34871,34389,33918,33525,32318,31123,30483,29428,27905,26372,25107,23462,21887,20191,18648,17339,15614,13950,12530,10987,9137,7644,6427,4867,3797,2449,1468,615,137]},"test_f1":0.7235844437993848,"train_accuracy":0.7584,"epoch":5,"grad_neuron_4":0.03136162965519057,"class_samples":{"artifact_path":"wandb-client-artifact://9lcif8iebd0d9pr9uugyxpsh6o9xynrxqn5dk9e7b5t1s69rus5o03m94gat21z50pzkgbzmpoms3yl1tm16ewpa38ju97ryqsgnrx60ims3nuber6blozgyvjrrt1x7/class_samples.table.json","path":"media/table/class_samples_0_bf1bad6fae2bb7eb4f63.table.json","nrows":50,"sha256":"bf1bad6fae2bb7eb4f63c64de5751c6c34c6eab3552119fba968a202bc3e1d7f","log_mode":"IMMUTABLE","_type":"table-file","_latest_artifact_path":"wandb-client-artifact://wj2ckou4xoq9ld2mn0y3yb1m0dxs119o3tgs1gypa6g080u34xpmf7rdjgpdc1r4gbs4ipbpnrm0sy0l6cfmvm4pxcbr8tqemoh6xv6sqst8lxc4znog6pelltyv24c8:latest/class_samples.table.json","size":741,"ncols":2},"_wandb":{"runtime":48}}