{"train_loss":2.2593168484499295,"grad_norm_layer1":0.14943620215672537,"activation_hist_layer1":{"bins":[0.045904127009079136,0.05930399918961668,0.07270387137015423,0.08610374355069178,0.09950361573122932,0.11290348791176685,0.12630336009230442,0.13970323227284195,0.1531031044533795,0.16650297663391705,0.1799028488144546,0.19330272099499213,0.2067025931755297,0.22010246535606723,0.23350233753660476,0.24690220971714233,0.26030208189767984,0.2737019540782174,0.28710182625875497,0.3005016984392925,0.31390157061983004,0.3273014428003676,0.3407013149809051,0.3541011871614427,0.36750105934198024,0.38090093152251775,0.3943008037030553,0.4077006758835929,0.4211005480641304,0.43450042024466795,0.4479002924252055,0.461300164605743,0.4747000367862806,0.48809990896681815,0.5014997811473556,0.5148996533278932,0.5282995255084307,0.5416993976889682,0.5550992698695058,0.5684991420500434,0.5818990142305809,0.5952988864111184,0.608698758591656,0.6220986307721935,0.635498502952731,0.6488983751332686,0.6622982473138062,0.6756981194943437,0.6890979916748813,0.7024978638554188,0.7158977360359563,0.7292976082164939,0.7426974803970314,0.7560973525775689,0.7694972247581066,0.7828970969386441,0.7962969691191816,0.8096968412997192,0.8230967134802567,0.8364965856607942,0.8498964578413318,0.8632963300218693,0.8766962022024068,0.8900960743829445,0.903495946563482],"_type":"histogram","values":[4,5,16,36,63,106,147,203,321,438,559,802,1065,1387,1856,2555,3133,4049,5263,6439,7926,9518,11873,13892,16813,19015,21296,23919,26309,28481,29708,31021,31355,31661,31116,30469,29489,27795,26063,23955,22202,19594,17345,14904,12885,10866,9210,7533,6306,5054,3823,2963,2279,1623,1096,863,550,369,196,105,65,36,7,5]},"_wandb":{"runtime":24},"epoch":5,"grad_neuron_4":0.01638531383742714,"train_accuracy":0.227,"test_f1":0.17837727464053707,"_runtime":24,"test_accuracy":0.2229,"grad_neuron_0":0.019611758037778693,"_step":6,"grad_neuron_3":0.012973258351151241,"class_samples":{"sha256":"bf1bad6fae2bb7eb4f63c64de5751c6c34c6eab3552119fba968a202bc3e1d7f","_type":"table-file","_latest_artifact_path":"wandb-client-artifact://r1ixr404p70xt2n5em4dq9ojj04yx5hmbhb9q0snn3b1ndehzgju2y14s61fppvavf5vequjk42no87niivz68owahgmtgp6rcrsh68rvljfubn2nnmny3tcyjd4ytfb:latest/class_samples.table.json","artifact_path":"wandb-client-artifact://yyfsxogr3tbk76inms6hr6q47r8inco1zq1oxg91nkepl3mtxouzdyfwip5nyvmqg2tn65drjohkd4q8lm4sosl8x1g8pkf3dke3w95rgj33bh0ellsvz7afp45xwshp/class_samples.table.json","ncols":2,"nrows":50,"path":"media/table/class_samples_0_bf1bad6fae2bb7eb4f63.table.json","log_mode":"IMMUTABLE","size":741},"grad_neuron_2":0.02040401906984606,"grad_neuron_1":0.010112937811238731,"_timestamp":1.7729835182301967e+09}