{"grad_neuron_2":0.04923232481573547,"train_accuracy":0.7886,"_wandb":{"runtime":33},"_runtime":33,"class_samples":{"size":741,"_type":"table-file","sha256":"bf1bad6fae2bb7eb4f63c64de5751c6c34c6eab3552119fba968a202bc3e1d7f","path":"media/table/class_samples_0_bf1bad6fae2bb7eb4f63.table.json","ncols":2,"artifact_path":"wandb-client-artifact://5hd8m7dnt4xzh7qhx12xvzigu246llgcz8ohuaj9j9ns7wqzornevyshoj2nd7l4315opelpstbkm8z0e21flltwh8r5kgxvlcw7hid0zuqgob4yv73lnvx5liq5g76l/class_samples.table.json","log_mode":"IMMUTABLE","nrows":50,"_latest_artifact_path":"wandb-client-artifact://51kw0ruwavt242uqnveg9c5n8todcvne8a0zde474f7jgd289zvvd9r1k2u7pavlhpc4sm9t2xz7x7wklcjmt9oxdvos77jrmulo85s5pb9njqtkaynyxfbbnpj22ng7:latest/class_samples.table.json"},"test_accuracy":0.7861,"grad_neuron_0":0.051777665790546656,"train_loss":0.41802169745187245,"epoch":5,"test_f1":0.7762757754564008,"grad_norm_layer1":0.49799548817269085,"_timestamp":1.7729838477786305e+09,"_step":6,"activation_hist_layer1":{"bins":[-0.9787057701938846,-0.9480041856895959,-0.9173026011853072,-0.8866010166810184,-0.8558994321767297,-0.825197847672441,-0.7944962631681523,-0.7637946786638636,-0.7330930941595748,-0.7023915096552862,-0.6716899251509973,-0.6409883406467087,-0.61028675614242,-0.5795851716381313,-0.5488835871338426,-0.5181820026295538,-0.4874804181252651,-0.4567788336209764,-0.42607724911668765,-0.3953756646123989,-0.3646740801081102,-0.3339724956038215,-0.30327091109953275,-0.272569326595244,-0.2418677420909554,-0.21116615758666668,-0.18046457308237795,-0.14976298857808923,-0.1190614040738005,-0.08835981956951178,-0.05765823506522305,-0.026956650560934325,0.0037449339433544004,0.034446518447643015,0.06514810295193185,0.09584968745622047,0.1265512719605093,0.15725285646479792,0.18795444096908676,0.21865602547337537,0.2493576099776642,0.2800591944819528,0.31076077898624166,0.3414623634905303,0.3721639479948191,0.4028655324991077,0.43356711700339656,0.4642687015076852,0.4949702860119738,0.5256718705162626,0.5563734550205512,0.5870750395248401,0.6177766240291287,0.6484782085334175,0.6791797930377061,0.709881377541995,0.7405829620462836,0.7712845465505724,0.801986131054861,0.8326877155591499,0.8633893000634385,0.8940908845677273,0.924792469072016,0.9554940535763048,0.9861956380805933],"_type":"histogram","values":[47,303,857,1496,2287,3141,4026,4733,5729,6465,7350,8134,8813,9527,10139,11026,11466,12042,12521,12868,13313,13742,14069,14516,14888,15316,15743,15891,16126,16239,16289,16369,16338,16471,16059,16054,16013,15578,15625,15261,15152,14650,14274,13714,13406,13208,12239,11919,11326,10473,10071,9174,8403,7366,6673,6148,5128,4241,3515,2583,1823,1064,488,92]},"grad_neuron_3":0.05217568771698135,"grad_neuron_1":0.04012945406113819,"grad_neuron_4":0.041437968065791114}