{"_wandb":{"runtime":44},"test_f1":0.9731524714191447,"_runtime":44,"grad_norm_layer1":0.016227020425824076,"activation_hist_layer1":{"values":[5,10,13,17,23,35,44,56,52,73,65,84,107,123,139,126,148,153,168,162,198,198,193,214,214,203,235,239,234,217,237,230,231,255,228,212,222,222,194,198,203,164,179,159,148,189,156,148,112,89,108,99,81,79,81,60,46,28,36,22,13,5,6,4],"bins":[-0.9871200051930318,-0.9565070230586143,-0.9258940409241969,-0.8952810587897796,-0.8646680766553622,-0.8340550945209447,-0.8034421123865274,-0.77282913025211,-0.7422161481176925,-0.7116031659832751,-0.6809901838488577,-0.6503772017144404,-0.6197642195800229,-0.5891512374456055,-0.5585382553111882,-0.5279252731767707,-0.4973122910423533,-0.4666993089079359,-0.43608632677351844,-0.4054733446391011,-0.3748603625046837,-0.34424738037026625,-0.31363439823584893,-0.2830214161014315,-0.25240843396701407,-0.22179545183259664,-0.1911824696981792,-0.16056948756376188,-0.12995650542934445,-0.09934352329492702,-0.0687305411605097,-0.03811755902609226,-0.00750457689167483,0.023108405242742602,0.053721387377160035,0.08433436951157747,0.1149473516459949,0.1455603337804121,0.17617331591482954,0.20678629804924697,0.2373992801836644,0.26801226231808184,0.29862524445249927,0.3292382265869167,0.3598512087213339,0.39046419085575135,0.4210771729901688,0.4516901551245862,0.48230313725900364,0.5129161193934211,0.5435291015278385,0.5741420836622559,0.6047550657966734,0.6353680479310906,0.665981030065508,0.6965940121999254,0.7272069943343429,0.7578199764687603,0.7884329586031777,0.8190459407375952,0.8496589228720124,0.8802719050064298,0.9108848871408473,0.9414978692752647,0.972110851409682],"_type":"histogram"},"grad_neuron_4":0.00021773604548989522,"grad_neuron_3":0.0002767148625070901,"train_loss":0.0008657323977044389,"grad_neuron_0":0.0007012272006003083,"epoch":10,"class_samples":{"_type":"table-file","size":741,"path":"media/table/class_samples_0_bf1bad6fae2bb7eb4f63.table.json","log_mode":"IMMUTABLE","artifact_path":"wandb-client-artifact://aswg9ydhupg1ahxtkcr2jbrmoflbbr4b3tt480lpw523bw2pxpj7rl0sxq4360va41poay6l4yuii5cem1ga44tu9pba0ra8mqvjw2btice9bn7vzfavlr7veiiu6bfo/class_samples.table.json","nrows":50,"sha256":"bf1bad6fae2bb7eb4f63c64de5751c6c34c6eab3552119fba968a202bc3e1d7f","_latest_artifact_path":"wandb-client-artifact://e4mfd7aklbc5yr5j40jyqrgco602kvitg2jp6d6kbh1knzj3ovtr27ft0jf6n2m9adcnnj9h8has8a56ovpkin8hmlccqe3de7vp8ch1eawuu5zjm84pgy8b7htg9xor:latest/class_samples.table.json","ncols":2},"_step":56292,"grad_neuron_1":0.0004361963482589357,"train_accuracy":0.9961,"test_accuracy":0.9733,"grad_neuron_2":0.0005422235792749953,"_timestamp":1.7728985426152103e+09}