{"test_accuracy":0.9515,"train_accuracy":0.9622,"test_f1":0.9513215418235736,"_wandb":{"runtime":37},"grad_neuron_2":0.04708630280686655,"_timestamp":1.772984134989003e+09,"activation_hist_layer1":{"values":[85839,25656,18168,14706,12434,10755,9688,9005,8231,7612,7204,6721,6544,6061,5949,5672,5480,5169,4939,4855,4666,4397,4347,4266,4135,4172,4047,3885,3936,3991,3882,3998,3916,3898,3933,4019,4010,3986,4183,4115,4236,4444,4630,4614,4891,4965,5259,5402,5802,5984,6351,6844,7310,7717,8248,9114,9535,10733,11686,13338,15715,19941,28730,92041],"bins":[2.6339068337731815e-10,0.01562500025356097,0.03125000024373126,0.046875000233901544,0.06250000022407183,0.07812500021424211,0.0937500002044124,0.1093750001945827,0.12500000018475296,0.14062500017492324,0.15625000016509352,0.17187500015526383,0.1875000001454341,0.2031250001356044,0.2187500001257747,0.23437500011594498,0.2500000001061153,0.2656250000962856,0.28125000008645584,0.29687500007662615,0.3125000000667964,0.3281250000569667,0.343750000047137,0.35937500003730727,0.3750000000274776,0.3906250000176479,0.40625000000781814,0.42187499999798844,0.43749999998815875,0.453124999978329,0.4687499999684993,0.48437499995866956,0.49999999994883987,0.5156249999390101,0.5312499999291804,0.5468749999193506,0.5624999999095209,0.5781249998996912,0.5937499998898615,0.6093749998800319,0.624999999870202,0.6406249998603724,0.6562499998505427,0.671874999840713,0.6874999998308833,0.7031249998210536,0.7187499998112238,0.7343749998013941,0.7499999997915644,0.7656249997817347,0.781249999771905,0.7968749997620752,0.8124999997522455,0.8281249997424158,0.8437499997325861,0.8593749997227564,0.8749999997129267,0.8906249997030969,0.9062499996932672,0.9218749996834376,0.9374999996736079,0.9531249996637782,0.9687499996539484,0.9843749996441187,0.999999999634289],"_type":"histogram"},"train_loss":0.1463302286059879,"_step":6,"grad_neuron_3":0.06475387464983098,"grad_neuron_4":0.04158537019073222,"grad_neuron_0":0.013857594970953967,"grad_neuron_1":0.03354773694020235,"epoch":5,"grad_norm_layer1":0.5328488781417472,"class_samples":{"_type":"table-file","artifact_path":"wandb-client-artifact://xe03jvjrom742vkj10t47hyuahzwnx1az32qxsu4cp7f10uuqcfm9kbpfs3360dlm8mfjcpbymym17gyd7ysh1nmxmr9phhs2vosp6169remp46yse5szz8zyowa5x4l/class_samples.table.json","ncols":2,"nrows":50,"sha256":"bf1bad6fae2bb7eb4f63c64de5751c6c34c6eab3552119fba968a202bc3e1d7f","path":"media/table/class_samples_0_bf1bad6fae2bb7eb4f63.table.json","_latest_artifact_path":"wandb-client-artifact://eyin50yahfk02g4sv8397y63ysm9p6ksp7gbwpzzi53w7ctsiq32ondbal2yszaz7z722om5vdt2a2oxbqk10a7omo5g5uf53886u36w142fj96r6wttqyojs26y5a9h:latest/class_samples.table.json","size":741,"log_mode":"IMMUTABLE"},"_runtime":37}