{"class_samples":{"log_mode":"IMMUTABLE","_latest_artifact_path":"wandb-client-artifact://yow8lb4yt8vn86e9o5jpgd3qpd9y1ca3raheyf51xktrrm0uhlcggodf2maqae3zkyiqb5ah4tplpynkj10y7vem597tq41hnk93wrvgffhhliba2lhgeqi8yu0xc7qi:latest/class_samples.table.json","sha256":"bf1bad6fae2bb7eb4f63c64de5751c6c34c6eab3552119fba968a202bc3e1d7f","_type":"table-file","artifact_path":"wandb-client-artifact://7h4fsnnuwlc48btl2lf0mp273gkounuca862ybzgfbewg652ok0hrw592203y8bqkimdir8r6bh4jwg3k7lcr0q91ak26yqltgoy3cg9blfpbdbo25d5hunl3n63uy8i/class_samples.table.json","path":"media/table/class_samples_0_bf1bad6fae2bb7eb4f63.table.json","ncols":2,"size":741,"nrows":50},"grad_neuron_2":0.18305009609178627,"grad_neuron_3":0.09372375895591403,"test_accuracy":0.9633,"activation_hist_layer1":{"bins":[0,0.026738885209325748,0.053477770418651496,0.08021665562797725,0.10695554083730299,0.13369442604662873,0.1604333112559545,0.18717219646528024,0.21391108167460599,0.24064996688393173,0.26738885209325747,0.29412773730258324,0.320866622511909,0.3476055077212347,0.3743443929305605,0.4010832781398862,0.42782216334921197,0.45456104855853774,0.48129993376786345,0.5080388189771892,0.5347777041865149,0.5615165893958407,0.5882554746051665,0.6149943598144922,0.641733245023818,0.6684721302331437,0.6952110154424694,0.7219499006517952,0.748688785861121,0.7754276710704467,0.8021665562797724,0.8289054414890982,0.8556443266984239,0.8823832119077497,0.9091220971170755,0.9358609823264011,0.9625998675357269,0.9893387527450527,1.0160776379543783,1.042816523163704,1.0695554083730299,1.0962942935823556,1.1230331787916814,1.1497720640010072,1.176510949210333,1.2032498344196587,1.2299887196289845,1.2567276048383103,1.283466490047636,1.3102053752569616,1.3369442604662873,1.363683145675613,1.3904220308849389,1.4171609160942646,1.4438998013035904,1.4706386865129162,1.497377571722242,1.5241164569315677,1.5508553421408935,1.577594227350219,1.6043331125595448,1.6310719977688706,1.6578108829781963,1.6845497681875221,1.7112886533968479],"_type":"histogram","values":[4415,207,198,195,200,201,205,158,185,166,150,145,138,152,145,126,106,85,97,68,100,70,84,59,57,54,45,48,37,35,29,23,22,16,25,16,24,13,10,10,9,9,16,5,2,5,2,6,2,1,4,1,1,1,3,2,0,0,1,0,0,2,0,1]},"_step":56292,"grad_neuron_1":0.04917691164096618,"_wandb":{"runtime":40},"test_f1":0.9630811022250857,"train_accuracy":0.9719333333333333,"epoch":10,"grad_neuron_4":0.15325979575029386,"grad_norm_layer1":1.329098535373413,"train_loss":0.004921679226919285,"grad_neuron_0":0.23515367023444636,"_timestamp":1.7729011769078312e+09,"_runtime":40}