{"_timestamp":1.77298485778194e+09,"epoch":5,"_runtime":49,"grad_norm_layer1":0.3870522297608681,"activation_hist_layer1":{"bins":[0,0.1265037838830347,0.2530075677660694,0.3795113516491041,0.5060151355321388,0.6325189194151736,0.7590227032982082,0.8855264871812429,1.0120302710642777,1.1385340549473124,1.2650378388303471,1.3915416227133819,1.5180454065964164,1.6445491904794511,1.7710529743624859,1.8975567582455206,2.0240605421285554,2.15056432601159,2.277068109894625,2.4035718937776593,2.5300756776606943,2.656579461543729,2.7830832454267638,2.9095870293097983,3.036090813192833,3.1625945970758678,3.2890983809589023,3.4156021648419372,3.5421059487249718,3.6686097326080067,3.7951135164910412,3.921617300374076,4.048121084257111,4.174624868140145,4.30112865202318,4.427632435906215,4.55413621978925,4.680640003672284,4.807143787555319,4.933647571438354,5.060151355321389,5.186655139204423,5.313158923087458,5.439662706970492,5.5661664908535275,5.692670274736562,5.819174058619597,5.945677842502631,6.072181626385666,6.198685410268701,6.3251891941517355,6.45169297803477,6.578196761917805,6.70470054580084,6.8312043296838745,6.957708113566909,7.0842118974499435,7.210715681332978,7.337219465216013,7.463723249099048,7.5902270329820825,7.716730816865117,7.843234600748152,7.969738384631187,8.096242168514221],"_type":"histogram","values":[999881,43027,34864,28539,23749,20098,17573,14871,13352,11759,10195,9056,7818,6928,5878,5180,4433,3780,3226,2546,2272,1912,1543,1345,1122,972,740,631,546,439,341,296,206,176,162,111,109,81,47,33,39,32,25,17,18,3,5,6,2,2,5,1,1,2,1,3,0,0,0,0,0,0,0,1]},"class_samples":{"sha256":"bf1bad6fae2bb7eb4f63c64de5751c6c34c6eab3552119fba968a202bc3e1d7f","ncols":2,"nrows":50,"_latest_artifact_path":"wandb-client-artifact://oyatqdyumieap3pad4lemdmpysbv7gvsf2hcy47y0pcv1zixu147p7xagnw2zit33134tn18skki12zcl9s39fpd4x0p8eqcnldu51w2vbjvqfw3fqukx039fg4ut7az:latest/class_samples.table.json","log_mode":"IMMUTABLE","size":741,"_type":"table-file","path":"media/table/class_samples_0_bf1bad6fae2bb7eb4f63.table.json","artifact_path":"wandb-client-artifact://7v6ifsn9pgcyz4ipi30lgba9cmy56cx4jj9mf6kk5f0hrj6td95dvsh7c0bupv7qw0kage1l5ufcpr71fjvn69djuv5484b7ad68wniwtd06u8dxrl1z6z7q29hhqpwm/class_samples.table.json"},"grad_neuron_4":0.010889145961774116,"train_accuracy":0.9666,"grad_neuron_1":0,"train_loss":0.056767043588116316,"_step":6,"grad_neuron_3":0,"grad_neuron_0":0.0004204415891737929,"grad_neuron_2":0,"test_accuracy":0.9632,"_wandb":{"runtime":49},"test_f1":0.9631147371950742}