{"epoch":10,"class_samples":{"size":741,"nrows":50,"artifact_path":"wandb-client-artifact://iuft0nq2cmtvthe9q9h0qozzre8pb1tb72gko6h2230iui0ltxt9zc3dme4ck5xp40m9t4hyl7c64m2pyggbwur8k0cd6ddsnzu94slowh5zrlv60gpl2gqa5geoegs5/class_samples.table.json","sha256":"bf1bad6fae2bb7eb4f63c64de5751c6c34c6eab3552119fba968a202bc3e1d7f","path":"media/table/class_samples_0_bf1bad6fae2bb7eb4f63.table.json","log_mode":"IMMUTABLE","_latest_artifact_path":"wandb-client-artifact://ny81g0g59ym69jzbuhwgx3bjclyl9ia0kvpcvcmb9c0gb9pto5os9s314ledacoso98ais8sh9lmo7dt6nipf92vc7oq3alrgqj01j4g53aslr5f1bweo54q9hvaz4we:latest/class_samples.table.json","_type":"table-file","ncols":2},"_timestamp":1.7729010735040655e+09,"_wandb":{"runtime":38},"test_f1":0.9277356325226034,"grad_neuron_4":0,"_runtime":38,"_step":56292,"grad_neuron_2":0.4904413427761667,"grad_neuron_0":0.22042120387956224,"test_accuracy":0.9283,"train_accuracy":0.9311,"grad_norm_layer1":3.5478180694127,"train_loss":0.010822024422383525,"grad_neuron_1":0.8965769354494497,"activation_hist_layer1":{"_type":"histogram","values":[2260,128,90,96,101,98,118,82,96,81,78,62,76,77,70,53,44,53,45,43,27,29,32,28,28,15,16,10,16,16,12,9,11,10,13,5,9,9,3,6,3,1,4,5,2,3,3,3,5,0,1,2,2,2,0,3,0,0,1,0,0,0,0,1],"bins":[0,0.029044835083571054,0.05808967016714211,0.08713450525071316,0.11617934033428422,0.14522417541785526,0.17426901050142632,0.20331384558499738,0.23235868066856843,0.2614035157521395,0.2904483508357105,0.3194931859192816,0.34853802100285264,0.3775828560864237,0.40662769116999475,0.43567252625356584,0.46471736133713687,0.4937621964207079,0.522807031504279,0.55185186658785,0.580896701671421,0.6099415367549922,0.6389863718385632,0.6680312069221342,0.6970760420057053,0.7261208770892763,0.7551657121728474,0.7842105472564185,0.8132553823399895,0.8423002174235605,0.8713450525071317,0.9003898875907027,0.9294347226742737,0.9584795577578448,0.9875243928414158,1.016569227924987,1.045614063008558,1.074658898092129,1.1037037331757,1.132748568259271,1.161793403342842,1.1908382384264131,1.2198830735099844,1.2489279085935554,1.2779727436771264,1.3070175787606975,1.3360624138442685,1.3651072489278395,1.3941520840114106,1.4231969190949816,1.4522417541785526,1.4812865892621239,1.510331424345695,1.539376259429266,1.568421094512837,1.597465929596408,1.626510764679979,1.65555559976355,1.684600434847121,1.713645269930692,1.7426901050142634,1.7717349400978344,1.8007797751814054,1.8298246102649764,1.8588694453485475]},"grad_neuron_3":0.3917948807794736}