{"test_accuracy":0.1152,"grad_neuron_2":0,"_step":11,"class_samples":{"_type":"table-file","_latest_artifact_path":"wandb-client-artifact://9ikyp7wl9ivqu27crc4tcm9yucuejb1zval7d7kol84vzfue5qreyin22xhhd9lbgk3a24sqymq8qu6wydgclc2wcoy0xf727w58670h88kyko4a9r99jozj56n5k6id:latest/class_samples.table.json","sha256":"bf1bad6fae2bb7eb4f63c64de5751c6c34c6eab3552119fba968a202bc3e1d7f","artifact_path":"wandb-client-artifact://w7ho03vdt0vns55nqhbnngt92vv4m553rlvuxgha1f3pj49crylidifw4rnmq2nadrlks7y36v1993d54cz6804mwthdjakdci5sgwro5k4r3i37dopekim0su5pmpaa/class_samples.table.json","log_mode":"IMMUTABLE","ncols":2,"path":"media/table/class_samples_0_bf1bad6fae2bb7eb4f63.table.json","nrows":50,"size":741},"grad_neuron_3":0,"train_loss":2.3110938803485426,"_timestamp":1.7729886750192783e+09,"grad_norm_layer1":0,"activation_hist_layer1":{"values":[1241611,5555,5172,3576,2289,1240,833,771,854,1069,1168,1232,1266,1184,1196,1054,977,949,775,728,714,626,605,622,539,464,446,396,353,276,266,201,192,161,135,111,88,65,54,35,33,28,22,19,13,8,11,4,4,1,3,2,1,1,1,0,0,0,0,0,0,0,0,1],"bins":[0,4.087855576294289,8.175711152588578,12.263566728882868,16.351422305177156,20.439277881471444,24.527133457765736,28.614989034060024,32.70284461035431,36.7907001866486,40.87855576294289,44.966411339237176,49.05426691553147,53.14212249182576,57.22997806812005,61.317833644414335,65.40568922070862,69.49354479700291,73.5814003732972,77.66925594959149,81.75711152588578,85.84496710218006,89.93282267847435,94.02067825476864,98.10853383106294,102.19638940735723,106.28424498365152,110.3721005599458,114.4599561362401,118.54781171253438,122.63566728882867,126.72352286512296,130.81137844141725,134.89923401771154,138.98708959400582,143.0749451703001,147.1628007465944,151.2506563228887,155.33851189918298,159.42636747547726,163.51422305177155,167.60207862806584,171.68993420436013,175.77778978065442,179.8656453569487,183.953500933243,188.04135650953728,192.12921208583157,196.21706766212588,200.30492323842017,204.39277881471446,208.48063439100875,212.56848996730304,216.65634554359733,220.7442011198916,224.8320566961859,228.9199122724802,233.00776784877448,237.09562342506877,241.18347900136305,245.27133457765734,249.35919015395163,253.44704573024592,257.5349013065402,261.6227568828345],"_type":"histogram"},"grad_neuron_0":0,"epoch":10,"test_f1":0.02065997130559541,"grad_neuron_1":0,"grad_neuron_4":0,"_runtime":70,"train_accuracy":0.1046,"_wandb":{"runtime":70}}