{"grad_neuron_4":0.14729913808533518,"grad_neuron_0":0.10859429252469026,"grad_neuron_3":0.23049738404413483,"train_accuracy":0.9781333333333333,"_timestamp":1.772898377745572e+09,"epoch":10,"class_samples":{"log_mode":"IMMUTABLE","artifact_path":"wandb-client-artifact://5kkd8swjqhe15z0hze5f1a5pnajo45ztwnvkn8lg25z3b0az1pjj1ndrlda6jyz7vkilw86ojyab8sjgdmwdnldvkxdus35e5iehrf089num4vpsqbs96dikjexl160u/class_samples.table.json","size":741,"_type":"table-file","nrows":50,"sha256":"bf1bad6fae2bb7eb4f63c64de5751c6c34c6eab3552119fba968a202bc3e1d7f","path":"media/table/class_samples_0_bf1bad6fae2bb7eb4f63.table.json","ncols":2,"_latest_artifact_path":"wandb-client-artifact://s29em8le7neb1u3fwp8teionodkoh50keytfio3j2lb38fygntptzw9h3bx9aqjb2zm1f7277zyrr5866jqghsepag1bambj5cozeotkvhewroi9rro98eti1e3pl3gu:latest/class_samples.table.json"},"activation_hist_layer1":{"_type":"histogram","values":[4,4,10,15,18,27,26,43,38,64,62,62,78,94,92,135,117,135,149,130,150,160,154,206,183,190,222,240,206,247,245,233,255,234,247,251,223,224,253,237,236,184,229,214,158,180,171,154,146,111,116,107,102,78,67,66,49,49,36,30,21,11,6,8],"bins":[-0.9438678670591734,-0.9149550233031881,-0.8860421795472029,-0.8571293357912178,-0.8282164920352325,-0.7993036482792473,-0.770390804523262,-0.7414779607672768,-0.7125651170112917,-0.6836522732553063,-0.6547394294993212,-0.6258265857433359,-0.5969137419873507,-0.5680008982313656,-0.5390880544753802,-0.5101752107193951,-0.48126236696340985,-0.4523495232074246,-0.42343667945143937,-0.39452383569545424,-0.365610991939469,-0.33669814818348376,-0.3077853044274985,-0.2788724606715133,-0.24995961691552804,-0.2210467731595429,-0.19213392940355767,-0.16322108564757243,-0.1343082418915872,-0.10539539813560195,-0.07648255437961682,-0.04756971062363158,-0.018656866867646338,0.010255976888338902,0.03916882064432414,0.06808166440030927,0.09699450815629462,0.12590735191227975,0.15482019566826488,0.18373303942425023,0.21264588318023536,0.2415587269362207,0.27047157069220584,0.29938441444819097,0.3282972582041763,0.35721010196016145,0.3861229457161468,0.41503578947213193,0.4439486332281173,0.4728614769841024,0.5017743207400875,0.5306871644960729,0.559600008252058,0.5885128520080434,0.6174256957640285,0.6463385395200136,0.675251383275999,0.7041642270319841,0.7330770707879695,0.7619899145439546,0.7909027582999397,0.8198156020559251,0.8487284458119102,0.8776412895678956,0.9065541333238806]},"grad_neuron_2":0.06855402501383348,"test_f1":0.961627014390863,"_runtime":56,"grad_norm_layer1":1.6244148473838569,"grad_neuron_1":0.04390078820345209,"test_accuracy":0.962,"_step":56292,"train_loss":0.04628393487069121,"_wandb":{"runtime":56}}