{"test_f1":0.9735883052164611,"epoch":10,"_runtime":111,"_timestamp":1.7729072242277462e+09,"grad_neuron_3":2.1201481223726665e-05,"grad_neuron_4":0.0005678399994617572,"_wandb":{"runtime":111},"activation_hist_layer1":{"_type":"histogram","values":[4464,213,205,201,207,205,183,181,190,158,147,162,162,134,139,128,105,90,101,71,83,75,73,63,50,53,36,40,31,29,22,30,18,19,14,21,14,9,5,11,8,2,6,7,6,6,3,1,1,1,4,0,2,2,0,0,0,0,0,0,0,0,0,1],"bins":[0,0.025820896145665614,0.05164179229133123,0.07746268843699684,0.10328358458266246,0.12910448072832809,0.1549253768739937,0.1807462730196593,0.20656716916532492,0.23238806531099054,0.25820896145665617,0.28402985760232174,0.3098507537479874,0.335671649893653,0.3614925460393186,0.3873134421849842,0.41313433833064983,0.43895523447631546,0.4647761306219811,0.49059702676764666,0.5164179229133123,0.5422388190589779,0.5680597152046435,0.5938806113503091,0.6197015074959747,0.6455224036416404,0.671343299787306,0.6971641959329716,0.7229850920786371,0.7488059882243028,0.7746268843699684,0.800447780515634,0.8262686766612997,0.8520895728069653,0.8779104689526309,0.9037313650982965,0.9295522612439622,0.9553731573896277,0.9811940535352933,1.007014949680959,1.0328358458266247,1.05865674197229,1.0844776381179557,1.1102985342636214,1.136119430409287,1.1619403265549526,1.1877612227006182,1.2135821188462839,1.2394030149919495,1.2652239111376151,1.2910448072832807,1.3168657034289464,1.342686599574612,1.3685074957202776,1.3943283918659433,1.420149288011609,1.4459701841572743,1.47179108030294,1.4976119764486056,1.5234328725942712,1.5492537687399368,1.5750746648856024,1.600895561031268,1.6267164571769337,1.6525373533225993]},"train_loss":0.0009480650392356447,"class_samples":{"path":"media/table/class_samples_0_bf1bad6fae2bb7eb4f63.table.json","size":741,"nrows":50,"sha256":"bf1bad6fae2bb7eb4f63c64de5751c6c34c6eab3552119fba968a202bc3e1d7f","log_mode":"IMMUTABLE","artifact_path":"wandb-client-artifact://ggxgwdaksgmsf10iwin93utmkc269kwadkakhvc7v1udscqb9ate0vrfbhq2rtza7z9uwczudjtlehj7sh9ny8gwcyyf2n9zjfqconwms6og6xigm3wr4jopt069phxs/class_samples.table.json","_type":"table-file","ncols":2,"_latest_artifact_path":"wandb-client-artifact://y1qkh4v5d6thlrzirew2awkzuiscygwvluk3f2enhg7o6vzg5clcr5etddgdthksffbzvozp50zb3kl7asqzq6zejempvuwadgjwkw6wqq37bvxcljvlnd2p6yuemymh:latest/class_samples.table.json"},"_step":56292,"grad_neuron_1":4.4007789349650185e-05,"grad_neuron_0":0.12434028113196369,"test_accuracy":0.9738,"grad_neuron_2":2.2912254704132524e-05,"train_accuracy":0.99475,"grad_norm_layer1":4.238400649613926}