{"grad_neuron_1":0.02431164152089051,"grad_neuron_4":0.04629943802843653,"train_loss":0.12198171704013826,"_wandb":{"runtime":37},"_timestamp":1.7729829637793357e+09,"test_f1":0.923386945341815,"grad_norm_layer1":0.5658174376223403,"_step":6,"_runtime":37,"grad_neuron_2":0.12179079168300883,"train_accuracy":0.9268,"test_accuracy":0.9242,"epoch":5,"class_samples":{"_latest_artifact_path":"wandb-client-artifact://owaak41d8q36lmj3aqljg1n0mokua1p8crglr2krg09i2ufc2ox8zadmg1u1r2vdwdjinay5j44fpuncwmvxo6v1r5g2k1uqseowxj6qe57ujis2o7uxpdu506rso8et:latest/class_samples.table.json","ncols":2,"_type":"table-file","artifact_path":"wandb-client-artifact://jtjokasdisjcuhmlb2uijz0kmpe1birjqm5iyai3tx2gtusawl1u8f5qb95c7a1z9lvg5z6g18ny2e43bi6utm6a4pdal815n5eyck1gtmq8o16y2rjgs458ze5u64e2/class_samples.table.json","path":"media/table/class_samples_0_bf1bad6fae2bb7eb4f63.table.json","size":741,"nrows":50,"sha256":"bf1bad6fae2bb7eb4f63c64de5751c6c34c6eab3552119fba968a202bc3e1d7f","log_mode":"IMMUTABLE"},"activation_hist_layer1":{"bins":[0,0.10018426304062569,0.20036852608125139,0.3005527891218771,0.40073705216250277,0.5009213152031284,0.6011055782437542,0.7012898412843799,0.8014741043250055,0.9016583673656312,1.0018426304062569,1.1020268934468826,1.2022111564875084,1.302395419528134,1.4025796825687598,1.5027639456093853,1.602948208650011,1.7031324716906369,1.8033167347312624,1.9035009977718882,2.0036852608125137,2.1038695238531395,2.2040537868937653,2.304238049934391,2.404422312975017,2.504606576015642,2.604790839056268,2.7049751020968937,2.8051593651375195,2.9053436281781453,3.0055278912187706,3.1057121542593964,3.205896417300022,3.306080680340648,3.4062649433812737,3.506449206421899,3.606633469462525,3.7068177325031506,3.8070019955437764,3.907186258584402,4.0073705216250275,4.107554784665654,4.207739047706279,4.307923310746904,4.408107573787531,4.508291836828156,4.608476099868782,4.7086603629094075,4.808844625950034,4.909028888990659,5.009213152031284,5.109397415071911,5.209581678112536,5.309765941153162,5.4099502041937875,5.510134467234413,5.610318730275039,5.710502993315664,5.810687256356291,5.910871519396916,6.011055782437541,6.1112400454781675,6.211424308518793,6.311608571559419,6.411792834600044],"_type":"histogram","values":[444284,68913,69400,68467,66426,63661,60216,55612,50383,45392,40418,35204,30556,26497,22781,19167,17180,14481,12153,10404,8886,7549,6457,5532,4680,3952,3348,3009,2460,2079,1665,1483,1260,1024,927,738,629,508,449,331,284,229,178,147,115,101,84,61,51,41,40,21,26,11,13,6,7,10,1,5,2,3,1,2]},"grad_neuron_3":0.09205634463209127,"grad_neuron_0":0.019154441493834107}