{"grad_neuron_3":0.13594538251137314,"grad_neuron_2":0.006518005823108309,"grad_neuron_0":0.47232825142871415,"_wandb":{"runtime":40},"class_samples":{"sha256":"bf1bad6fae2bb7eb4f63c64de5751c6c34c6eab3552119fba968a202bc3e1d7f","path":"media/table/class_samples_0_bf1bad6fae2bb7eb4f63.table.json","size":741,"artifact_path":"wandb-client-artifact://as3x5qe3umhb0evwnedm68tb2luohwnopnkn1xp2a36vc9cw9ixvtjirjhp3t01ga4gneyqoab10zabeqk8m1h8rrbf9kx8p7x9rtgj8p355ljuzleje7746zgnzcha2/class_samples.table.json","_latest_artifact_path":"wandb-client-artifact://mnf2a8xfhukfkx8m4eic20kr8bl67hcdo0dl6ep1xfs1s1sfa5i2361lerp8app7ps8n52gu9c9u3qqtops41pesa0h3adkx1q4y5qid06hx9ony0extqnlh5otgcyiw:latest/class_samples.table.json","_type":"table-file","ncols":2,"nrows":50,"log_mode":"IMMUTABLE"},"_step":6,"_runtime":40,"test_accuracy":0.9729,"_timestamp":1.772987723382141e+09,"activation_hist_layer1":{"_type":"histogram","values":[808408,46221,43717,40804,37562,35058,31901,29350,26599,24063,21465,18809,16164,14450,12646,11056,9574,7998,6985,5953,5020,4247,3566,3079,2583,2257,1877,1522,1177,1026,801,756,581,480,388,299,272,230,185,154,127,103,89,74,70,49,30,34,32,18,19,13,12,14,4,9,2,2,4,4,5,1,1,1],"bins":[0,0.12651635798069877,0.25303271596139754,0.3795490739420963,0.5060654319227951,0.6325817899034938,0.7590981478841926,0.8856145058648914,1.0121308638455901,1.1386472218262889,1.2651635798069876,1.3916799377876865,1.5181962957683852,1.644712653749084,1.7712290117297829,1.8977453697104816,2.0242617276911803,2.1507780856718792,2.2772944436525777,2.4038108016332767,2.530327159613975,2.656843517594674,2.783359875575373,2.9098762335560715,3.0363925915367704,3.1629089495174694,3.289425307498168,3.415941665478867,3.5424580234595657,3.668974381440264,3.795490739420963,3.9220070974016616,4.048523455382361,4.1750398133630595,4.3015561713437585,4.4280725293244565,4.554588887305155,4.681105245285854,4.807621603266553,4.934137961247252,5.06065431922795,5.187170677208649,5.313687035189348,5.440203393170047,5.566719751150746,5.693236109131445,5.819752467112143,5.946268825092842,6.072785183073541,6.19930154105424,6.325817899034939,6.452334257015637,6.578850614996336,6.705366972977035,6.831883330957734,6.9583996889384325,7.0849160469191315,7.2114324048998295,7.337948762880528,7.464465120861227,7.590981478841926,7.717497836822625,7.844014194803323,7.970530552784022,8.097046910764721]},"grad_neuron_1":0.03782516691213688,"epoch":5,"train_loss":0.04682529714762765,"grad_norm_layer1":1.0709268179294376,"train_accuracy":0.9888,"grad_neuron_4":0.11355324353049291,"test_f1":0.9726398912726502}