{"train_accuracy":0.9789833333333333,"grad_neuron_1":0.033008430660539725,"_timestamp":1.7728957582316113e+09,"_step":56292,"_wandb":{"runtime":81},"grad_neuron_3":0.05522700370095901,"class_samples":{"log_mode":"IMMUTABLE","size":741,"sha256":"bf1bad6fae2bb7eb4f63c64de5751c6c34c6eab3552119fba968a202bc3e1d7f","artifact_path":"wandb-client-artifact://xs1v05ibc54ow94krsjktuvjdpq15jt2d9jp78tk2cb7bwxy3iddyad1olarmut0p3bf2vtryxcfv5e3n1jybi0w8abblt2yfd7vjqhnacicz8xktzk9hf5qcsgqg0ca/class_samples.table.json","_latest_artifact_path":"wandb-client-artifact://q48r1d6bqy20hxjtlux8ankjfib2huv37dgpqhnyealg3mt8kb3xdjc7cfbefo2zcq79ollb0winhhnkacqdpamrnypt9qrqgyah7jcnrayv9hy00vb1chzvpd66eca5:latest/class_samples.table.json","path":"media/table/class_samples_0_bf1bad6fae2bb7eb4f63.table.json","_type":"table-file","ncols":2,"nrows":50},"test_accuracy":0.9665,"grad_neuron_4":0.04748477179167005,"train_loss":0.0750007612477063,"_runtime":81,"test_f1":0.9662514736176337,"grad_norm_layer1":0.4713433100302414,"grad_neuron_0":0.009420698199357055,"grad_neuron_2":0.03961564269654289,"activation_hist_layer1":{"bins":[0.1211499043650419,0.1327059831018151,0.1442620618385883,0.15581814057536153,0.16737421931213473,0.17893029804890795,0.19048637678568114,0.20204245552245437,0.21359853425922756,0.22515461299600076,0.23671069173277398,0.2482667704695472,0.25982284920632037,0.2713789279430936,0.2829350066798668,0.29449108541664004,0.3060471641534132,0.31760324289018643,0.32915932162695966,0.3407154003637328,0.35227147910050605,0.36382755783727927,0.3753836365740525,0.3869397153108257,0.3984957940475989,0.4100518727843721,0.42160795152114533,0.4331640302579185,0.4447201089946917,0.45627618773146494,0.46783226646823817,0.47938834520501133,0.49094442394178456,0.5025005026785577,0.514056581415331,0.5256126601521042,0.5371687388888774,0.5487248176256506,0.5602808963624237,0.571836975099197,0.5833930538359702,0.5949491325727434,0.6065052113095166,0.6180612900462898,0.6296173687830631,0.6411734475198363,0.6527295262566095,0.6642856049933826,0.6758416837301559,0.6873977624669291,0.6989538412037023,0.7105099199404755,0.7220659986772487,0.733622077414022,0.7451781561507951,0.7567342348875683,0.7682903136243415,0.7798463923611147,0.791402471097888,0.8029585498346612,0.8145146285714344,0.8260707073082075,0.8376267860449808,0.849182864781754,0.8607389435185272],"_type":"histogram","values":[1,0,1,2,1,3,4,12,12,17,21,28,33,29,60,67,71,106,99,124,152,163,165,197,231,237,259,280,297,328,370,360,376,362,330,333,346,319,277,229,235,246,213,204,149,151,125,121,86,75,70,50,43,37,29,15,13,9,5,3,5,4,1,1]},"epoch":10}