{"_timestamp":1.7729016021886785e+09,"train_loss":0.48702207449684903,"grad_neuron_1":0.06415200491217729,"activation_hist_layer1":{"values":[3,7,9,13,17,23,40,37,44,33,39,63,79,68,75,81,95,97,104,85,101,113,90,96,116,92,114,102,91,95,102,127,127,116,95,93,113,117,96,86,90,88,87,83,81,62,67,72,44,66,45,44,36,36,26,19,12,14,13,6,3,3,2,3],"bins":[-0.9313668050007265,-0.9021511573423082,-0.8729355096838899,-0.8437198620254716,-0.8145042143670532,-0.7852885667086349,-0.7560729190502167,-0.7268572713917982,-0.69764162373338,-0.6684259760749616,-0.6392103284165433,-0.6099946807581249,-0.5807790330997067,-0.5515633854412884,-0.52234773778287,-0.4931320901244517,-0.46391644246603336,-0.43470079480761503,-0.4054851471491967,-0.37626949949077837,-0.34705385183236004,-0.3178382041739417,-0.2886225565155234,-0.25940690885710505,-0.23019126119868683,-0.2009756135402685,-0.17175996588185016,-0.14254431822343183,-0.1133286705650135,-0.08411302290659517,-0.05489737524817684,-0.025681727589758507,0.0035339200686598238,0.032749567727078155,0.061965215385496486,0.0911808630439147,0.12039651070233315,0.14961215836075137,0.1788278060191698,0.20804345367758803,0.23725910133600647,0.2664747489944247,0.29569039665284313,0.32490604431126135,0.3541216919696798,0.383337339628098,0.41255298728651646,0.4417686349449347,0.4709842826033529,0.5001999302617713,0.5294155779201896,0.558631225578608,0.5878468732370262,0.6170625208954447,0.6462781685538629,0.6754938162122813,0.7047094638706995,0.733925111529118,0.7631407591875362,0.7923564068459547,0.8215720545043729,0.8507877021627913,0.8800033498212095,0.909218997479628,0.9384346451380463],"_type":"histogram"},"class_samples":{"nrows":50,"_latest_artifact_path":"wandb-client-artifact://phujdjs8fcc8ekcwxq4n37yr4e9w3px76nmr8uolnkqbmz10ekt5e389tpizxw0ru9z1eamv63m3m8i1gidxvuj2v2lu01x33q9hkfrbmw12itltifj2qecd76pt4mbn:latest/class_samples.table.json","log_mode":"IMMUTABLE","path":"media/table/class_samples_0_bf1bad6fae2bb7eb4f63.table.json","size":741,"sha256":"bf1bad6fae2bb7eb4f63c64de5751c6c34c6eab3552119fba968a202bc3e1d7f","_type":"table-file","artifact_path":"wandb-client-artifact://ldf0cmo06bi8wq79y7f938tfit6p14si5uov9at7v99tb06jqpmmjzb5z2hejxj77ghkqu1ak2nk8tvk14jgkfl4sewbu7u9v2fl7koj3l029jrbhab7pmcnakxdq5r6/class_samples.table.json","ncols":2},"_wandb":{"runtime":38},"grad_neuron_3":0.07285672463430047,"epoch":10,"test_accuracy":0.8769,"_step":56292,"grad_neuron_0":0.12463750776588667,"grad_neuron_4":0.06334494609606302,"grad_neuron_2":0.11189238297457312,"train_accuracy":0.8808833333333334,"grad_norm_layer1":0.8695566911584917,"_runtime":38,"test_f1":0.8751634081044812}