{"grad_neuron_4":0.01742395551357499,"epoch":5,"grad_neuron_1":0.06277569796682225,"_step":6,"grad_norm_layer1":0.6022262094412764,"train_accuracy":0.61,"grad_neuron_2":0.054745059429477716,"grad_neuron_3":0.056044903126235675,"activation_hist_layer1":{"_type":"histogram","values":[615413,55184,54450,53003,51114,48230,45357,41950,38668,35184,31547,27922,24959,22214,19448,16989,14839,12710,11049,9772,8209,7056,5861,5266,4250,3654,3034,2436,2036,1649,1326,1073,870,744,580,472,364,290,189,162,109,89,66,58,42,31,25,19,11,6,5,5,3,3,2,0,0,0,2,0,0,0,0,1],"bins":[0,0.052739624821033046,0.10547924964206609,0.15821887446309912,0.21095849928413218,0.26369812410516524,0.31643774892619825,0.3691773737472313,0.42191699856826437,0.4746566233892974,0.5273962482103305,0.5801358730313635,0.6328754978523965,0.6856151226734296,0.7383547474944626,0.7910943723154957,0.8438339971365287,0.8965736219575617,0.9493132467785949,1.002052871599628,1.054792496420661,1.107532121241694,1.160271746062727,1.21301137088376,1.265750995704793,1.3184906205258262,1.3712302453468592,1.4239698701678922,1.4767094949889252,1.5294491198099582,1.5821887446309915,1.6349283694520245,1.6876679942730575,1.7404076190940905,1.7931472439151235,1.8458868687361567,1.8986264935571897,1.9513661183782227,2.004105743199256,2.056845368020289,2.109584992841322,2.162324617662355,2.215064242483388,2.267803867304421,2.320543492125454,2.373283116946487,2.42602274176752,2.478762366588553,2.531501991409586,2.5842416162306194,2.6369812410516524,2.6897208658726854,2.7424604906937184,2.7952001155147514,2.8479397403357845,2.9006793651568175,2.9534189899778505,3.0061586147988835,3.0588982396199165,3.11163786444095,3.164377489261983,3.217117114083016,3.269856738904049,3.322596363725082,3.375335988546115]},"_timestamp":1.772983804407649e+09,"_wandb":{"runtime":28},"train_loss":0.682285346535626,"grad_neuron_0":0.04693472742927434,"test_accuracy":0.6254,"class_samples":{"log_mode":"IMMUTABLE","_type":"table-file","size":741,"sha256":"bf1bad6fae2bb7eb4f63c64de5751c6c34c6eab3552119fba968a202bc3e1d7f","artifact_path":"wandb-client-artifact://kdzur0ii15u4extlskinwd9yf0akrr350hi0n2txdc3ykdpg9yeil497gqwcupw8l0e3k77jhzz3mq2leswiuaexh0px3f855uo9s2i4zczsagfpdd4sx5v0vgyb7lli/class_samples.table.json","_latest_artifact_path":"wandb-client-artifact://h6bhv1j8ya7snp2szx24uxxojstugg434pgre3af8sobhdxovtnysps2coqfkq29u6ldwr2pjf3wwxzuo13x80rgwjhm9i5ph0l0ggcev26grnqgg2jg2ekxnkac1tfa:latest/class_samples.table.json","path":"media/table/class_samples_0_bf1bad6fae2bb7eb4f63.table.json","ncols":2,"nrows":50},"_runtime":28,"test_f1":0.5797265602177712}