{"train_loss":2.0596539211127176,"activation_hist_layer1":{"_type":"histogram","values":[1,0,2,7,5,4,6,15,9,18,24,20,49,62,67,69,96,101,140,197,198,182,225,257,264,298,303,333,360,393,400,413,328,348,341,292,306,268,218,235,212,168,167,126,109,110,77,72,61,47,45,35,27,22,15,12,8,10,5,2,2,3,2,1],"bins":[0.11853488264918048,0.13059214093879956,0.14264939922841866,0.15470665751803775,0.16676391580765682,0.1788211740972759,0.190878432386895,0.20293569067651407,0.2149929489661332,0.22705020725575226,0.23910746554537135,0.25116472383499044,0.2632219821246095,0.27527924041422863,0.2873364987038477,0.29939375699346676,0.3114510152830859,0.32350827357270495,0.3355655318623241,0.34762279015194314,0.3596800484415622,0.3717373067311813,0.3837945650208004,0.3958518233104195,0.4079090816000386,0.41996633988965765,0.43202359817927677,0.44408085646889583,0.4561381147585149,0.468195373048134,0.4802526313377531,0.4923098896273722,0.5043671479169912,0.5164244062066103,0.5284816644962295,0.5405389227858485,0.5525961810754676,0.5646534393650867,0.5767106976547057,0.5887679559443249,0.600825214233944,0.612882472523563,0.6249397308131821,0.6369969891028012,0.6490542473924202,0.6611115056820394,0.6731687639716585,0.6852260222612775,0.6972832805508966,0.7093405388405157,0.7213977971301347,0.7334550554197539,0.745512313709373,0.757569571998992,0.7696268302886111,0.7816840885782302,0.7937413468678493,0.8057986051574684,0.8178558634470875,0.8299131217367066,0.8419703800263256,0.8540276383159447,0.8660848966055639,0.8781421548951829,0.890199413184802]},"grad_neuron_1":0.029409720142502965,"class_samples":{"_latest_artifact_path":"wandb-client-artifact://835qj8zoi9wqt2yj5gwe0re9a34kecig6o5wmeh1nd5rlvwy494crhakq7ps5e7qdbes5cuot19x92lpuxku05admiw6g8fbhcx77hjp91ipmy06exj3q4hwj4fmge21:latest/class_samples.table.json","log_mode":"IMMUTABLE","ncols":2,"nrows":50,"size":741,"sha256":"bf1bad6fae2bb7eb4f63c64de5751c6c34c6eab3552119fba968a202bc3e1d7f","artifact_path":"wandb-client-artifact://uuutk0j60erj7jq43tjjfjghmsd82swtkhh89yww61sut2ed8oex3555n6qnvelytyklmzs1ekjsf2cefhadioeue56ic58w9t5vutxzd2l24etz33etv5zb8lu5x1oe/class_samples.table.json","_type":"table-file","path":"media/table/class_samples_0_bf1bad6fae2bb7eb4f63.table.json"},"grad_neuron_4":0.027156561189216537,"_runtime":44,"grad_neuron_0":0.016674111325033134,"epoch":10,"_wandb":{"runtime":44},"train_accuracy":0.5974333333333334,"test_f1":0.549630010110951,"grad_neuron_2":0.016901636833485795,"grad_neuron_3":0.02215627813191563,"grad_norm_layer1":0.19688349089464055,"_timestamp":1.7728984361054826e+09,"test_accuracy":0.5971,"_step":56292}