{"_step":56292,"train_accuracy":0.11208333333333333,"test_accuracy":0.1152,"grad_neuron_3":0.01367526117125327,"train_loss":0.08986215322493495,"epoch":10,"grad_neuron_2":0.007236141337992163,"grad_neuron_1":0.00796399765185239,"test_f1":0.02065997130559541,"grad_neuron_4":0.009673201422166818,"_wandb":{"runtime":40},"grad_norm_layer1":0.06992720334156079,"grad_neuron_0":0.008618081066683124,"activation_hist_layer1":{"values":[3,1,4,4,7,3,8,12,18,12,13,14,29,24,41,44,49,46,69,69,84,99,117,98,116,118,146,128,155,164,171,165,156,167,150,178,130,151,141,133,111,97,84,74,78,62,62,46,60,33,31,30,20,22,14,16,4,2,2,4,2,1,1,3],"bins":[0.1776198814009251,0.18808643357394988,0.19855298574697464,0.20901953791999942,0.21948609009302417,0.22995264226604895,0.24041919443907372,0.2508857466120985,0.2613522987851232,0.271818850958148,0.2822854031311728,0.2927519553041975,0.30321850747722234,0.31368505965024707,0.32415161182327185,0.3346181639962966,0.34508471616932135,0.3555512683423462,0.3660178205153709,0.3764843726883957,0.38695092486142046,0.3974174770344452,0.40788402920746997,0.41835058138049475,0.4288171335535195,0.4392836857265443,0.449750237899569,0.4602167900725938,0.4706833422456186,0.48114989441864336,0.4916164465916681,0.5020829987646929,0.5125495509377176,0.5230161031107424,0.5334826552837673,0.543949207456792,0.5544157596298167,0.5648823118028414,0.5753488639758663,0.585815416148891,0.5962819683219158,0.6067485204949405,0.6172150726679653,0.6276816248409901,0.6381481770140148,0.6486147291870397,0.6590812813600644,0.6695478335330891,0.6800143857061139,0.6904809378791387,0.7009474900521635,0.7114140422251882,0.721880594398213,0.7323471465712378,0.7428136987442625,0.7532802509172872,0.7637468030903121,0.7742133552633368,0.7846799074363616,0.7951464596093863,0.8056130117824111,0.8160795639554359,0.8265461161284606,0.8370126683014855,0.8474792204745102],"_type":"histogram"},"_timestamp":1.772902644759888e+09,"class_samples":{"_latest_artifact_path":"wandb-client-artifact://mx228cuosutw505goso2id2cd3pndvi9q1urxs4qpbxdms7fcr49n16dfv5mxt3nrn83e4lcqoz27e3t2jz4pssl5ob4yuc9rb016suvulqirkhcyjgcirqhqxzsg535:latest/class_samples.table.json","path":"media/table/class_samples_0_bf1bad6fae2bb7eb4f63.table.json","nrows":50,"_type":"table-file","artifact_path":"wandb-client-artifact://b49ebwucxk1uordvzyxd4r3dq3szsjeiu0x42mjkwiov4jck3uyqc3i98zrl8549188p7fmr5yidpwbceywubtu5uq60kfkogdcaoaqtguu4et9ovlj6lyqk848v8emd/class_samples.table.json","sha256":"bf1bad6fae2bb7eb4f63c64de5751c6c34c6eab3552119fba968a202bc3e1d7f","log_mode":"IMMUTABLE","size":741,"ncols":2},"_runtime":40}