{"class_samples":{"sha256":"bf1bad6fae2bb7eb4f63c64de5751c6c34c6eab3552119fba968a202bc3e1d7f","log_mode":"IMMUTABLE","size":741,"ncols":2,"artifact_path":"wandb-client-artifact://yfp5dn5sozjhmqp6jl14bgyicnj4g121u3tygs9sz1fyf9wh9hxw76rq0o9ysux83ptpq3mbjxakcbeqy8223h45q2q2nygp8rcef04pndof7yo7f7lxinvz3hieijv4/class_samples.table.json","nrows":50,"_type":"table-file","path":"media/table/class_samples_0_bf1bad6fae2bb7eb4f63.table.json","_latest_artifact_path":"wandb-client-artifact://b0f7un62x5wikaab67lfnbjy5ffip8tlt8f6b6dzm5mpl9s6lehs2cefl4qp8gx8uo5ib7o0votp3ski6p3fib8wjp7iibvswhjgi0dk0fcnaxwfi7fj1rdafiwpz760:latest/class_samples.table.json"},"grad_neuron_3":0.035798592902409915,"grad_neuron_1":0.04798218223002776,"epoch":5,"grad_neuron_4":0.04136133144209315,"_runtime":25,"grad_norm_layer1":0.44921100252480484,"test_accuracy":0.5873,"activation_hist_layer1":{"values":[294247,28509,27833,27077,25956,23932,22351,20769,19150,17510,16037,14400,12977,11763,10577,9351,8257,7090,6365,5453,4713,4009,3583,2919,2545,2034,1701,1454,1277,1081,920,759,584,513,402,349,264,230,196,166,113,113,86,72,69,47,53,28,29,17,19,13,13,6,3,7,4,0,2,2,0,0,0,1],"bins":[0,0.05605828669075292,0.11211657338150584,0.16817486007225876,0.22423314676301168,0.2802914334537646,0.3363497201445175,0.39240800683527044,0.44846629352602335,0.5045245802167763,0.5605828669075292,0.6166411535982821,0.672699440289035,0.7287577269797879,0.7848160136705409,0.8408743003612937,0.8969325870520467,0.9529908737427997,1.0090491604335525,1.0651074471243054,1.1211657338150585,1.1772240205058113,1.2332823071965642,1.289340593887317,1.34539888057807,1.401457167268823,1.4575154539595758,1.513573740650329,1.5696320273410818,1.6256903140318346,1.6817486007225875,1.7378068874133406,1.7938651741040934,1.8499234607948463,1.9059817474855993,1.9620400341763522,2.018098320867105,2.074156607557858,2.1302148942486108,2.186273180939364,2.242331467630117,2.2983897543208696,2.3544480410116226,2.4105063277023757,2.4665646143931284,2.5226229010838814,2.578681187774634,2.634739474465387,2.69079776115614,2.746856047846893,2.802914334537646,2.858972621228399,2.9150309079191516,2.9710891946099047,3.027147481300658,3.0832057679914104,3.1392640546821635,3.1953223413729166,3.2513806280636692,3.3074389147544223,3.363497201445175,3.419555488135928,3.475613774826681,3.5316720615174337,3.587730348208187],"_type":"histogram"},"_step":6,"train_loss":0.7544314101725202,"_wandb":{"runtime":25},"test_f1":0.5363110462420664,"grad_neuron_0":0.070686397873582,"_timestamp":1.7729812729666998e+09,"grad_neuron_2":0.05061292180624406,"train_accuracy":0.6046}