{"grad_neuron_4":0.05436951316302421,"test_accuracy":0.9539,"_timestamp":1.772902046476168e+09,"epoch":10,"activation_hist_layer1":{"bins":[0.15209392462618185,0.1636679994137632,0.17524207420134458,0.18681614898892593,0.19839022377650728,0.20996429856408863,0.22153837335166998,0.23311244813925136,0.2446865229268327,0.25626059771441406,0.26783467250199544,0.27940874728957676,0.29098282207715814,0.3025568968647395,0.31413097165232085,0.3257050464399022,0.3372791212274836,0.3488531960150649,0.36042727080264625,0.3720013455902277,0.383575420377809,0.39514949516539033,0.40672356995297176,0.4182976447405531,0.4298717195281344,0.44144579431571584,0.45301986910329717,0.4645939438908785,0.4761680186784599,0.48774209346604125,0.49931616825362257,0.5108902430412039,0.5224643178287853,0.5340383926163667,0.545612467403948,0.5571865421915294,0.5687606169791107,0.5803346917666921,0.5919087665542735,0.6034828413418548,0.6150569161294361,0.6266309909170176,0.6382050657045989,0.6497791404921802,0.6613532152797617,0.672927290067343,0.6845013648549243,0.6960754396425057,0.7076495144300871,0.7192235892176684,0.7307976640052498,0.7423717387928311,0.7539458135804125,0.7655198883679939,0.7770939631555752,0.7886680379431565,0.800242112730738,0.8118161875183193,0.8233902623059006,0.834964337093482,0.8465384118810634,0.8581124866686447,0.869686561456226,0.8812606362438075,0.8928347110313888],"_type":"histogram","values":[1,3,4,2,10,8,15,19,17,26,29,41,57,57,91,108,109,144,161,200,219,254,271,316,300,306,326,355,361,382,358,358,364,345,327,294,259,252,221,164,182,137,124,119,83,81,76,52,47,37,29,22,21,15,11,9,6,2,1,1,0,1,1,1]},"_runtime":45,"grad_neuron_2":0.03770663607001401,"grad_neuron_3":0.05992442870167861,"_step":56292,"test_f1":0.9536291395056079,"train_accuracy":0.9605833333333333,"grad_norm_layer1":0.5759060192944601,"train_loss":0.006719956757664575,"_wandb":{"runtime":45},"class_samples":{"_latest_artifact_path":"wandb-client-artifact://8sqezqhq59rqj5pz8oa46iup57kxeyupkcnwywat5nfusrb1f282drd955x3l0i51tnb0lql5cgqsy9neoteok03putnyzw9n7unmymyvocj29jfdltbqhn4xhjhgdhz:latest/class_samples.table.json","_type":"table-file","path":"media/table/class_samples_0_bf1bad6fae2bb7eb4f63.table.json","nrows":50,"artifact_path":"wandb-client-artifact://rnu2iovo8e5wmegissm3vomgjh7560v2cusm72xyj19z224t44b7lh55n6vxravmzq6boqgmyqp7mys7wc536dmhdk9zgc6chyi0wvcbilvd34zn1zh7ca4pkwk8k4us/class_samples.table.json","log_mode":"IMMUTABLE","sha256":"bf1bad6fae2bb7eb4f63c64de5751c6c34c6eab3552119fba968a202bc3e1d7f","ncols":2,"size":741},"grad_neuron_1":0.04865980621620319,"grad_neuron_0":0.06170231173832061}