{"train_loss":0.5018890898221124,"grad_neuron_4":0.0567657162605897,"_runtime":55,"test_f1":0.642153737902598,"grad_neuron_1":0.03607556717502027,"grad_norm_layer1":0.5094970387645006,"test_accuracy":0.6958,"grad_neuron_0":0.04160047837230574,"epoch":5,"_wandb":{"runtime":55},"activation_hist_layer1":{"values":[153,801,1779,2966,4204,5519,6934,8415,9888,11686,12971,14839,16834,18702,20535,22580,24173,25701,27381,28712,30056,31515,32828,33857,34425,35252,35975,36571,36708,36623,36771,36775,37133,36615,35803,35156,34056,33178,32367,30776,29845,28570,27269,25967,24220,22864,21280,19825,18199,16528,14956,13720,11864,10453,8994,7620,6160,4886,3818,2647,1745,948,357,52],"bins":[-0.9829999558076449,-0.9523395903956619,-0.9216792249836787,-0.8910188595716957,-0.8603584941597127,-0.8296981287477296,-0.7990377633357466,-0.7683773979237635,-0.7377170325117804,-0.7070566670997974,-0.6763963016878143,-0.6457359362758313,-0.6150755708638482,-0.5844152054518652,-0.5537548400398822,-0.523094474627899,-0.492434109215916,-0.461773743803933,-0.43111337839194996,-0.4004530129799668,-0.3697926475679838,-0.3391322821560008,-0.30847191674401764,-0.2778115513320346,-0.24715118592005159,-0.21649082050806856,-0.18583045509608553,-0.1551700896841024,-0.12450972427211937,-0.09384935886013634,-0.06318899344815321,-0.03252862803617018,-0.0018682626241871558,0.02879210278779587,0.059452468199778896,0.09011283361176192,0.12077319902374495,0.1514335644357282,0.18209392984771122,0.21275429525969425,0.24341466067167727,0.2740750260836603,0.3047353914956433,0.33539575690762635,0.3660561223196096,0.3967164877315926,0.42737685314357565,0.4580372185555587,0.4886975839675417,0.5193579493795247,0.5500183147915078,0.5806786802034908,0.6113390456154738,0.6419994110274571,0.6726597764394401,0.7033201418514231,0.7339805072634061,0.7646408726753892,0.7953012380873722,0.8259616034993552,0.8566219689113385,0.8872823343233215,0.9179426997353045,0.9486030651472875,0.9792634305592707],"_type":"histogram"},"class_samples":{"sha256":"bf1bad6fae2bb7eb4f63c64de5751c6c34c6eab3552119fba968a202bc3e1d7f","_latest_artifact_path":"wandb-client-artifact://l0uv4bjeunwta4m8fmqyjgg4tm2t76na7j32j8v4c2f368urcned41kd855s8jv2wj350tic890b5l32yehyqhig2mvgkag9f0g9ubosflrj025bc0jweonkrbjddt2k:latest/class_samples.table.json","ncols":2,"nrows":50,"log_mode":"IMMUTABLE","_type":"table-file","path":"media/table/class_samples_0_bf1bad6fae2bb7eb4f63.table.json","size":741,"artifact_path":"wandb-client-artifact://3mwjeii5hmx82a95ify40apluskbqtb92pcwm7t8smea9aipru6au1owxm5pgkqfhdl3e4xcke13ema0bxla6la1ugof6ojva40kjpig6p0hf42ibwt7kmsa0bord5vg/class_samples.table.json"},"grad_neuron_3":0.05028691968076189,"train_accuracy":0.694,"_timestamp":1.772985243349089e+09,"_step":6,"grad_neuron_2":0.02761077067774785}