{"test_f1":0.8928420412244371,"grad_neuron_3":0.08449671676403211,"epoch":10,"_wandb":{"runtime":41},"grad_neuron_0":0.06558637718505579,"_step":56292,"activation_hist_layer1":{"values":[4,0,0,5,2,5,5,6,14,8,17,22,15,37,41,50,54,65,78,84,113,107,135,140,146,161,178,174,166,195,165,187,170,159,161,154,152,126,96,94,79,84,67,69,58,47,39,35,26,30,16,17,8,10,7,5,2,1,1,2,0,1,0,1],"bins":[0.16048243648433302,0.17189519375005416,0.1833079510157753,0.1947207082814964,0.20613346554721754,0.21754622281293867,0.22895898007865978,0.24037173734438091,0.25178449461010205,0.2631972518758232,0.2746100091415443,0.2860227664072654,0.29743552367298653,0.3088482809387077,0.3202610382044288,0.33167379547014997,0.3430865527358711,0.3544993100015922,0.36591206726731335,0.37732482453303445,0.3887375817987556,0.4001503390644767,0.41156309633019783,0.422975853595919,0.4343886108616401,0.4458013681273612,0.45721412539308237,0.4686268826588035,0.4800396399245246,0.49145239719024575,0.5028651544559668,0.514277911721688,0.5256906689874091,0.5371034262531302,0.5485161835188515,0.5599289407845724,0.5713416980502937,0.5827544553160148,0.5941672125817359,0.6055799698474571,0.6169927271131781,0.6284054843788993,0.6398182416446204,0.6512309989103415,0.6626437561760626,0.6740565134417837,0.685469270707505,0.6968820279732261,0.7082947852389472,0.7197075425046683,0.7311202997703894,0.7425330570361106,0.7539458143018317,0.7653585715675528,0.7767713288332739,0.788184086098995,0.7995968433647161,0.8110096006304374,0.8224223578961585,0.8338351151618796,0.8452478724276007,0.8566606296933218,0.868073386959043,0.8794861442247641,0.8908989014904852],"_type":"histogram"},"grad_norm_layer1":0.8039759262262995,"train_loss":0.01669191653787621,"class_samples":{"log_mode":"IMMUTABLE","path":"media/table/class_samples_0_bf1bad6fae2bb7eb4f63.table.json","sha256":"bf1bad6fae2bb7eb4f63c64de5751c6c34c6eab3552119fba968a202bc3e1d7f","artifact_path":"wandb-client-artifact://462laww0h77mm5v0t28i68cddaegdtt7t7l1vl3hyeck8c20x37z8f7bl8we6nufi5jkgiwfwn76071qk0xryn32fkg2z6juhywsm85v8kr93z6sabhryg29svdfc7wd/class_samples.table.json","ncols":2,"_latest_artifact_path":"wandb-client-artifact://ut1y767u88otwzgfr4jy509xyvbde5g51pi3yfqhfsna7348bex03ix1pokmawv6eb77g3v0p9abq0uk0msjivvdb117kptt67pahyue61pcr6x235zemwb20j62ohtf:latest/class_samples.table.json","nrows":50,"size":741,"_type":"table-file"},"_timestamp":1.7728993567342515e+09,"train_accuracy":0.8979833333333334,"grad_neuron_2":0.10030094446535734,"grad_neuron_4":0.13422215834375995,"_runtime":41,"grad_neuron_1":0.06533014081964157,"test_accuracy":0.8943}