{"class_samples":{"_latest_artifact_path":"wandb-client-artifact://e5l80ahdmh9l6be0a7vnhl1a9iyq7fhif4yz39c1xqyoai1dati2sqt80si6xc7adxw9cmxwiashsjuh7vbdywp8ostrwzt41bxvc9bgatb8w69dnsbd5qhrpw2cnp4x:latest/class_samples.table.json","_type":"table-file","log_mode":"IMMUTABLE","size":741,"path":"media/table/class_samples_0_bf1bad6fae2bb7eb4f63.table.json","ncols":2,"artifact_path":"wandb-client-artifact://6a8e9j3yrz91cum4m78o4b7nd9achddvahs4j8uqp7y3itmtb7md2azbgt53j3qq3ko97hn3d4sd2fqk90zi4zz9bu3l51g6axw4s5ig69ommp2o5gebhggbras78n1f/class_samples.table.json","sha256":"bf1bad6fae2bb7eb4f63c64de5751c6c34c6eab3552119fba968a202bc3e1d7f","nrows":50},"train_loss":0.0212109405594443,"test_f1":0.9762101370147466,"grad_neuron_3":0.006497750381735266,"epoch":10,"grad_neuron_0":0.0011741561096056197,"grad_neuron_2":0.00371197624105443,"train_accuracy":0.9972,"_wandb":{"runtime":40},"grad_norm_layer1":0.22299881061335636,"_timestamp":1.77298831147515e+09,"activation_hist_layer1":{"_type":"histogram","values":[759178,45505,42806,40426,38051,35246,32719,30548,28249,25777,24159,21718,19878,17737,15850,14061,12410,10978,9731,8262,7235,6081,5278,4548,3807,3214,2906,2348,1963,1633,1385,1214,972,814,675,539,407,360,281,209,180,165,114,75,75,45,41,48,29,18,15,10,9,5,5,2,3,1,1,0,0,0,0,1],"bins":[0,0.09163610900327775,0.1832722180065555,0.27490832700983325,0.366544436013111,0.4581805450163887,0.5498166540196665,0.6414527630229442,0.733088872026222,0.8247249810294998,0.9163610900327774,1.0079971990360552,1.099633308039333,1.1912694170426108,1.2829055260458884,1.3745416350491662,1.466177744052444,1.5578138530557217,1.6494499620589995,1.741086071062277,1.8327221800655549,1.9243582890688327,2.0159943980721104,2.1076305070753882,2.199266616078666,2.290902725081944,2.3825388340852216,2.474174943088499,2.5658110520917767,2.6574471610950545,2.7490832700983323,2.84071937910161,2.932355488104888,3.0239915971081657,3.1156277061114435,3.2072638151147213,3.298899924117999,3.390536033121277,3.482172142124554,3.573808251127832,3.6654443601311097,3.7570804691343875,3.8487165781376653,3.940352687140943,4.031988796144221,4.123624905147499,4.2152610141507765,4.306897123154054,4.398533232157332,4.49016934116061,4.581805450163888,4.673441559167165,4.765077668170443,4.856713777173721,4.948349886176998,5.039985995180276,5.1316221041835535,5.223258213186831,5.314894322190109,5.406530431193387,5.498166540196665,5.589802649199942,5.68143875820322,5.773074867206498,5.864710976209776]},"grad_neuron_1":0.001623760294258442,"_runtime":40,"grad_neuron_4":0.003719929053845889,"_step":11,"test_accuracy":0.9764}