{"_wandb":{"runtime":32},"_step":6,"train_accuracy":0.8612,"test_accuracy":0.8593,"_runtime":32,"grad_neuron_3":0,"activation_hist_layer1":{"_type":"histogram","values":[186967,31111,30984,30453,29660,28306,27136,26013,24625,23279,21537,20075,18456,16907,15155,13639,12023,10439,9365,8066,7008,6213,5503,4940,4343,3809,3521,2938,2595,2199,1900,1698,1495,1227,1056,917,766,664,541,427,390,325,261,251,172,134,117,92,63,59,48,39,29,18,15,6,9,7,5,2,1,0,0,1],"bins":[0,0.09639994569754365,0.1927998913950873,0.289199837092631,0.3855997827901746,0.4819997284877182,0.578399674185262,0.6747996198828056,0.7711995655803492,0.8675995112778928,0.9639994569754364,1.0603994026729802,1.156799348370524,1.2531992940680674,1.3495992397656111,1.4459991854631546,1.5423991311606984,1.638799076858242,1.7351990225557856,1.8315989682533294,1.9279989139508729,2.0243988596484166,2.1207988053459603,2.217198751043504,2.313598696741048,2.409998642438591,2.506398588136135,2.6027985338336785,2.6991984795312223,2.795598425228766,2.8919983709263093,2.988398316623853,3.0847982623213968,3.1811982080189405,3.277598153716484,3.3739980994140275,3.4703980451115712,3.566797990809115,3.6631979365066587,3.7595978822042024,3.8559978279017457,3.9523977735992895,4.048797719296833,4.1451976649943765,4.241597610691921,4.337997556389464,4.434397502087008,4.530797447784551,4.627197393482096,4.723597339179639,4.819997284877182,4.916397230574726,5.01279717627227,5.109197121969814,5.205597067667357,5.3019970133649,5.3983969590624445,5.494796904759988,5.591196850457532,5.687596796155075,5.783996741852619,5.880396687550163,5.976796633247706,6.07319657894525,6.1695965246427935]},"test_f1":0.8572157473405971,"epoch":5,"grad_neuron_2":0.005213422458748056,"class_samples":{"_latest_artifact_path":"wandb-client-artifact://dnanitjm4n8pw8nzjzeuf11e3b2pjvcqpg5pmiwps9yv995chrt1xvvakwiq7m359ycguj2ege3nj722ttmm0vervkulge6icu8fs9pxzo6qcivgup64ppe24s5xjnu8:latest/class_samples.table.json","size":741,"nrows":50,"log_mode":"IMMUTABLE","sha256":"bf1bad6fae2bb7eb4f63c64de5751c6c34c6eab3552119fba968a202bc3e1d7f","artifact_path":"wandb-client-artifact://xjt6ug5nf94rsx1vz1geql4pqu3w1kvjnfnq13g0h944udlkku9brdp1zkdz2kemfeoye2pomyqp8kg77o17h4154whoin3ddu3n35m87y7mp0xclaarefwdq0fj1pif/class_samples.table.json","ncols":2,"path":"media/table/class_samples_0_bf1bad6fae2bb7eb4f63.table.json","_type":"table-file"},"train_loss":0.5731758847230071,"grad_norm_layer1":1.526255190173961,"grad_neuron_4":0.26686777387044935,"_timestamp":1.7729814777577107e+09,"grad_neuron_0":0.04560972147706213,"grad_neuron_1":0.1331611057812476}