{"grad_neuron_4":0.32178550747563683,"_runtime":36,"grad_neuron_2":0.1464707972220431,"grad_neuron_0":0.2584578724747392,"_timestamp":1.772902694433752e+09,"test_f1":0.9652261516397365,"grad_norm_layer1":1.8694015098069314,"activation_hist_layer1":{"bins":[0,0.022818642948477047,0.045637285896954094,0.06845592884543114,0.09127457179390819,0.11409321474238523,0.13691185769086228,0.15973050063933933,0.18254914358781638,0.20536778653629342,0.22818642948477047,0.25100507243324754,0.27382371538172456,0.2966423583302016,0.31946100127867866,0.34227964422715573,0.36509828717563275,0.38791693012410977,0.41073557307258685,0.4335542160210639,0.45637285896954094,0.47919150191801796,0.5020101448664951,0.5248287878149721,0.5476474307634491,0.5704660737119261,0.5932847166604032,0.6161033596088803,0.6389220025573573,0.6617406455058343,0.6845592884543115,0.7073779314027885,0.7301965743512655,0.7530152172997425,0.7758338602482195,0.7986525031966967,0.8214711461451737,0.8442897890936507,0.8671084320421278,0.8899270749906049,0.9127457179390819,0.9355643608875589,0.9583830038360359,0.981201646784513,1.0040202897329902,1.026838932681467,1.0496575756299442,1.0724762185784211,1.0952948615268983,1.1181135044753754,1.1409321474238523,1.1637507903723294,1.1865694333208063,1.2093880762692835,1.2322067192177606,1.2550253621662375,1.2778440051147146,1.3006626480631918,1.3234812910116687,1.3462999339601458,1.369118576908623,1.3919372198570998,1.414755862805577,1.4375745057540539,1.460393148702531],"_type":"histogram","values":[2325,88,96,94,77,78,74,68,99,73,87,66,75,65,66,56,47,41,52,41,30,36,31,31,31,30,31,19,21,18,17,15,13,11,14,8,2,9,5,5,7,5,5,4,5,4,7,1,3,2,0,4,2,0,0,0,0,0,1,0,0,0,0,1]},"class_samples":{"_latest_artifact_path":"wandb-client-artifact://7uescht65z97ssdzbxigatgr6ap9eqn8qib6lru3ud1cv8sa8981tra991qmiw470lcmw1row7vy1o2mdp60kbziyhozkh6kmm4q2tw9cv6ewkljc64nz999sc8lqdgo:latest/class_samples.table.json","size":741,"ncols":2,"sha256":"bf1bad6fae2bb7eb4f63c64de5751c6c34c6eab3552119fba968a202bc3e1d7f","nrows":50,"artifact_path":"wandb-client-artifact://1ymhkyh589xwo8zwkci4j9cdrx0ljhwbyn7fco72s9wxr54ecxvh2vlvpyqaytvvjdmfr19g18armdhxzc1p7cb9i3n4nhlftjl0vwyffc1rbg6yl9mtij47iy05ahy8/class_samples.table.json","log_mode":"IMMUTABLE","path":"media/table/class_samples_0_bf1bad6fae2bb7eb4f63.table.json","_type":"table-file"},"grad_neuron_1":0.18347621047307922,"train_loss":0.0038045762516571552,"test_accuracy":0.9654,"epoch":10,"_step":56292,"_wandb":{"runtime":36},"train_accuracy":0.9786666666666667,"grad_neuron_3":0.382915816200072}