{"grad_neuron_2":3.6281709045779223e-22,"activation_hist_layer1":{"_type":"histogram","values":[638049,2021,1224,829,667,581,482,457,396,354,353,308,255,283,221,229,231,200,221,213,195,193,192,177,161,161,151,171,175,166,165,178,171,175,156,172,181,171,156,178,209,187,178,193,225,195,208,246,230,263,258,294,272,306,330,368,427,480,574,697,856,1124,1867,618994],"bins":[-1,-0.96875,-0.9375,-0.90625,-0.875,-0.84375,-0.8125,-0.78125,-0.75,-0.71875,-0.6875,-0.65625,-0.625,-0.59375,-0.5625,-0.53125,-0.5,-0.46875,-0.4375,-0.40625,-0.375,-0.34375,-0.3125,-0.28125,-0.25,-0.21875,-0.1875,-0.15625,-0.125,-0.09375,-0.0625,-0.03125,0,0.03125,0.0625,0.09375,0.125,0.15625,0.1875,0.21875,0.25,0.28125,0.3125,0.34375,0.375,0.40625,0.4375,0.46875,0.5,0.53125,0.5625,0.59375,0.625,0.65625,0.6875,0.71875,0.75,0.78125,0.8125,0.84375,0.875,0.90625,0.9375,0.96875,1]},"grad_neuron_0":5.443767235349648e-25,"grad_neuron_1":2.768281710588752e-22,"grad_neuron_4":1.097512594069984e-15,"class_samples":{"_latest_artifact_path":"wandb-client-artifact://eyhkg9vtm2el302ljcjep0lvpziuruduqlyicq3d2cn89k7zkexwr01p9bapqtcglgr4muxdfh2k5mg1b1x8styyiqv7porik5sci8yo5wblxkaw3birnmf7row1j7bs:latest/class_samples.table.json","path":"media/table/class_samples_0_bf1bad6fae2bb7eb4f63.table.json","artifact_path":"wandb-client-artifact://i73pe6y1jnpuspf78ags9alt0sg8nlt4tv1g6n3f5df83vt81wa5ogcb45zfbn5oia2js0nn7clfmcj432sttgoalxeiym06hrspx122wraa8pz9cjeu8kf2dkr5jovw/class_samples.table.json","log_mode":"IMMUTABLE","sha256":"bf1bad6fae2bb7eb4f63c64de5751c6c34c6eab3552119fba968a202bc3e1d7f","_type":"table-file","ncols":2,"size":741,"nrows":50},"_timestamp":1.7729891258304477e+09,"train_loss":15.441785868799757,"grad_neuron_3":7.206996967862885e-17,"test_f1":0.019086386250565354,"test_accuracy":0.1055,"_wandb":{"runtime":27},"grad_norm_layer1":6.532520035471542e-15,"_runtime":27,"_step":6,"train_accuracy":0.0904,"epoch":5}