{"class_samples":{"artifact_path":"wandb-client-artifact://ns5ftjmq66r07ks62psjnd6uf54edcs42e0emkrtyd04v1a7cegcjjs03t36dfnr3ur27xb8py7ro7cxwetfxhjj2hj0enitc93ub7l26vk5035wc3zl8wezeuvvyesh/class_samples.table.json","_type":"table-file","ncols":2,"sha256":"bf1bad6fae2bb7eb4f63c64de5751c6c34c6eab3552119fba968a202bc3e1d7f","_latest_artifact_path":"wandb-client-artifact://l5abnmlmstu2kie3bjk88rx68sfkypco2y3tu11bqmegduol9y9ijyr2dvpmkf4ummjv1kgxc66i1ntbjmrmfg4kgw3iyhk6m2shw6dbqare4uhxwzk3cuwzatcgdnwq:latest/class_samples.table.json","log_mode":"IMMUTABLE","nrows":50,"path":"media/table/class_samples_0_bf1bad6fae2bb7eb4f63.table.json","size":741},"grad_neuron_4":0.022767320527730277,"grad_norm_layer1":0.21364206114374784,"_step":6,"_timestamp":1.7729810863174267e+09,"test_accuracy":0.7639,"train_loss":0.48370665946917424,"grad_neuron_1":0.01598025340891941,"grad_neuron_3":0.024505153810371137,"grad_neuron_2":0.015506541333810997,"_runtime":26,"_wandb":{"runtime":26},"epoch":5,"test_f1":0.7193035669174265,"grad_neuron_0":0.027801315380847277,"activation_hist_layer1":{"_type":"histogram","values":[53,209,452,761,1202,1931,2858,3864,5203,6478,8191,9536,11326,13073,15168,16922,18850,20991,22812,24810,27210,28991,31203,32590,34328,35842,37201,38213,38980,40570,40774,41601,41785,41785,42411,42261,41715,40731,39614,38219,36238,34403,32063,30035,27868,25429,23343,21520,19019,16826,14692,12552,10629,8818,7280,5731,4412,3223,2320,1488,860,383,128,26],"bins":[0.0068048609260053525,0.021955026141190798,0.037105191356376244,0.05225535657156168,0.06740552178674714,0.08255568700193257,0.09770585221711801,0.11285601743230346,0.12800618264748892,0.14315634786267434,0.15830651307785978,0.17345667829304523,0.18860684350823068,0.20375700872341612,0.21890717393860157,0.23405733915378701,0.24920750436897246,0.2643576695841579,0.2795078347993433,0.2946580000145288,0.3098081652297142,0.3249583304448997,0.3401084956600851,0.3552586608752706,0.370408826090456,0.3855589913056415,0.4007091565208269,0.41585932173601237,0.4310094869511978,0.44615965216638326,0.4613098173815687,0.47645998259675415,0.49161014781193957,0.506760313027125,0.5219104782423105,0.5370606434574959,0.5522108086726814,0.5673609738878669,0.5825111391030523,0.5976613043182377,0.6128114695334231,0.6279616347486087,0.6431117999637941,0.6582619651789795,0.6734121303941649,0.6885622956093504,0.7037124608245359,0.7188626260397213,0.7340127912549067,0.7491629564700921,0.7643131216852777,0.7794632869004631,0.7946134521156485,0.8097636173308339,0.8249137825460194,0.8400639477612049,0.8552141129763903,0.8703642781915757,0.8855144434067612,0.9006646086219466,0.9158147738371321,0.9309649390523175,0.946115104267503,0.9612652694826884,0.9764154346978738]},"train_accuracy":0.7764}