{"class_samples":{"size":741,"nrows":50,"sha256":"bf1bad6fae2bb7eb4f63c64de5751c6c34c6eab3552119fba968a202bc3e1d7f","log_mode":"IMMUTABLE","path":"media/table/class_samples_0_bf1bad6fae2bb7eb4f63.table.json","artifact_path":"wandb-client-artifact://odvyehbfncs0gkj365oeoras5pg91p60b91kp77hw6vevusanig77sxcqwjqf0og25ps2a6to7bholp5uc3uh04968i5w8delk3clds22g48kslta3ka4gni6xcwgstx/class_samples.table.json","_type":"table-file","_latest_artifact_path":"wandb-client-artifact://5593n1v31i716quiuh03bzsi88xwsur002lh132oe78plnkvwu5se5bzsj5ky6gktq5hso67kzad5bzjptg14vdamg6r3lmhlwztyeg2twyvgcxmn6nclzxzsghnwv89:latest/class_samples.table.json","ncols":2},"activation_hist_layer1":{"values":[19,42,55,62,66,86,101,90,111,112,114,106,130,129,110,145,143,157,145,156,143,171,154,163,188,167,183,194,204,201,195,186,174,177,187,196,190,207,178,167,189,168,167,150,138,140,148,131,150,116,116,132,113,111,93,93,93,66,64,32,34,26,13,5],"bins":[-0.9898706549933941,-0.9591614758911341,-0.9284522967888741,-0.8977431176866141,-0.867033938584354,-0.836324759482094,-0.8056155803798339,-0.7749064012775739,-0.7441972221753139,-0.7134880430730539,-0.6827788639707939,-0.6520696848685339,-0.6213605057662739,-0.5906513266640139,-0.5599421475617538,-0.5292329684594937,-0.49852378935723374,-0.46781461025497373,-0.4371054311527137,-0.4063962520504537,-0.3756870729481937,-0.3449778938459336,-0.31426871474367357,-0.28355953564141356,-0.25285035653915355,-0.22214117743689354,-0.19143199833463354,-0.16072281923237353,-0.1300136401301134,-0.0993044610278534,-0.06859528192559339,-0.03788610282333338,-0.007176923721073369,0.02353225538118664,0.05424143448344665,0.08495061358570666,0.11565979268796667,0.14636897179022668,0.17707815089248669,0.2077873299947467,0.2384965090970067,0.26920568819926693,0.29991486730152694,0.33062404640378695,0.36133322550604696,0.39204240460830697,0.422751583710567,0.453460762812827,0.484169941915087,0.514879121017347,0.545588300119607,0.576297479221867,0.607006658324127,0.637715837426387,0.668425016528647,0.6991341956309071,0.7298433747331673,0.7605525538354273,0.7912617329376873,0.8219709120399473,0.8526800911422073,0.8833892702444673,0.9140984493467273,0.9448076284489874,0.9755168075512474],"_type":"histogram"},"grad_neuron_3":0.08979569227484806,"test_accuracy":0.8788,"test_f1":0.8815907305861643,"epoch":15,"grad_neuron_2":0.041382955004210645,"train_loss":0.23521034521501857,"grad_neuron_1":0.013588759935010493,"_timestamp":1.7728972875847664e+09,"grad_norm_layer1":0.8455861645631627,"_wandb":{"runtime":79},"grad_neuron_0":0.04664969064932951,"grad_neuron_4":0.08199098550114649,"_runtime":79,"train_accuracy":0.9064,"_step":84437}