{"_timestamp":1.7729810076116886e+09,"_runtime":22,"test_accuracy":0.5537,"grad_norm_layer1":0.44819649672415984,"_step":6,"activation_hist_layer1":{"values":[338704,35707,33781,31489,28974,26189,23555,20345,17522,15403,12758,10531,9013,7305,5895,4691,3665,2935,2179,1782,1349,1155,881,724,612,481,390,274,239,191,179,137,122,98,97,95,78,73,64,53,41,33,38,25,20,24,22,18,16,13,12,7,4,6,2,1,2,0,0,0,0,0,0,1],"bins":[0,0.07183694293153135,0.1436738858630627,0.21551082879459404,0.2873477717261254,0.3591847146576568,0.4310216575891881,0.5028586005207195,0.5746955434522508,0.6465324863837821,0.7183694293153136,0.7902063722468449,0.8620433151783762,0.9338802581099076,1.005717201041439,1.0775541439729703,1.1493910869045016,1.221228029836033,1.2930649727675643,1.3649019156990958,1.4367388586306271,1.5085758015621584,1.5804127444936897,1.652249687425221,1.7240866303567524,1.795923573288284,1.8677605162198152,1.9395974591513465,2.011434402082878,2.0832713450144094,2.1551082879459407,2.226945230877472,2.2987821738090033,2.3706191167405346,2.442456059672066,2.5142930026035972,2.5861299455351285,2.65796688846666,2.7298038313981916,2.801640774329723,2.8734777172612542,2.9453146601927855,3.017151603124317,3.088988546055848,3.1608254889873795,3.232662431918911,3.304499374850442,3.3763363177819734,3.4481732607135047,3.5200102036450365,3.591847146576568,3.663684089508099,3.7355210324396304,3.8073579753711617,3.879194918302693,3.9510318612342243,4.022868804165756,4.094705747097287,4.166542690028819,4.23837963296035,4.310216575891881,4.382053518823413,4.453890461754944,4.525727404686475,4.597564347618007],"_type":"histogram"},"train_accuracy":0.5676,"grad_neuron_1":0.07209031519520451,"train_loss":0.7212753559827338,"grad_neuron_4":0.021742324915327054,"class_samples":{"sha256":"bf1bad6fae2bb7eb4f63c64de5751c6c34c6eab3552119fba968a202bc3e1d7f","artifact_path":"wandb-client-artifact://kq906d9igq6p3j6gybiwegfhl8f60usz4882v01uy7n2y43zsm9s943ny7h22k8a0i3a4lprk8pzcq18kvi64olx001y5f73wb7dk5wo01pyql5jr7j91i7d0lus3p70/class_samples.table.json","_latest_artifact_path":"wandb-client-artifact://v0nwtd5f94nf1cp6jk69ffp5gs8993yciygo7y39i1rwje71bcjrxpe3afwn1zo4n7y7mrsulyoebmshw3wnolxpeaosjrpj24shm2r0a1b3w8ufzld1642nuz26z12e:latest/class_samples.table.json","nrows":50,"ncols":2,"log_mode":"IMMUTABLE","path":"media/table/class_samples_0_bf1bad6fae2bb7eb4f63.table.json","_type":"table-file","size":741},"grad_neuron_3":0.027002976413382913,"_wandb":{"runtime":22},"grad_neuron_2":0.026346427888449906,"test_f1":0.493679524213268,"grad_neuron_0":0.09550212630752279,"epoch":5}