{"_wandb":{"runtime":38},"train_accuracy":0.9058166666666667,"train_loss":0.014890917164708558,"grad_neuron_0":0.11658357140848147,"_timestamp":1.7728995033251433e+09,"grad_neuron_3":0.16186416578716967,"class_samples":{"ncols":2,"sha256":"bf1bad6fae2bb7eb4f63c64de5751c6c34c6eab3552119fba968a202bc3e1d7f","_type":"table-file","size":741,"_latest_artifact_path":"wandb-client-artifact://o6j0nueq706ne539d77y2gznu50io9an10tgysfudmh5l26rhve059zv4bkuouuq06ia5mi20r5b5fm2hjjtbz884rjt4irmadj0j5w53wvbs2med737t2y7jimjc4a8:latest/class_samples.table.json","artifact_path":"wandb-client-artifact://u3x7u9iy644wselu7m68dinn1phs7u5rdps62h8xykng4rjvdwdxh9gq74wnwnobfp90ub920j5e58n9ods2rq8di433fvzzrj5n0i7tvu7ca5884u7ag60issb38gd9/class_samples.table.json","path":"media/table/class_samples_0_bf1bad6fae2bb7eb4f63.table.json","nrows":50,"log_mode":"IMMUTABLE"},"grad_neuron_2":0.06741365101612663,"_step":56292,"grad_norm_layer1":0.9796722619747974,"test_f1":0.8998854982348948,"activation_hist_layer1":{"_type":"histogram","values":[1,0,0,3,4,9,9,5,7,19,11,18,24,35,36,55,57,64,67,72,98,116,117,122,149,150,136,187,164,146,192,181,147,149,141,162,148,123,122,99,84,102,82,91,73,55,55,34,27,29,25,22,18,15,5,7,8,4,8,1,2,1,1,2],"bins":[0.15186208253971126,0.16282668710039114,0.173791291661071,0.18475589622175087,0.19572050078243075,0.20668510534311063,0.21764970990379048,0.22861431446447036,0.23957891902515022,0.2505435235858301,0.26150812814651,0.27247273270718986,0.2834373372678697,0.2944019418285496,0.30536654638922944,0.3163311509499093,0.3272957555105892,0.3382603600712691,0.34922496463194896,0.3601895691926288,0.3711541737533087,0.38211877831398855,0.39308338287466843,0.4040479874353483,0.41501259199602814,0.42597719655670807,0.4369418011173879,0.44790640567806783,0.45887101023874766,0.4698356147994275,0.4808002193601074,0.49176482392078724,0.5027294284814672,0.513694033042147,0.5246586376028269,0.5356232421635068,0.5465878467241866,0.5575524512848665,0.5685170558455463,0.5794816604062263,0.5904462649669061,0.601410869527586,0.6123754740882659,0.6233400786489457,0.6343046832096256,0.6452692877703055,0.6562338923309853,0.6671984968916652,0.678163101452345,0.689127706013025,0.7000923105737048,0.7110569151343847,0.7220215196950646,0.7329861242557444,0.7439507288164243,0.7549153333771041,0.7658799379377841,0.7768445424984639,0.7878091470591437,0.7987737516198237,0.8097383561805035,0.8207029607411834,0.8316675653018633,0.8426321698625432,0.853596774423223]},"_runtime":38,"grad_neuron_1":0.15326176219503945,"grad_neuron_4":0.06660860847892049,"test_accuracy":0.9014,"epoch":10}