{"test_accuracy":0.1036,"grad_norm_layer1":0,"grad_neuron_2":0,"_timestamp":1.772895840427429e+09,"epoch":10,"activation_hist_layer1":{"values":[4597,234,231,226,205,216,201,180,180,169,154,147,133,147,121,103,87,104,79,78,63,62,57,51,44,31,49,30,28,33,24,16,16,13,15,11,7,4,2,9,5,3,5,1,6,2,2,0,1,3,1,0,1,0,0,1,1,0,1,1,0,0,0,1],"bins":[0,0.029283363179961684,0.05856672635992337,0.08785008953988505,0.11713345271984674,0.14641681589980843,0.1757001790797701,0.20498354225973178,0.23426690543969347,0.26355026861965514,0.29283363179961686,0.3221169949795785,0.3514003581595402,0.3806837213395019,0.40996708451946356,0.4392504476994253,0.46853381087938695,0.4978171740593486,0.5271005372393103,0.556383900419272,0.5856672635992337,0.6149506267791953,0.644233989959157,0.6735173531391188,0.7028007163190804,0.7320840794990421,0.7613674426790038,0.7906508058589655,0.8199341690389271,0.8492175322188888,0.8785008953988506,0.9077842585788122,0.9370676217587739,0.9663509849387356,0.9956343481186972,1.024917711298659,1.0542010744786205,1.0834844376585824,1.112767800838544,1.1420511640185056,1.1713345271984674,1.200617890378429,1.2299012535583906,1.2591846167383525,1.288467979918314,1.3177513430982757,1.3470347062782375,1.3763180694581991,1.4056014326381607,1.4348847958181226,1.4641681589980842,1.493451522178046,1.5227348853580076,1.5520182485379692,1.581301611717931,1.6105849748978927,1.6398683380778543,1.669151701257816,1.6984350644377777,1.7277184276177393,1.7570017907977011,1.7862851539776627,1.8155685171576244,1.8448518803375862,1.8741352435175478],"_type":"histogram"},"grad_neuron_4":0,"grad_neuron_3":0,"_runtime":70,"grad_neuron_1":0,"_step":56292,"test_f1":0.0187749184487133,"train_accuracy":0.0987,"train_loss":2.31227791351848,"grad_neuron_0":0,"class_samples":{"nrows":50,"_latest_artifact_path":"wandb-client-artifact://zx4v0sxhyxh6jgmd1vlb9lco2ix52a79x81g4tks6l58dharh3x2ciayv1ilvlu51sjvslcza66ye6ygn60xnj8wapspid3s1gjmlv382a40kw0wq2wex9hdb6sesgzj:latest/class_samples.table.json","size":741,"ncols":2,"sha256":"bf1bad6fae2bb7eb4f63c64de5751c6c34c6eab3552119fba968a202bc3e1d7f","path":"media/table/class_samples_0_bf1bad6fae2bb7eb4f63.table.json","_type":"table-file","artifact_path":"wandb-client-artifact://7lbzuqfh2cidzfffvw11ieiv7320m63ey1aqpqzijjczfdfl7fxkrv607cod95qt7yzw6nn7kjz7p75fyzucbwwn0vt0l869qcn9cx21q50rk1uxipuipb23k7wrq32v/class_samples.table.json","log_mode":"IMMUTABLE"},"_wandb":{"runtime":70}}