{"test_accuracy":0.9732,"activation_hist_layer1":{"_type":"histogram","values":[67279,33264,27327,24337,22890,21784,21013,20027,19457,18864,18461,18082,17597,17269,16697,16628,15974,15816,15780,15519,15228,14884,14850,14770,14398,14603,14404,14627,14435,14423,14311,14210,14459,14560,14491,14951,14744,14961,14853,15122,15403,15459,15930,15841,16132,16167,16126,16489,16941,16926,17394,18079,18461,18535,19226,19662,20943,22107,23321,25391,27859,32056,39732,78471],"bins":[-0.9999999937200293,-0.9687499946782341,-0.9374999956364387,-0.9062499965946434,-0.8749999975528482,-0.8437499985110528,-0.8124999994692576,-0.7812500004274623,-0.750000001385667,-0.7187500023438718,-0.6875000033020764,-0.6562500042602811,-0.6250000052184859,-0.5937500061766905,-0.5625000071348952,-0.5312500080931,-0.5000000090513046,-0.46875001000950933,-0.43750001096771407,-0.4062500119259188,-0.37500001288412343,-0.3437500138423282,-0.3125000148005329,-0.28125001575873765,-0.2500000167169423,-0.218750017675147,-0.18750001863335175,-0.15625001959155638,-0.12500002054976111,-0.09375002150796585,-0.06250002246617059,-0.03125002342437522,-2.4382579955073425e-08,0.031249974659215307,0.06249997370101068,0.09374997274280583,0.1249999717846012,0.15624997082639658,0.18749996986819173,0.2187499689099871,0.24999996795178248,0.2812499669935776,0.312499966035373,0.3437499650771684,0.3749999641189635,0.4062499631607589,0.43749996220255405,0.4687499612443494,0.4999999602861448,0.53124995932794,0.5624999583697353,0.5937499574115307,0.6249999564533258,0.6562499554951212,0.6874999545369166,0.7187499535787117,0.7499999526205071,0.7812499516623025,0.8124999507040976,0.843749949745893,0.8749999487876882,0.9062499478294835,0.9374999468712789,0.9687499459130741,0.9999999449548694]},"grad_neuron_0":0.004863009721983904,"grad_neuron_3":0.009692721458590332,"_timestamp":1.772988431966584e+09,"_wandb":{"runtime":48},"grad_neuron_1":0.0005831963234439554,"_step":11,"test_f1":0.9729519834092702,"class_samples":{"nrows":50,"log_mode":"IMMUTABLE","sha256":"bf1bad6fae2bb7eb4f63c64de5751c6c34c6eab3552119fba968a202bc3e1d7f","ncols":2,"_type":"table-file","size":741,"_latest_artifact_path":"wandb-client-artifact://8osxzgyh5n78y5uvgdixnrua22ss6c8np08ddz4mdms0vrb4qf88a2kgmxuvynabwo9vtufeelt29f4gbljn4v9vhsdtj1p4ln975rd96rdnh7wm5bcqy9bzzztjs3qh:latest/class_samples.table.json","artifact_path":"wandb-client-artifact://ospcgpezw21jm5zw4z1svv3nc1xqxm6aa1uubxpqb3b156xihvwzl8kjby5n2q9atgvcs6nubmf2o2rw9ffvnf590nptnpidy69u22i0oleri0ega7oajhmwk5zci27j/class_samples.table.json","path":"media/table/class_samples_0_bf1bad6fae2bb7eb4f63.table.json"},"grad_norm_layer1":0.10126794470719369,"train_loss":0.031380471073656914,"train_accuracy":0.9924,"epoch":10,"grad_neuron_2":0.006370846317521564,"grad_neuron_4":0.014343705526559131,"_runtime":48}