{"_step":6,"grad_neuron_4":0.016187318605504174,"test_f1":0.9471965385078562,"grad_neuron_2":0.049051845035740796,"grad_neuron_0":0.03429899592769733,"epoch":5,"_runtime":34,"train_accuracy":0.956,"activation_hist_layer1":{"values":[33344,18938,15160,13247,11786,10476,9938,9351,8478,8167,7589,7419,7062,6862,6605,6544,6543,6339,6409,6572,6644,7162,7359,7687,8019,8175,8432,8309,8295,8230,8301,8848,9392,9519,9097,8543,7972,7546,7195,7021,6663,6611,6838,6842,6724,6902,6908,6935,7152,7519,7699,8126,8179,8762,9256,9823,10565,11262,12100,13741,15685,18381,23546,45206],"bins":[-0.9999989355425697,-0.9687489634132826,-0.9374989912839956,-0.9062490191547086,-0.8749990470254215,-0.8437490748961345,-0.8124991027668474,-0.7812491306375604,-0.7499991585082734,-0.7187491863789863,-0.6874992142496994,-0.6562492421204122,-0.6249992699911253,-0.5937492978618382,-0.5624993257325512,-0.5312493536032641,-0.4999993814739771,-0.4687494093446901,-0.4374994372154031,-0.40624946508611604,-0.374999492956829,-0.34374952082754195,-0.3124995486982549,-0.2812495765689679,-0.24999960443968083,-0.2187496323103938,-0.18749966018110675,-0.1562496880518197,-0.12499971592253267,-0.09374974379324563,-0.06249977166395859,-0.031249799534671552,1.725946154884639e-07,0.03125014472390253,0.06250011685318946,0.09375008898247661,0.12500006111176354,0.1562500332410507,0.18750000537033762,0.21874997749962477,0.2499999496289117,0.28124992175819885,0.3124998938874858,0.34374986601677293,0.37499983814605986,0.406249810275347,0.43749978240463394,0.4687497545339211,0.499999726663208,0.5312496987924952,0.5624996709217821,0.5937496430510693,0.6249996151803562,0.6562495873096433,0.6874995594389303,0.7187495315682174,0.7499995036975043,0.7812494758267915,0.8124994479560784,0.8437494200853656,0.8749993922146525,0.9062493643439397,0.9374993364732266,0.9687493086025137,0.9999992807318007],"_type":"histogram"},"grad_neuron_3":0.0036991473672838508,"train_loss":0.06746599088673846,"grad_neuron_1":0.034277241262329866,"class_samples":{"_latest_artifact_path":"wandb-client-artifact://dgncrgofp91o6q4dnrduxu4zildgm8w6bww82j7f63mcst4emf06mk2zi1yxvixn8jzaxjecm6ouuknam37czkhxyf3wn1k44tdkqmhar7bwwnxbc4gqf3wkcrji9rjy:latest/class_samples.table.json","path":"media/table/class_samples_0_bf1bad6fae2bb7eb4f63.table.json","size":741,"_type":"table-file","nrows":50,"log_mode":"IMMUTABLE","artifact_path":"wandb-client-artifact://3stcrrowyoyis7awtfmsce8bqgwqyjgy2aglnolf3rsihy7t6mgukr65rgx42p9fx0279epgskidsp1ya8cwq1xql700al95vy8ffqt079i23hsfyuwunmw8blduuq9o/class_samples.table.json","ncols":2,"sha256":"bf1bad6fae2bb7eb4f63c64de5751c6c34c6eab3552119fba968a202bc3e1d7f"},"grad_norm_layer1":0.5968185173371964,"test_accuracy":0.9472,"_wandb":{"runtime":34},"_timestamp":1.772982036549296e+09}