{"class_samples":{"path":"media/table/class_samples_0_bf1bad6fae2bb7eb4f63.table.json","log_mode":"IMMUTABLE","sha256":"bf1bad6fae2bb7eb4f63c64de5751c6c34c6eab3552119fba968a202bc3e1d7f","_latest_artifact_path":"wandb-client-artifact://ziod090n3ltpk09tw6xn11wn3s1xcis6gtb3p2foo7gpp38h7lfomjfb6x1iyz0pw35av6aio7bi86h5nbjj4q3je8xhmx5q6fyrfamtkwii79vo6fe39llzxcnnc8bh:latest/class_samples.table.json","ncols":2,"nrows":50,"size":741,"artifact_path":"wandb-client-artifact://avtjrohn2x8v0q1odz37jqaxi33y4t3336c5rdyq7myxjfc3acjkqwe4pzagdt6p0dsbdqy40ffjs7u2kgcisec6r6ik9194phrfqomkqacj4nii6mb0r76sqvmcb30b/class_samples.table.json","_type":"table-file"},"epoch":5,"_runtime":25,"grad_neuron_1":8.963475603883305e-05,"activation_hist_layer1":{"values":[808457,51986,49030,44973,41392,37097,33653,30497,26969,23708,21090,18215,15657,13075,11287,9484,7649,6302,5147,4366,3671,2933,2457,2052,1665,1338,1094,904,717,605,484,408,352,251,201,158,136,113,85,84,55,48,28,21,24,18,12,12,14,2,8,5,3,2,0,0,0,0,2,0,2,1,0,1],"bins":[0,0.14031534825928652,0.28063069651857303,0.4209460447778596,0.5612613930371461,0.7015767412964325,0.8418920895557191,0.9822074378150056,1.1225227860742921,1.2628381343335786,1.403153482592865,1.5434688308521516,1.6837841791114383,1.8240995273707248,1.9644148756300113,2.1047302238892978,2.2450455721485842,2.3853609204078707,2.525676268667157,2.6659916169264437,2.80630696518573,2.9466223134450167,3.086937661704303,3.2272530099635897,3.3675683582228766,3.507883706482163,3.6481990547414496,3.788514403000736,3.9288297512600225,4.069145099519309,4.2094604477785955,4.349775796037882,4.4900911442971685,4.630406492556455,4.7707218408157415,4.911037189075028,5.051352537334314,5.191667885593601,5.331983233852887,5.472298582112174,5.61261393037146,5.752929278630747,5.893244626890033,6.03355997514932,6.173875323408606,6.314190671667893,6.454506019927179,6.594821368186466,6.735136716445753,6.87545206470504,7.015767412964326,7.156082761223613,7.296398109482899,7.436713457742186,7.577028806001472,7.717344154260759,7.857659502520045,7.997974850779332,8.138290199038618,8.278605547297904,8.418920895557191,8.559236243816477,8.699551592075764,8.83986694033505,8.980182288594337],"_type":"histogram"},"test_accuracy":0.9769,"train_accuracy":0.9914,"_timestamp":1.7729870919782398e+09,"grad_norm_layer1":0.17910556886216347,"grad_neuron_4":0.06656284986775973,"_step":6,"test_f1":0.9767503230566519,"grad_neuron_3":0.022811920933944838,"train_loss":0.04892510688215194,"_wandb":{"runtime":25},"grad_neuron_0":0.03491220896115097,"grad_neuron_2":0.0002871179119519369}