{"test_f1":0.9579299449079954,"_wandb":{"runtime":43},"grad_neuron_0":0.01163497717476886,"grad_neuron_4":0.0015593677775642251,"grad_neuron_3":0.0013363842437971952,"epoch":5,"train_loss":0.06270802397681473,"grad_neuron_1":0.0047553454290383155,"_runtime":43,"grad_norm_layer1":0.0914997603311457,"grad_neuron_2":0.010150103675863685,"test_accuracy":0.9582,"_step":6,"train_accuracy":0.9638,"class_samples":{"artifact_path":"wandb-client-artifact://wkeqr4191izuow0f1f8qmdoqsxaulzywgtwrjf0cy1gf1vnvs7xekqpyrxk6nb29an1vtpvwficos4jyirbbfsgipx8t9z9tmq060dsyfmi74z20qvz6q0s9folvvkd6/class_samples.table.json","log_mode":"IMMUTABLE","nrows":50,"_type":"table-file","sha256":"bf1bad6fae2bb7eb4f63c64de5751c6c34c6eab3552119fba968a202bc3e1d7f","ncols":2,"_latest_artifact_path":"wandb-client-artifact://28lqkyyyx8r7vdvxti2id15mg9eymfez14vvf8svgawm3p4sttf10w7oc9bnjd3802wwqk6uo485vdw26rkmdtkcc9ighk5ca6gmmtm1sg1od9d8owq0zpvpx9lto2fs:latest/class_samples.table.json","size":741,"path":"media/table/class_samples_0_bf1bad6fae2bb7eb4f63.table.json"},"_timestamp":1.7729850285098443e+09,"activation_hist_layer1":{"bins":[1.2188043133139096e-08,0.015625008298320236,0.031250004408597334,0.046875000518874436,0.06249999662915154,0.07812499273942863,0.09374998884970574,0.10937498495998285,0.12499998107025995,0.14062497718053704,0.15624997329081414,0.17187496940109126,0.18749996551136835,0.20312496162164545,0.21874995773192257,0.23437495384219967,0.24999994995247676,0.2656249460627539,0.28124994217303095,0.2968749382833081,0.31249993439358514,0.32812493050386227,0.3437499266141394,0.35937492272441646,0.3749999188346936,0.3906249149449707,0.40624991105524777,0.4218749071655249,0.437499903275802,0.4531248993860791,0.4687498954963562,0.4843748916066333,0.4999998877169104,0.5156248838271875,0.5312498799374646,0.5468748760477417,0.5624998721580188,0.5781248682682959,0.593749864378573,0.6093748604888501,0.6249998565991272,0.6406248527094043,0.6562498488196814,0.6718748449299585,0.6874998410402356,0.7031248371505128,0.7187498332607898,0.7343748293710669,0.749999825481344,0.7656248215916212,0.7812498177018983,0.7968748138121753,0.8124998099224524,0.8281248060327295,0.8437498021430067,0.8593747982532838,0.8749997943635609,0.8906247904738379,0.906249786584115,0.9218747826943922,0.9374997788046693,0.9531247749149464,0.9687497710252234,0.9843747671355005,0.9999997632457777],"_type":"histogram","values":[127060,58999,45265,37864,33147,29527,27041,24642,23250,21769,20721,19467,18158,17078,16626,15708,15076,14516,14162,13488,13055,12888,12284,12205,11764,11594,11345,11296,11273,11154,11076,10898,11187,11155,11088,11176,11158,11428,11431,11675,12035,12003,12165,12432,12737,13303,13319,13988,14393,14905,15117,15668,16438,16934,17545,18425,19118,19891,20856,22046,24005,26649,32274,59060]}}