{"_runtime":35,"epoch":10,"grad_neuron_1":0.0979669966869043,"train_accuracy":0.94945,"grad_neuron_2":0.01203056370357752,"grad_neuron_3":0.02987442196125785,"train_loss":0.18528365888478998,"grad_neuron_0":0.0775787625837659,"test_accuracy":0.9435,"test_f1":0.9430239046824539,"_step":56292,"grad_neuron_4":0.007756152294468627,"_wandb":{"runtime":35},"class_samples":{"path":"media/table/class_samples_0_bf1bad6fae2bb7eb4f63.table.json","artifact_path":"wandb-client-artifact://e49jk3owlmuso5wuto5s4s6vf6vkpupkvf4ht8mzyzozdu21via364xo9nlq4si8rbsttlgx658w8jpys8bln7htzyduitw7gdapumy771trsi3afj9tra39l2sj3k98/class_samples.table.json","ncols":2,"_latest_artifact_path":"wandb-client-artifact://z1bu9rdj9crl3bdgcb5qp2t6xgjm7egnhnoz6ttnwi048t3hb6s8w0thguh4a1e31ljpzb342ws6uje6p51ro0wgijhuqcy66p7gz8pe5dk4bzz3j651pxtpuxkjqsr8:latest/class_samples.table.json","log_mode":"IMMUTABLE","_type":"table-file","size":741,"sha256":"bf1bad6fae2bb7eb4f63c64de5751c6c34c6eab3552119fba968a202bc3e1d7f","nrows":50},"_timestamp":1.772901022096687e+09,"activation_hist_layer1":{"values":[2184,88,89,80,75,84,115,88,85,77,73,83,76,56,72,58,52,52,43,47,36,41,46,22,26,31,36,28,17,34,22,25,25,11,12,16,12,5,8,9,9,7,3,5,4,5,6,3,4,0,1,3,2,1,0,0,1,0,0,1,1,0,0,1],"bins":[0,0.02471070661972701,0.04942141323945402,0.07413211985918103,0.09884282647890805,0.12355353309863507,0.14826423971836206,0.17297494633808908,0.1976856529578161,0.2223963595775431,0.24710706619727013,0.27181777281699715,0.2965284794367241,0.32123918605645113,0.34594989267617815,0.37066059929590517,0.3953713059156322,0.4200820125353592,0.4447927191550862,0.46950342577481324,0.49421413239454026,0.5189248390142672,0.5436355456339943,0.5683462522537213,0.5930569588734482,0.6177676654931753,0.6424783721129023,0.6671890787326293,0.6918997853523563,0.7166104919720834,0.7413211985918103,0.7660319052115374,0.7907426118312644,0.8154533184509913,0.8401640250707184,0.8648747316904454,0.8895854383101724,0.9142961449298994,0.9390068515496265,0.9637175581693534,0.9884282647890805,1.0131389714088075,1.0378496780285345,1.0625603846482614,1.0872710912679886,1.1119817978877156,1.1366925045074425,1.1614032111271695,1.1861139177468965,1.2108246243666236,1.2355353309863506,1.2602460376060776,1.2849567442258045,1.3096674508455317,1.3343781574652587,1.3590888640849856,1.3837995707047126,1.4085102773244396,1.4332209839441667,1.4579316905638937,1.4826423971836207,1.5073531038033476,1.5320638104230748,1.5567745170428018,1.5814852236625287],"_type":"histogram"},"grad_norm_layer1":0.6062874097757142}