{"epoch":10,"train_loss":2.217855754276017,"grad_neuron_4":0.01030575339435788,"grad_neuron_2":0.015692588412545387,"train_accuracy":0.4069833333333333,"test_f1":0.37758585686352314,"grad_neuron_0":0.01137802062587272,"class_samples":{"artifact_path":"wandb-client-artifact://dz8ktb8a30ukz7322vcylc7x4d4pv4t1alvsmemekk7csrl3whb2bbh522c9b4kqpdouu2mzgw7828vxvp3t4k9hydw69csm9uu5qgkvjgflk22r9jhqadppg234x2t2/class_samples.table.json","size":741,"nrows":50,"_type":"table-file","_latest_artifact_path":"wandb-client-artifact://n027u9fhs2xxpmci9wkxiltbmwwy25sek2c03pib4cq46qhi2vm61nc8knc2t36uhehacisz105tuvvc1ncv5uirsp9efxtqyovtqq36bj6s1oxrjdtis2c6inyhj7xd:latest/class_samples.table.json","path":"media/table/class_samples_0_bf1bad6fae2bb7eb4f63.table.json","log_mode":"IMMUTABLE","ncols":2,"sha256":"bf1bad6fae2bb7eb4f63c64de5751c6c34c6eab3552119fba968a202bc3e1d7f"},"test_accuracy":0.4053,"_step":56292,"_runtime":44,"activation_hist_layer1":{"bins":[0.09707548844023635,0.10923878321967352,0.1214020779991107,0.13356537277854785,0.14572866755798503,0.1578919623374222,0.17005525711685937,0.18221855189629654,0.19438184667573372,0.2065451414551709,0.21870843623460806,0.23087173101404523,0.2430350257934824,0.2551983205729196,0.26736161535235675,0.2795249101317939,0.2916882049112311,0.30385149969066827,0.31601479447010544,0.3281780892495426,0.3403413840289798,0.3525046788084169,0.3646679735878541,0.37683126836729125,0.3889945631467284,0.4011578579261656,0.41332115270560277,0.42548444748503994,0.4376477422644771,0.4498110370439143,0.46197433182335146,0.47413762660278863,0.4863009213822258,0.498464216161663,0.5106275109411001,0.5227908057205374,0.5349541004999745,0.5471173952794117,0.5592806900588488,0.5714439848382861,0.5836072796177232,0.5957705743971604,0.6079338691765975,0.6200971639560348,0.6322604587354719,0.6444237535149091,0.6565870482943462,0.6687503430737834,0.6809136378532206,0.6930769326326578,0.7052402274120949,0.7174035221915321,0.7295668169709693,0.7417301117504065,0.7538934065298436,0.7660567013092808,0.778219996088718,0.7903832908681552,0.8025465856475923,0.8147098804270295,0.8268731752064666,0.8390364699859039,0.851199764765341,0.8633630595447782,0.8755263543242153],"_type":"histogram","values":[1,0,0,0,3,3,5,4,9,15,22,23,20,31,46,48,55,75,85,88,137,155,157,196,218,232,281,314,336,329,378,391,409,354,378,363,320,330,313,264,273,225,223,176,167,151,118,87,77,66,57,46,33,28,18,16,10,9,9,5,3,4,2,1]},"grad_norm_layer1":0.18071499335254848,"grad_neuron_3":0.017063966158019687,"_wandb":{"runtime":44},"_timestamp":1.7728991349838922e+09,"grad_neuron_1":0.009417152225426285}