{"grad_norm_layer1":1.5124464977625094,"grad_neuron_3":0.041311036562766856,"test_f1":0.8775645366502834,"_timestamp":1.7728953213705447e+09,"grad_neuron_4":0.14952032445042815,"test_accuracy":0.8791,"grad_neuron_2":0.019290411597812227,"_wandb":{"runtime":93},"grad_neuron_0":0.05946591395662991,"class_samples":{"artifact_path":"wandb-client-artifact://0xiou284b5wsr6qqbicl1bt9yn16mxeuegmi9kj321gtfffrfdyxkzba48hx01rm7ecgzvdlyfzdizlfx51txsswlykqxs9vynews8eyulpj0ukev5uh26xcasosdqe4/class_samples.table.json","ncols":2,"path":"media/table/class_samples_0_bf1bad6fae2bb7eb4f63.table.json","nrows":50,"_latest_artifact_path":"wandb-client-artifact://x5xl4monpx5zxq5zgz2hctxhrrbkaxcs9o48m0d9a93n3x8dc8fyhdkma86c0kek6zyau2ifm746xbvr6l1s8gsky0oy4szwgr3v6woq3s5wevy8n6g0tc3z8223vbsk:latest/class_samples.table.json","log_mode":"IMMUTABLE","sha256":"bf1bad6fae2bb7eb4f63c64de5751c6c34c6eab3552119fba968a202bc3e1d7f","size":741,"_type":"table-file"},"train_accuracy":0.8830166666666667,"_runtime":93,"epoch":10,"_step":56292,"grad_neuron_1":0.1551013675898494,"train_loss":0.42674136466408746,"activation_hist_layer1":{"bins":[0,0.02482667345785256,0.04965334691570512,0.07448002037355768,0.09930669383141023,0.12413336728926279,0.14896004074711536,0.1737867142049679,0.19861338766282047,0.22344006112067302,0.24826673457852558,0.27309340803637816,0.2979200814942307,0.32274675495208327,0.3475734284099358,0.3724001018677884,0.39722677532564094,0.4220534487834935,0.44688012224134604,0.4717067956991986,0.49653346915705115,0.5213601426149037,0.5461868160727563,0.5710134895306088,0.5958401629884614,0.6206668364463139,0.6454935099041665,0.670320183362019,0.6951468568198717,0.7199735302777241,0.7448002037355768,0.7696268771934293,0.7944535506512819,0.8192802241091345,0.844106897566987,0.8689335710248396,0.8937602444826921,0.9185869179405447,0.9434135913983972,0.9682402648562498,0.9930669383141023,1.0178936117719548,1.0427202852298074,1.06754695868766,1.0923736321455126,1.117200305603365,1.1420269790612176,1.1668536525190703,1.1916803259769229,1.2165069994347755,1.2413336728926279,1.2661603463504805,1.290987019808333,1.3158136932661857,1.340640366724038,1.3654670401818907,1.3902937136397433,1.415120387097596,1.4399470605554483,1.464773734013301,1.4896004074711535,1.5144270809290061,1.5392537543868585,1.5640804278447111,1.5889071013025637],"_type":"histogram","values":[4202,194,209,203,168,184,155,171,163,159,149,145,140,151,144,119,135,122,112,98,104,91,89,75,77,65,63,58,52,51,36,34,30,23,40,15,28,22,11,22,10,6,5,5,8,9,5,2,6,8,3,2,3,5,1,2,0,1,0,0,0,1,0,1]}}