{"_wandb":{"runtime":55},"grad_neuron_2":0.006350084839152906,"_runtime":55,"grad_neuron_4":0.00012898110674945654,"test_accuracy":0.9668,"epoch":10,"train_accuracy":0.9832,"class_samples":{"path":"media/table/class_samples_0_bf1bad6fae2bb7eb4f63.table.json","size":741,"nrows":50,"artifact_path":"wandb-client-artifact://onadreswk6tpau6rxgzz5hyc8fx3m2z8mwih6hs2xzyl5jvbo04qp0lfaw48aqgcnlm7wlvunen63m8zwzjgdn8q6l7wrt8z36sgkqciffpf4iafza62bvua8838tgfo/class_samples.table.json","log_mode":"IMMUTABLE","ncols":2,"_latest_artifact_path":"wandb-client-artifact://kynnyf9ueykkw8xzysbvpk8lwtc1z4bu90g19500ltefyx7jjn41woton6cgh58vtlx10cxh8fb7i9bhc3xh1qy5ujoi8rz9qjnd0q2m6cxx37spj7p3oplkh7fsdpqa:latest/class_samples.table.json","_type":"table-file","sha256":"bf1bad6fae2bb7eb4f63c64de5751c6c34c6eab3552119fba968a202bc3e1d7f"},"train_loss":0.04029558949800276,"test_f1":0.9663306699020662,"activation_hist_layer1":{"bins":[0.14824007066970976,0.1588659176464939,0.16949176462327803,0.18011761160006218,0.19074345857684633,0.20136930555363045,0.2119951525304146,0.2226209995071987,0.23324684648398286,0.243872693460767,0.25449854043755116,0.2651243874143353,0.27575023439111945,0.28637608136790355,0.2970019283446877,0.3076277753214718,0.31825362229825593,0.3288794692750401,0.33950531625182423,0.3501311632286084,0.3607570102053925,0.3713828571821767,0.3820087041589608,0.3926345511357449,0.4032603981125291,0.41388624508931315,0.4245120920660973,0.43513793904288145,0.4457637860196656,0.45638963299644975,0.4670154799732339,0.47764132695001804,0.4882671739268022,0.49889302090358634,0.5095188678803705,0.5201447148571545,0.5307705618339387,0.5413964088107228,0.552022255787507,0.5626481027642911,0.5732739497410753,0.5838997967178594,0.5945256436946436,0.6051514906714277,0.6157773376482119,0.626403184624996,0.63702903160178,0.6476548785785642,0.6582807255553484,0.6689065725321325,0.6795324195089166,0.6901582664857008,0.7007841134624849,0.7114099604392691,0.7220358074160532,0.7326616543928374,0.7432875013696215,0.7539133483464057,0.7645391953231898,0.7751650422999738,0.785790889276758,0.7964167362535421,0.8070425832303263,0.8176684302071104,0.8282942771838946],"_type":"histogram","values":[3,1,0,1,0,4,2,6,12,16,17,17,19,26,42,49,45,93,87,104,119,130,149,185,214,241,231,268,297,336,335,362,366,350,371,351,359,331,329,306,260,232,214,218,170,177,126,120,94,84,64,65,60,23,19,20,24,12,10,6,6,3,5,6]},"grad_neuron_0":0.008340426807562024,"_step":56292,"_timestamp":1.772901939204384e+09,"grad_norm_layer1":0.13490394869417077,"grad_neuron_1":0.0030389931431568534,"grad_neuron_3":1.712032831054102e-05}