{"grad_neuron_1":0,"epoch":10,"activation_hist_layer1":{"values":[4740,264,227,236,225,209,202,203,158,158,150,154,138,116,94,102,92,104,67,64,53,56,38,40,33,35,29,32,24,24,12,13,10,14,9,12,7,2,10,4,7,1,6,1,1,2,1,1,0,4,1,0,2,1,0,0,1,1,0,0,0,0,0,2],"bins":[0,0.030314633218358075,0.06062926643671615,0.09094389965507423,0.1212585328734323,0.1515731660917904,0.18188779931014845,0.2122024325285065,0.2425170657468646,0.2728316989652227,0.3031463321835808,0.3334609654019388,0.3637755986202969,0.394090231838655,0.424404865057013,0.4547194982753711,0.4850341314937292,0.5153487647120872,0.5456633979304454,0.5759780311488034,0.6062926643671616,0.6366072975855196,0.6669219308038776,0.6972365640222358,0.7275511972405938,0.7578658304589518,0.78818046367731,0.818495096895668,0.848809730114026,0.8791243633323842,0.9094389965507422,0.9397536297691004,0.9700682629874584,1.0003828962058166,1.0306975294241745,1.0610121626425326,1.0913267958608908,1.1216414290792487,1.1519560622976068,1.182270695515965,1.2125853287343231,1.242899961952681,1.2732145951710392,1.3035292283893973,1.3338438616077553,1.3641584948261134,1.3944731280444715,1.4247877612628295,1.4551023944811876,1.4854170276995458,1.5157316609179037,1.5460462941362618,1.57636092735462,1.606675560572978,1.636990193791336,1.6673048270096942,1.697619460228052,1.7279340934464102,1.7582487266647684,1.7885633598831265,1.8188779931014845,1.8491926263198426,1.8795072595382007,1.9098218927565587,1.9401365259749168],"_type":"histogram"},"_runtime":43,"test_f1":0.8814108574132934,"_step":56292,"_timestamp":1.7728980447821777e+09,"grad_norm_layer1":1.3983908452694613,"_wandb":{"runtime":43},"class_samples":{"log_mode":"IMMUTABLE","sha256":"bf1bad6fae2bb7eb4f63c64de5751c6c34c6eab3552119fba968a202bc3e1d7f","nrows":50,"artifact_path":"wandb-client-artifact://gy1ynthbbegoo70y5tgydpi5flzrwfz1edoimnc2lwpfc3pnm7gmfmf6c8xkt3vp2ivhlnyqp7frh733k41nv2vkd2gdolpynh7tyaa78otwbt4ug8a0ipzaq9qepayj/class_samples.table.json","ncols":2,"_latest_artifact_path":"wandb-client-artifact://3rsxjuufgrfg5hmndwjrdjstpx8kkjoujiiqzevx6lnkph31vo0pzv7i0lui77vayt8gp2lvztc3fw5evqyauixdpmh8zk38dbix9oo73xq1fs3rgwu6fcnqu5sqh2nu:latest/class_samples.table.json","size":741,"_type":"table-file","path":"media/table/class_samples_0_bf1bad6fae2bb7eb4f63.table.json"},"test_accuracy":0.8834,"grad_neuron_3":0.0728451187253495,"train_accuracy":0.8871333333333333,"grad_neuron_0":0.08466355517506383,"grad_neuron_2":0,"train_loss":0.4069629969614282,"grad_neuron_4":0.12646613967426407}