{"grad_neuron_2":0.052242272308118474,"test_accuracy":0.6215,"grad_neuron_4":0.02773551153753301,"epoch":10,"grad_neuron_0":0.05391028079892912,"grad_neuron_1":0.04328656975434704,"activation_hist_layer1":{"_type":"histogram","values":[1,1,2,3,0,2,3,4,11,7,9,14,15,22,30,27,46,42,47,68,57,70,87,104,110,116,173,131,144,150,183,134,178,159,174,155,139,165,144,150,123,122,121,83,79,92,69,61,51,49,30,30,19,18,14,13,13,10,6,2,5,2,6,1],"bins":[0.13548158433053634,0.14671939022955738,0.15795719612857845,0.1691950020275995,0.18043280792662053,0.1916706138256416,0.20290841972466264,0.21414622562368368,0.22538403152270475,0.23662183742172582,0.24785964332074686,0.2590974492197679,0.270335255118789,0.28157306101781,0.29281086691683106,0.30404867281585213,0.31528647871487314,0.3265242846138942,0.3377620905129153,0.3489998964119363,0.3602377023109574,0.37147550820997843,0.38271331410899945,0.39395112000802057,0.4051889259070416,0.4164267318060626,0.4276645377050837,0.43890234360410474,0.45014014950312575,0.4613779554021469,0.4726157613011679,0.4838535672001889,0.49509137309921003,0.506329178998231,0.5175669848972521,0.5288047907962732,0.5400425966952942,0.5512804025943152,0.5625182084933363,0.5737560143923573,0.5849938202913785,0.5962316261903995,0.6074694320894205,0.6187072379884416,0.6299450438874626,0.6411828497864837,0.6524206556855048,0.6636584615845258,0.6748962674835468,0.6861340733825679,0.697371879281589,0.7086096851806101,0.7198474910796311,0.7310852969786521,0.7423231028776732,0.7535609087766942,0.7647987146757153,0.7760365205747364,0.7872743264737574,0.7985121323727784,0.8097499382717995,0.8209877441708205,0.8322255500698416,0.8434633559688627,0.8547011618678837]},"_runtime":38,"_timestamp":1.7729015006097755e+09,"test_f1":0.5579485797077657,"grad_norm_layer1":0.48314410181881406,"grad_neuron_3":0.05865248531354946,"train_loss":0.07550137966924961,"train_accuracy":0.6254,"_wandb":{"runtime":38},"_step":56292,"class_samples":{"sha256":"bf1bad6fae2bb7eb4f63c64de5751c6c34c6eab3552119fba968a202bc3e1d7f","nrows":50,"_type":"table-file","ncols":2,"size":741,"log_mode":"IMMUTABLE","_latest_artifact_path":"wandb-client-artifact://329c2m14o2bnrmyiezhmljawe2s4a79cw38kiv5lq2qspif9exw0xyzab8xm4g7s4ya1qkqhs3bj2r0zt288qd40yiip8mt8xy4jlf32zimdlnvh1c0skzcq52ju49t7:latest/class_samples.table.json","path":"media/table/class_samples_0_bf1bad6fae2bb7eb4f63.table.json","artifact_path":"wandb-client-artifact://3i61gxdc9h3d3ixuebaghaz15wz5f3vmiubfh1q82tl2suddwnvelmna9foanm14gjpdf7iv3zehmhpmlpvjp263unis7vohs66h3ifflh1k343npgu5reqgy8ztk5vg/class_samples.table.json"}}