{"_timestamp":1.772897660636467e+09,"test_f1":0.905736145594769,"epoch":10,"_runtime":47,"activation_hist_layer1":{"_type":"histogram","values":[3,4,1,2,6,6,12,13,14,15,30,37,40,41,55,73,84,92,91,115,120,160,174,177,207,235,224,254,292,299,284,333,334,351,298,299,322,304,288,284,258,253,235,212,176,146,160,113,132,88,75,66,66,51,46,37,31,23,17,11,10,5,6,2],"bins":[0.14242930019143082,0.15315210745877797,0.16387491472612511,0.17459772199347226,0.1853205292608194,0.19604333652816655,0.20676614379551372,0.21748895106286087,0.22821175833020801,0.23893456559755516,0.2496573728649023,0.26038018013224945,0.2711029873995966,0.28182579466694374,0.2925486019342909,0.30327140920163803,0.3139942164689852,0.3247170237363323,0.33543983100367947,0.3461626382710266,0.35688544553837376,0.3676082528057209,0.37833106007306805,0.3890538673404152,0.39977667460776234,0.41049948187510954,0.42122228914245663,0.43194509640980383,0.4426679036771509,0.4533907109444981,0.4641135182118452,0.4748363254791924,0.4855591327465395,0.4962819400138867,0.5070047472812338,0.517727554548581,0.5284503618159281,0.5391731690832753,0.5498959763506224,0.5606187836179696,0.5713415908853167,0.5820643981526639,0.592787205420011,0.6035100126873582,0.6142328199547052,0.6249556272220524,0.6356784344893995,0.6464012417567467,0.6571240490240939,0.667846856291441,0.6785696635587882,0.6892924708261353,0.7000152780934825,0.7107380853608296,0.7214608926281768,0.7321836998955239,0.7429065071628711,0.7536293144302182,0.7643521216975654,0.7750749289649125,0.7857977362322597,0.7965205434996068,0.807243350766954,0.8179661580343011,0.8286889653016483]},"grad_neuron_4":0.08771274892692625,"class_samples":{"sha256":"bf1bad6fae2bb7eb4f63c64de5751c6c34c6eab3552119fba968a202bc3e1d7f","path":"media/table/class_samples_0_bf1bad6fae2bb7eb4f63.table.json","size":741,"artifact_path":"wandb-client-artifact://p4esuru9ta24qlvcz7mk0xypnbgg0d63oo8bfc5kqpqvhccdxztx9fibefkdcpghq9fce9bq40r4kzcj0bw42myyoxrfuvumbouc7uxvtw5netpzmo035fxr3gc8owog/class_samples.table.json","ncols":2,"nrows":50,"_type":"table-file","log_mode":"IMMUTABLE","_latest_artifact_path":"wandb-client-artifact://ldhhkgwqo1u0n4j7sb31n6lcye5u2o0gbki80zxuq7es05u4a7rsp12l7j3doi00o98qs3axsgw8phu2fnge2knslhoi3xcrf9fvh9k05qey00gv70nhkeih7tx003k8:latest/class_samples.table.json"},"grad_neuron_3":0.0600675326238662,"_wandb":{"runtime":47},"grad_neuron_1":0.03178830842265304,"train_loss":0.014002753693660679,"test_accuracy":0.9071,"grad_neuron_0":0.07099698026321115,"grad_neuron_2":0.03865255617082881,"train_accuracy":0.91115,"grad_norm_layer1":0.9603716177045334,"_step":56292}