{"test_f1":0.4372193626725175,"_wandb":{"runtime":47},"grad_neuron_2":0.01662942926691005,"grad_neuron_0":0.010248449512995304,"grad_neuron_1":0.017224145090792252,"test_accuracy":0.4638,"grad_neuron_3":0.012900370966951114,"_runtime":47,"_step":6,"train_accuracy":0.4584,"_timestamp":1.7729835779868095e+09,"grad_norm_layer1":0.15031644858961157,"activation_hist_layer1":{"_type":"histogram","values":[10,27,63,136,239,401,661,919,1486,1973,2787,3655,4953,6107,7998,9880,12102,14685,17586,20742,24397,28261,32038,36520,40393,44536,47946,51693,54616,57337,59319,60355,60935,61002,59032,56795,53005,49146,45216,40241,35740,31127,26917,23214,19502,16302,13531,11072,8767,6850,5079,3888,2950,2049,1365,947,596,381,226,149,88,44,18,5],"bins":[0.09402153805786763,0.10655101030973525,0.11908048256160286,0.1316099548134705,0.1441394270653381,0.15666889931720573,0.16919837156907336,0.18172784382094098,0.1942573160728086,0.20678678832467623,0.21931626057654385,0.23184573282841148,0.24437520508027905,0.25690467733214667,0.2694341495840143,0.2819636218358819,0.29449309408774954,0.30702256633961716,0.3195520385914848,0.3320815108433524,0.34461098309522004,0.35714045534708766,0.3696699275989553,0.3821993998508229,0.3947288721026905,0.4072583443545581,0.4197878166064257,0.43231728885829335,0.44484676111016097,0.4573762333620286,0.4699057056138962,0.48243517786576384,0.49496465011763147,0.5074941223694991,0.5200235946213667,0.5325530668732343,0.545082539125102,0.5576120113769696,0.5701414836288372,0.5826709558807048,0.5952004281325725,0.6077299003844401,0.6202593726363077,0.6327888448881753,0.645318317140043,0.6578477893919106,0.6703772616437782,0.6829067338956458,0.6954362061475133,0.707965678399381,0.7204951506512486,0.7330246229031162,0.7455540951549838,0.7580835674068515,0.7706130396587191,0.7831425119105867,0.7956719841624543,0.808201456414322,0.8207309286661896,0.8332604009180572,0.8457898731699248,0.8583193454217924,0.8708488176736601,0.8833782899255277,0.8959077621773953]},"class_samples":{"_latest_artifact_path":"wandb-client-artifact://f23itzd8o1mygs78pzcdcl957nwvbpsfxcgnd7ajjh82o7rvos8i92n9oznv0kdif0w4275vhh4cabgx2cwcthtfmbic7tgdali8zpz38eoraqnbj613pg0d9ijsv2xl:latest/class_samples.table.json","path":"media/table/class_samples_0_bf1bad6fae2bb7eb4f63.table.json","_type":"table-file","size":741,"log_mode":"IMMUTABLE","artifact_path":"wandb-client-artifact://8t9ob0xwjonhm9az1smhmu9d3798leys2mxknqol0n48d1vznw7rhm0nc09y7x0x37063kfcoufkq5bm3fgqkm8lv9gh2bb4cknuob7ghj6kcfoo4nqyzj7ig7d427ft/class_samples.table.json","ncols":2,"sha256":"bf1bad6fae2bb7eb4f63c64de5751c6c34c6eab3552119fba968a202bc3e1d7f","nrows":50},"epoch":5,"train_loss":2.2140460504321475,"grad_neuron_4":0.010589114316851281}