{"test_accuracy":0.1152,"train_loss":2.295938512763675,"test_f1":0.02065997130559541,"_wandb":{"runtime":42},"_timestamp":1.7729824558961344e+09,"_runtime":42,"class_samples":{"_latest_artifact_path":"wandb-client-artifact://yxzz4v0st3x7f4qzd4gtywkauvb5r8iikj3k8l50g6z0mx2vudjslkfkdlkwz61hpv8zmzv2avut4at2mmt5r2czrv018y9w6ac5f7oddi5shu4gcf0z2na421sz5phg:latest/class_samples.table.json","ncols":2,"size":741,"nrows":50,"artifact_path":"wandb-client-artifact://ph372e4e0e4yb5wohkjluax8yrdkrqzr9vp5lz8wqk1ghi5w4u1fwba2frik6s9xxzryk632kjt2luqndcjrzxw5y19jqlq1ke8qsjavqpfpojtzbw0jxv55u8jay6u4/class_samples.table.json","log_mode":"IMMUTABLE","_type":"table-file","sha256":"bf1bad6fae2bb7eb4f63c64de5751c6c34c6eab3552119fba968a202bc3e1d7f","path":"media/table/class_samples_0_bf1bad6fae2bb7eb4f63.table.json"},"grad_neuron_3":0.0019435875973987842,"grad_neuron_0":0.00280913281175097,"grad_neuron_4":0.0021694884769619498,"activation_hist_layer1":{"_type":"histogram","values":[3,8,12,39,94,181,349,578,877,1494,2110,3011,4193,5652,7620,9861,12559,15740,19553,23833,28091,32783,37497,42131,46250,50462,53892,57093,59155,60721,61506,61659,61022,58510,55958,52317,48808,44423,40131,35719,31434,27459,23678,20046,16955,14068,11760,9418,7306,5798,4424,3404,2602,1836,1365,957,656,432,242,129,82,35,17,2],"bins":[0.10077941031298018,0.11353795941388553,0.1262965085147909,0.13905505761569625,0.1518136067166016,0.16457215581750695,0.1773307049184123,0.19008925401931767,0.20284780312022302,0.21560635222112837,0.22836490132203371,0.2411234504229391,0.25388199952384444,0.2666405486247498,0.2793990977256552,0.29215764682656054,0.3049161959274659,0.31767474502837123,0.3304332941292766,0.3431918432301819,0.3559503923310873,0.3687089414319926,0.38146749053289797,0.3942260396338033,0.40698458873470866,0.419743137835614,0.43250168693651936,0.4452602360374247,0.45801878513833016,0.4707773342392355,0.48353588334014086,0.4962944324410462,0.5090529815419516,0.5218115306428569,0.5345700797437622,0.5473286288446676,0.560087177945573,0.5728457270464783,0.5856042761473836,0.598362825248289,0.6111213743491943,0.6238799234500998,0.6366384725510051,0.6493970216519105,0.6621555707528158,0.6749141198537212,0.6876726689546265,0.7004312180555319,0.7131897671564372,0.7259483162573426,0.7387068653582479,0.7514654144591533,0.7642239635600586,0.776982512660964,0.7897410617618693,0.8024996108627747,0.8152581599636801,0.8280167090645855,0.8407752581654908,0.8535338072663962,0.8662923563673015,0.8790509054682069,0.8918094545691122,0.9045680036700176,0.9173265527709229]},"_step":6,"grad_neuron_1":0.0035246049412202413,"grad_neuron_2":0.002599480826362003,"grad_norm_layer1":0.03281140417227528,"train_accuracy":0.116,"epoch":5}