{"train_accuracy":0.9940833333333333,"test_f1":0.9726692940323259,"_timestamp":1.7729008530549061e+09,"train_loss":0.029028558961551702,"grad_neuron_4":0.0008005669981189288,"grad_neuron_1":0.00820923313985033,"activation_hist_layer1":{"bins":[-0.9726196807639119,-0.9422374170584908,-0.9118551533530698,-0.8814728896476488,-0.8510906259422277,-0.8207083622368067,-0.7903260985313856,-0.7599438348259646,-0.7295615711205435,-0.6991793074151225,-0.6687970437097014,-0.6384147800042803,-0.6080325162988593,-0.5776502525934383,-0.5472679888880172,-0.5168857251825962,-0.4865034614771751,-0.4561211977717541,-0.425738934066333,-0.39535667036091193,-0.36497440665549086,-0.3345921429500699,-0.3042098792446488,-0.27382761553922774,-0.24344535183380667,-0.2130630881283856,-0.18268082442296463,-0.15229856071754355,-0.12191629701212248,-0.0915340333067014,-0.06115176960128044,-0.03076950589585936,-0.0003872421904382861,0.02999502151498279,0.060377285220403754,0.09075954892582494,0.1211418126312459,0.15152407633666687,0.18190634004208805,0.21228860374750902,0.2426708674529302,0.27305313115835117,0.30343539486377213,0.3338176585691933,0.3641999222746143,0.39458218598003547,0.42496444968545644,0.4553467133908774,0.4857289770962986,0.5161112408017196,0.5464935045071407,0.5768757682125617,0.6072580319179827,0.6376402956234039,0.6680225593288248,0.6984048230342458,0.728787086739667,0.7591693504450879,0.7895516141505091,0.8199338778559301,0.850316141561351,0.8806984052667722,0.9110806689721932,0.9414629326776144,0.9718451963830353],"_type":"histogram","values":[3,2,5,4,11,11,14,27,25,31,29,36,47,43,60,79,64,65,59,88,77,86,95,84,92,94,86,120,112,106,128,120,121,121,114,101,95,113,93,114,115,83,108,92,85,71,95,72,73,58,81,54,55,48,39,43,34,30,34,15,11,15,7,3]},"_step":56292,"epoch":10,"test_accuracy":0.9729,"grad_neuron_2":0.022302988795055868,"_wandb":{"runtime":42},"grad_norm_layer1":0.23660361011558947,"grad_neuron_0":0.0006777046070657671,"grad_neuron_3":0.013803462076939825,"_runtime":42,"class_samples":{"nrows":50,"artifact_path":"wandb-client-artifact://lrubp1a57bne1zgd9db9bcyrxk3ysxpknda593h472t998lm3baxxbz98qpmron2k5two730v8rv2rp0cdl2p06bstjy8qu3w3e3d4hy8jp19oeblogk99ty1bt4z377/class_samples.table.json","size":741,"ncols":2,"_latest_artifact_path":"wandb-client-artifact://c77239032a3ks7qt0091ajcuzcxqfmb49rnnwvkad4mdkas6g2ctc44osv1e5qo1fofquelvs6sxw9eap1nk5rzka9x82ohj12mjcmt6oihrutc0vquwjxoekrwgtfsx:latest/class_samples.table.json","sha256":"bf1bad6fae2bb7eb4f63c64de5751c6c34c6eab3552119fba968a202bc3e1d7f","_type":"table-file","log_mode":"IMMUTABLE","path":"media/table/class_samples_0_bf1bad6fae2bb7eb4f63.table.json"}}