{"_timestamp":1.7729008000701652e+09,"train_accuracy":0.8867666666666667,"_wandb":{"runtime":53},"_runtime":53,"grad_neuron_2":0.03040982247046664,"epoch":10,"train_loss":0.018495764889182545,"test_accuracy":0.88,"grad_neuron_4":0.04865247831651404,"grad_neuron_0":0.09178652785088695,"class_samples":{"sha256":"bf1bad6fae2bb7eb4f63c64de5751c6c34c6eab3552119fba968a202bc3e1d7f","_latest_artifact_path":"wandb-client-artifact://xr3mvnrcx1zc4do7pfj4cdzgte7bwslxhxsft7n1953i34bedg269nmfmds0unzqpe42pe6a5omhjoxfoyiso926pvr44qae7ps5fy68j1d5b5nspg922997vsddkr29:latest/class_samples.table.json","_type":"table-file","ncols":2,"size":741,"artifact_path":"wandb-client-artifact://pi1gjkfosz3e2su8re6790vpjgydue88wyd1qxjd7miegdb52r7o9spffl8ttdfs9b8pfqfr2yfy39uwza5pk23aeoghjwpy2gwc3jqvvflewandy12l5booyk3wbt66/class_samples.table.json","path":"media/table/class_samples_0_bf1bad6fae2bb7eb4f63.table.json","nrows":50,"log_mode":"IMMUTABLE"},"grad_norm_layer1":0.8308912733932531,"grad_neuron_1":0.023126871422424984,"test_f1":0.8785285633672963,"_step":56292,"activation_hist_layer1":{"bins":[0.10561186721136495,0.11689723278922466,0.12818259836708437,0.13946796394494407,0.15075332952280376,0.1620386951006635,0.17332406067852318,0.18460942625638288,0.19589479183424258,0.2071801574121023,0.218465522989962,0.22975088856782172,0.24103625414568142,0.2523216197235411,0.2636069853014008,0.27489235087926056,0.2861777164571202,0.29746308203497995,0.30874844761283965,0.32003381319069935,0.33131917876855904,0.34260454434641874,0.3538899099242785,0.3651752755021382,0.3764606410799979,0.3877460066578576,0.3990313722357173,0.41031673781357697,0.42160210339143667,0.4328874689692964,0.4441728345471561,0.4554582001250158,0.4667435657028755,0.4780289312807352,0.4893142968585949,0.5005996624364546,0.5118850280143143,0.5231703935921741,0.5344557591700337,0.5457411247478934,0.5570264903257531,0.5683118559036129,0.5795972214814726,0.5908825870593323,0.6021679526371919,0.6134533182150517,0.6247386837929114,0.6360240493707711,0.6473094149486308,0.6585947805264905,0.6698801461043502,0.6811655116822098,0.6924508772600696,0.7037362428379293,0.715021608415789,0.7263069739936487,0.7375923395715084,0.7488777051493681,0.7601630707272279,0.7714484363050875,0.7827338018829473,0.7940191674608069,0.8053045330386667,0.8165898986165263,0.8278752641943861],"_type":"histogram","values":[1,0,1,3,1,3,1,4,4,6,17,10,22,42,25,44,55,75,81,89,113,120,150,180,204,220,230,288,282,314,317,330,345,349,361,367,365,335,325,301,302,265,266,207,195,186,147,126,103,112,56,53,51,27,36,17,21,10,8,8,8,5,2,1]},"grad_neuron_3":0.09554869544330702}