{"_runtime":39,"grad_neuron_1":0.08870037038309722,"grad_neuron_3":0.21703786672639414,"class_samples":{"_latest_artifact_path":"wandb-client-artifact://4a13gae8ei5mr8wfxolyisttp3gkp2xn3higjunad9cp45e1cp1i7vhm72qxyfzdccg788fp2b0fu05xt2hxagu3ajw80l6tkvekeklu771nozp3uip41ewy4fys0rsw:latest/class_samples.table.json","ncols":2,"nrows":50,"size":741,"_type":"table-file","artifact_path":"wandb-client-artifact://4xgbr0k6oitrltyma3s7pdst7wv02f65k7j46wqmqa6rbo0icqsn75avgo9ba1035oxg10ixyc5poaxp42m6n07yxmucu9dp8zqavku2hzaldmj72qlw5whjo86t19d7/class_samples.table.json","log_mode":"IMMUTABLE","sha256":"bf1bad6fae2bb7eb4f63c64de5751c6c34c6eab3552119fba968a202bc3e1d7f","path":"media/table/class_samples_0_bf1bad6fae2bb7eb4f63.table.json"},"_timestamp":1.7729013846653037e+09,"grad_neuron_4":0.03776248472504531,"train_loss":0.005768404863974229,"test_accuracy":0.9564,"grad_neuron_2":0.0088416789134721,"train_accuracy":0.9647833333333333,"epoch":10,"grad_norm_layer1":1.8274930277729549,"activation_hist_layer1":{"_type":"histogram","values":[4262,182,201,193,197,186,195,162,200,165,174,154,157,136,145,129,114,113,88,98,91,81,66,67,71,58,55,84,42,36,29,31,24,24,25,19,13,21,7,16,7,7,12,7,7,4,5,7,2,3,5,1,3,0,1,4,1,1,0,0,1,0,2,1],"bins":[0,0.026529615030781734,0.05305923006156347,0.0795888450923452,0.10611846012312694,0.13264807515390867,0.1591776901846904,0.18570730521547213,0.21223692024625387,0.23876653527703562,0.26529615030781734,0.29182576533859905,0.3183553803693808,0.34488499540016254,0.37141461043094426,0.39794422546172603,0.42447384049250775,0.45100345552328946,0.47753307055407124,0.5040626855848529,0.5305923006156347,0.5571219156464164,0.5836515306771981,0.6101811457079799,0.6367107607387616,0.6632403757695433,0.6897699908003251,0.7162996058311069,0.7428292208618885,0.7693588358926703,0.7958884509234521,0.8224180659542337,0.8489476809850155,0.8754772960157973,0.9020069110465789,0.9285365260773607,0.9550661411081425,0.9815957561389241,1.0081253711697058,1.0346549862004877,1.0611846012312693,1.087714216262051,1.1142438312928329,1.1407734463236145,1.1673030613543962,1.193832676385178,1.2203622914159598,1.2468919064467414,1.2734215214775233,1.299951136508305,1.3264807515390866,1.3530103665698685,1.3795399816006502,1.4060695966314318,1.4325992116622137,1.4591288266929954,1.485658441723777,1.512188056754559,1.5387176717853406,1.5652472868161222,1.5917769018469041,1.6183065168776858,1.6448361319084674,1.6713657469392493,1.697895361970031]},"_wandb":{"runtime":39},"grad_neuron_0":0.08376750398630432,"_step":56292,"test_f1":0.9561229149390916}