{"_timestamp":1.7728990296101596e+09,"grad_neuron_4":0.07528551817053224,"epoch":10,"grad_neuron_1":0.08213698751833597,"train_accuracy":0.81725,"_step":56292,"grad_neuron_2":0.11288696596676087,"grad_norm_layer1":0.7752450220083836,"_runtime":35,"grad_neuron_0":0.12955287786315017,"class_samples":{"path":"media/table/class_samples_0_bf1bad6fae2bb7eb4f63.table.json","artifact_path":"wandb-client-artifact://dlrdr6tnw39zbhvosjs8azva1zxepcmr3melx4noot3nqc7ve2comj7j3a7amfijwqahydtgs3p48e85iyffy8wbxl2k9divaa12jze5cwo8lvr7os7xdjjnu2g6vnj2/class_samples.table.json","log_mode":"IMMUTABLE","ncols":2,"sha256":"bf1bad6fae2bb7eb4f63c64de5751c6c34c6eab3552119fba968a202bc3e1d7f","_type":"table-file","_latest_artifact_path":"wandb-client-artifact://gxq8wcrewwsu3kaacw4bq4hs233gamabivj9e5p0fkl160a2gx1um850ovtexfejlwqjbuo670ecvkpiawh75d6y8eq19z50k6n6gc6vtaa3ra1g1frvc4a1c8gnj0ii:latest/class_samples.table.json","size":741,"nrows":50},"_wandb":{"runtime":35},"grad_neuron_3":0.09376512433972478,"train_loss":0.04453594179272639,"test_f1":0.8136499350133841,"activation_hist_layer1":{"bins":[0.17679654868909392,0.18720471787363305,0.19761288705817218,0.2080210562427113,0.21842922542725043,0.22883739461178956,0.2392455637963287,0.24965373298086782,0.2600619021654069,0.27047007134994605,0.2808782405344852,0.2912864097190243,0.30169457890356344,0.31210274808810257,0.3225109172726417,0.3329190864571808,0.34332725564171995,0.3537354248262591,0.3641435940107982,0.37455176319533734,0.38495993237987647,0.3953681015644156,0.4057762707489547,0.41618443993349385,0.426592609118033,0.4370007783025721,0.44740894748711124,0.45781711667165037,0.4682252858561895,0.47863345504072863,0.48904162422526776,0.4994497934098069,0.509857962594346,0.5202661317788851,0.5306743009634243,0.5410824701479634,0.5514906393325025,0.5618988085170417,0.5723069777015808,0.5827151468861199,0.593123316070659,0.6035314852551982,0.6139396544397373,0.6243478236242764,0.6347559928088156,0.6451641619933547,0.6555723311778938,0.665980500362433,0.6763886695469721,0.6867968387315112,0.6972050079160503,0.7076131771005895,0.7180213462851286,0.7284295154696677,0.7388376846542068,0.749245853838746,0.7596540230232851,0.7700621922078242,0.7804703613923634,0.7908785305769025,0.8012866997614416,0.8116948689459808,0.8221030381305199,0.832511207315059,0.8429193764995981],"_type":"histogram","values":[1,0,1,1,2,8,15,14,16,26,17,29,51,43,43,59,63,69,81,83,90,113,111,124,137,127,156,143,148,181,162,147,165,155,152,144,123,114,126,121,106,83,77,58,62,60,56,40,38,26,28,26,18,12,5,8,10,9,3,4,0,2,2,2]},"test_accuracy":0.8188}