{"_step":6,"grad_norm_layer1":0.43558710547519647,"grad_neuron_1":0.024197046020190436,"class_samples":{"log_mode":"IMMUTABLE","nrows":50,"_latest_artifact_path":"wandb-client-artifact://azz7ilwj65jlqicdasfor4tha8feyopvl2ekq9w2aqygdhpqu79zsjxm4fxb28n6unwi3w390r28la5p4gm6d6g6vsfjatzoke8xwjqd0b1ubh6x56tkgccrlqyn9ms2:latest/class_samples.table.json","artifact_path":"wandb-client-artifact://wgmbdsex5jlxdrnqhbr4pnxpnishb2ej18i8dwnxksktgf3gyass84ainzi5hoj8z8j13luul5nwavkw2cdmzfqrlep5xjo7v2wigz09l0hvdvw94hb3hblhudus2jsg/class_samples.table.json","path":"media/table/class_samples_0_bf1bad6fae2bb7eb4f63.table.json","ncols":2,"_type":"table-file","sha256":"bf1bad6fae2bb7eb4f63c64de5751c6c34c6eab3552119fba968a202bc3e1d7f","size":741},"test_accuracy":0.9323,"_runtime":32,"train_accuracy":0.9328,"grad_neuron_4":0.06132508827593115,"_timestamp":1.7729853863884563e+09,"train_loss":0.24362712774283568,"epoch":5,"test_f1":0.9316909169554741,"grad_neuron_0":0.04032334789743601,"activation_hist_layer1":{"_type":"histogram","values":[20813,16286,15032,14156,13856,13343,12958,12534,12267,11523,11245,10868,10658,9913,9867,9260,9042,8660,8277,7930,7722,7474,7159,6682,6437,6311,6093,5896,5799,5607,5688,5505,5518,5701,5614,5946,6002,6268,6440,6601,7160,7331,7712,8191,8475,8876,9305,9554,9968,10123,10276,10771,10800,11326,11543,11902,12248,12978,13203,13538,14719,15885,17756,23409],"bins":[2.6224851299718956e-07,0.015625210660755392,0.03125015907299779,0.04687510748524019,0.06250005589748259,0.07812500430972498,0.09374995272196739,0.10937490113420978,0.12499984954645217,0.14062479795869456,0.15624974637093694,0.17187469478317935,0.18749964319542176,0.20312459160766413,0.21874954001990654,0.23437448843214892,0.24999943684439133,0.26562438525663373,0.28124933366887617,0.29687428208111855,0.3124992304933609,0.32812417890560336,0.34374912731784574,0.3593740757300881,0.37499902414233055,0.39062397255457293,0.4062489209668153,0.4218738693790577,0.4374988177913001,0.4531237662035425,0.4687487146157849,0.4843736630280273,0.4999986114402697,0.5156235598525121,0.5312485082647544,0.5468734566769968,0.5624984050892393,0.5781233535014817,0.5937483019137241,0.6093732503259665,0.6249981987382088,0.6406231471504512,0.6562480955626937,0.6718730439749361,0.6874979923871785,0.7031229407994208,0.7187478892116632,0.7343728376239056,0.7499977860361481,0.7656227344483905,0.7812476828606328,0.7968726312728752,0.8124975796851176,0.82812252809736,0.8437474765096024,0.8593724249218448,0.8749973733340872,0.8906223217463296,0.906247270158572,0.9218722185708144,0.9374971669830567,0.9531221153952992,0.9687470638075416,0.984372012219784,0.9999969606320264]},"grad_neuron_2":0.04670555814006626,"_wandb":{"runtime":32},"grad_neuron_3":0.0486765353760157}