{"epoch":5,"test_accuracy":0.8752,"grad_neuron_4":0.07390527923557251,"grad_neuron_2":0.10504888742226084,"_runtime":25,"grad_neuron_1":0.05037336290916196,"test_f1":0.8731296334816945,"activation_hist_layer1":{"bins":[0,0.12362479519008499,0.24724959038016997,0.370874385570255,0.49449918076033994,0.6181239759504249,0.74174877114051,0.8653735663305949,0.9889983615206799,1.112623156710765,1.2362479519008498,1.3598727470909349,1.48349754228102,1.6071223374711048,1.7307471326611898,1.8543719278512747,1.9779967230413598,2.1016215182314446,2.22524631342153,2.3488711086116147,2.4724959038016996,2.596120698991785,2.7197454941818697,2.8433702893719546,2.96699508456204,3.0906198797521247,3.2142446749422096,3.3378694701322944,3.4614942653223797,3.5851190605124645,3.7087438557025494,3.8323686508926347,3.9559934460827195,4.079618241272804,4.203243036462889,4.326867831652974,4.45049262684306,4.574117422033145,4.6977422172232295,4.821367012413314,4.944991807603399,5.068616602793484,5.19224139798357,5.315866193173655,5.4394909883637395,5.563115783553824,5.686740578743909,5.810365373933994,5.93399016912408,6.057614964314165,6.181239759504249,6.304864554694334,6.428489349884419,6.552114145074504,6.675738940264589,6.7993637354546745,6.922988530644759,7.046613325834844,7.170238121024929,7.293862916215014,7.417487711405099,7.5411125065951845,7.664737301785269,7.788362096975354,7.911986892165439],"_type":"histogram","values":[194816,37145,37208,36452,34533,32754,30603,28189,26090,23901,21875,19932,17854,15556,13788,12116,10283,8645,7228,5899,4927,3971,3108,2605,2065,1592,1311,1040,820,678,504,409,309,260,211,180,140,98,101,100,93,69,72,72,57,58,41,45,24,35,29,25,18,18,15,10,4,5,4,1,1,4,2,2]},"_step":6,"grad_neuron_3":0.001860445752876826,"grad_norm_layer1":0.551249337078647,"_timestamp":1.77298168494206e+09,"train_accuracy":0.8722,"class_samples":{"_latest_artifact_path":"wandb-client-artifact://cvp5noosa0ws7b6k73ejshofcnnbeou8i6djbdp7z0h74e3xbhm2gey4vrsqi2dbnf6vaczka32jluyunn3ilh7xmxfn8u96kpx1mr1j8xu0ie9o0arkfhbounejgn28:latest/class_samples.table.json","path":"media/table/class_samples_0_bf1bad6fae2bb7eb4f63.table.json","ncols":2,"nrows":50,"log_mode":"IMMUTABLE","artifact_path":"wandb-client-artifact://nsk8qed8dwdh3thoaaxmidzq89wbdkgti3ch14vr233qyge5w1ns1ekuf1ntyarkdx7wcbq6j2gsmeep4f7ambjqm46evlv8pdx9btx8rpnivgcii2cr74fzpc3r96ub/class_samples.table.json","size":741,"sha256":"bf1bad6fae2bb7eb4f63c64de5751c6c34c6eab3552119fba968a202bc3e1d7f","_type":"table-file"},"train_loss":0.5213000939889382,"_wandb":{"runtime":25},"grad_neuron_0":0.027305189580979487}