{"grad_neuron_0":0.08185286675766382,"grad_neuron_3":0.16412201195022627,"grad_norm_layer1":0.6796594177676921,"class_samples":{"nrows":50,"size":741,"sha256":"bf1bad6fae2bb7eb4f63c64de5751c6c34c6eab3552119fba968a202bc3e1d7f","artifact_path":"wandb-client-artifact://0fn2wx3q5497wc3iy6jpbdjp7qs3dzd634p972adnys5m34odv0yh1g29v7yd107gucu5d1eelmsfkjuo0icwd00sz95gw7fh0zsa3fy8ymjn2sfs7m0enmuqo4rdgbf/class_samples.table.json","_type":"table-file","_latest_artifact_path":"wandb-client-artifact://9wxi5wqkttusvbz3u5fzjxwm6ddgjsts0z3q202aihuhaojw2nwi1oodrawbfcb2y72hts0qbjt2x3z1q73f164hbd26c0kqke1hvy298hcyw66by4c5vu5zche1wa95:latest/class_samples.table.json","log_mode":"IMMUTABLE","ncols":2,"path":"media/table/class_samples_0_bf1bad6fae2bb7eb4f63.table.json"},"grad_neuron_1":0.04808331075558557,"test_accuracy":0.929,"activation_hist_layer1":{"values":[195543,29430,29018,28199,27315,25999,25415,23835,22881,21723,20409,19301,18040,16313,15089,13983,12973,11383,10338,9223,8337,7362,6540,5678,5055,4448,3847,3365,2944,2570,2084,1855,1588,1385,1225,983,834,698,565,469,344,270,252,195,141,130,100,76,69,49,27,21,23,17,18,6,4,4,6,0,4,1,0,1],"bins":[0,0.10471201086217576,0.2094240217243515,0.3141360325865273,0.418848043448703,0.5235600543108788,0.6282720651730546,0.7329840760352303,0.837696086897406,0.9424080977595818,1.0471201086217576,1.1518321194839334,1.2565441303461091,1.3612561412082849,1.4659681520704606,1.5706801629326363,1.675392173794812,1.7801041846569878,1.8848161955191636,1.9895282063813393,2.0942402172435153,2.198952228105691,2.3036642389678668,2.4083762498300425,2.5130882606922182,2.617800271554394,2.7225122824165697,2.8272242932787455,2.931936304140921,3.036648315003097,3.1413603258652727,3.2460723367274484,3.350784347589624,3.4554963584518,3.5602083693139757,3.6649203801761514,3.769632391038327,3.874344401900503,3.9790564127626786,4.083768423624854,4.188480434487031,4.293192445349206,4.397904456211382,4.502616467073557,4.6073284779357335,4.712040488797909,4.816752499660085,4.92146451052226,5.0261765213844365,5.130888532246612,5.235600543108788,5.340312553970963,5.4450245648331395,5.549736575695315,5.654448586557491,5.759160597419666,5.863872608281842,5.968584619144018,6.073296630006194,6.178008640868369,6.282720651730545,6.387432662592721,6.492144673454897,6.596856684317072,6.701568695179248],"_type":"histogram"},"grad_neuron_4":0.02413269869465141,"_runtime":27,"train_accuracy":0.9334,"epoch":5,"_wandb":{"runtime":27},"_timestamp":1.772985488204888e+09,"grad_neuron_2":0.0724359980011962,"test_f1":0.9282238255694674,"train_loss":0.11130224951429755,"_step":6}