{"activation_hist_layer1":{"values":[3,4,12,13,21,31,39,36,51,66,53,66,68,68,62,99,97,80,99,105,123,134,114,121,119,101,125,112,114,119,119,114,121,113,98,100,97,79,75,83,95,64,75,65,52,62,64,51,48,46,33,30,34,29,20,20,23,10,3,9,3,3,2,1],"bins":[-0.9227764330282671,-0.8937025797692293,-0.8646287265101914,-0.8355548732511536,-0.8064810199921159,-0.777407166733078,-0.7483333134740402,-0.7192594602150024,-0.6901856069559646,-0.6611117536969268,-0.632037900437889,-0.6029640471788511,-0.5738901939198133,-0.5448163406607756,-0.5157424874017378,-0.48666863414269995,-0.4575947808836621,-0.4285209276246243,-0.39944707436558646,-0.3703732211065487,-0.3412993678475109,-0.31222551458847303,-0.28315166132943526,-0.2540778080703975,-0.2250039548113596,-0.19593010155232182,-0.16685624829328405,-0.13778239503424627,-0.10870854177520839,-0.07963468851617062,-0.05056083525713284,-0.021486981998094956,0.007586871260942818,0.03666072451998059,0.06573457777901848,0.09480843103805614,0.12388228429709414,0.1529561375561319,0.18202999081516968,0.21110384407420746,0.24017769733324523,0.269251550592283,0.298325403851321,0.3273992571103588,0.35647311036939655,0.3855469636284343,0.4146208168874721,0.4436946701465099,0.47276852340554787,0.5018423766645856,0.5309162299236234,0.5599900831826612,0.589063936441699,0.6181377897007367,0.6472116429597745,0.6762854962188125,0.7053593494778503,0.7344332027368881,0.7635070559959258,0.7925809092549636,0.8216547625140014,0.8507286157730394,0.8798024690320772,0.9088763222911149,0.9379501755501527],"_type":"histogram"},"epoch":10,"grad_neuron_3":0.0513404444337037,"grad_neuron_1":0.19313522291991225,"_timestamp":1.7728998431044626e+09,"grad_neuron_0":0.0977052611926462,"_runtime":36,"_wandb":{"runtime":36},"train_loss":0.014578065526897471,"train_accuracy":0.9080666666666667,"grad_neuron_4":0.11167450355355116,"grad_neuron_2":0.15139082739046178,"test_f1":0.9082238573260678,"grad_norm_layer1":1.52063981054156,"_step":56292,"class_samples":{"_latest_artifact_path":"wandb-client-artifact://m7zq9dod1xktpiy9c14yalgcfowv9ng9d3whhgqvsvnsl0saoayhlabwytv3xkfgus9wvjtksgnh3bsq7etvfcllifeqc8r66zshe1b8k2vgbl2pt3f0itbacdkd2u4y:latest/class_samples.table.json","sha256":"bf1bad6fae2bb7eb4f63c64de5751c6c34c6eab3552119fba968a202bc3e1d7f","_type":"table-file","size":741,"nrows":50,"path":"media/table/class_samples_0_bf1bad6fae2bb7eb4f63.table.json","artifact_path":"wandb-client-artifact://56dbzg6dm4u6xcs12onxa6fvmr49yoaya96y3jfx51c28fjx3dy4cbdvbml70ty0ts5wt3q1ms3z3pqj97rjhhdvpthhif7nbit7pwyfgjvake4mq4d0np8vkq4g6wrm/class_samples.table.json","log_mode":"IMMUTABLE","ncols":2},"test_accuracy":0.9094}