{"_runtime":36,"grad_norm_layer1":0.15514400193597774,"test_accuracy":0.394,"_step":6,"grad_neuron_0":0.018863349319421602,"train_loss":0.8528169703717153,"grad_neuron_1":0.0059683044292040965,"epoch":5,"grad_neuron_2":0.02021618000125061,"grad_neuron_3":0.010253398245606142,"activation_hist_layer1":{"values":[5,11,47,83,189,288,508,737,1054,1471,2000,2737,3482,4546,5734,7118,8900,11089,13226,15721,18747,22020,25732,29528,33069,37731,41642,45845,49817,52557,56181,57747,59161,59755,59311,58355,56367,54148,51080,47119,43397,39276,35153,30649,26831,23151,19554,15981,12780,10348,7887,6085,4615,3185,2319,1601,999,582,386,205,94,43,14,7],"bins":[0.07173555255358666,0.08447111605351845,0.09720667955345025,0.10994224305338204,0.12267780655331384,0.13541337005324564,0.14814893355317743,0.16088449705310923,0.17362006055304102,0.18635562405297282,0.1990911875529046,0.2118267510528364,0.2245623145527682,0.2372978780527,0.2500334415526318,0.2627690050525636,0.2755045685524954,0.28824013205242716,0.300975695552359,0.3137112590522908,0.32644682255222257,0.33918238605215434,0.35191794955208616,0.364653513052018,0.37738907655194975,0.3901246400518815,0.40286020355181335,0.41559576705174517,0.42833133055167694,0.4410668940516087,0.45380245755154053,0.46653802105147235,0.4792735845514041,0.4920091480513359,0.5047447115512678,0.5174802750511995,0.5302158385511313,0.5429514020510631,0.5556869655509948,0.5684225290509267,0.5811580925508585,0.5938936560507903,0.606629219550722,0.6193647830506539,0.6321003465505857,0.6448359100505174,0.6575714735504493,0.6703070370503811,0.6830426005503129,0.6957781640502446,0.7085137275501764,0.7212492910501083,0.73398485455004,0.7467204180499718,0.7594559815499037,0.7721915450498354,0.7849271085497672,0.797662672049699,0.8103982355496308,0.8231337990495626,0.8358693625494944,0.8486049260494262,0.861340489549358,0.8740760530492898,0.8868116165492216],"_type":"histogram"},"_wandb":{"runtime":36},"_timestamp":1.7729845192957187e+09,"test_f1":0.26361281805222553,"grad_neuron_4":0.018409124477839142,"train_accuracy":0.3844,"class_samples":{"ncols":2,"nrows":50,"size":741,"path":"media/table/class_samples_0_bf1bad6fae2bb7eb4f63.table.json","_type":"table-file","log_mode":"IMMUTABLE","_latest_artifact_path":"wandb-client-artifact://4n92y0hzneek9n9xwxrxiaqa3oboyy9qpk9d1a9kqtmz97uvnvwax0p0uxsez4yazdd8wc3r5vghiqjs7v6m8o8j49ul8z0v2zwkh2y2jcz5ifc7yftsjisn7ab1p84l:latest/class_samples.table.json","sha256":"bf1bad6fae2bb7eb4f63c64de5751c6c34c6eab3552119fba968a202bc3e1d7f","artifact_path":"wandb-client-artifact://7ph5nyjzeo2ecc2gqtt8o50mvfde6nc7ovl8o133oo9lvnykcjnmecc1qsgeadu3q21mbuihku460unn4u4te2jw7igvbwjqgeam466r6yhci6uce7y01rfiyu1omlb8/class_samples.table.json"}}