{"grad_neuron_0":0.0684171861996229,"grad_norm_layer1":0.45369327644145446,"_step":6,"grad_neuron_3":0.006905240690915951,"test_f1":0.9593822013517641,"activation_hist_layer1":{"values":[173991,28063,17687,12859,10385,8636,7580,6487,5838,5360,4917,4505,4335,4049,3898,3617,3548,3476,3312,3053,3067,2930,2945,2888,2816,2705,2648,2742,2564,2628,2664,2510,2568,2622,2508,2504,2685,2655,2736,2695,2783,2839,2932,2977,3166,3178,3435,3470,3551,3764,3996,4084,4352,4675,5073,5608,5991,6893,7670,9114,11020,14513,22527,132713],"bins":[2.870043635168841e-24,0.015625,0.03125,0.046875,0.0625,0.078125,0.09375,0.109375,0.125,0.140625,0.15625,0.171875,0.1875,0.203125,0.21875,0.234375,0.25,0.265625,0.28125,0.296875,0.3125,0.328125,0.34375,0.359375,0.375,0.390625,0.40625,0.421875,0.4375,0.453125,0.46875,0.484375,0.5,0.515625,0.53125,0.546875,0.5625,0.578125,0.59375,0.609375,0.625,0.640625,0.65625,0.671875,0.6875,0.703125,0.71875,0.734375,0.75,0.765625,0.78125,0.796875,0.8125,0.828125,0.84375,0.859375,0.875,0.890625,0.90625,0.921875,0.9375,0.953125,0.96875,0.984375,1],"_type":"histogram"},"epoch":5,"grad_neuron_4":0.1367355353370705,"test_accuracy":0.9594,"grad_neuron_1":0.05748227991549975,"_timestamp":1.772983766298922e+09,"_runtime":43,"class_samples":{"size":741,"_latest_artifact_path":"wandb-client-artifact://qbfhwpugdzn1h5wu84w55soo0ebsusa3wbg35a0ps489xoyt8yugeby2c1105jjii43kefcksjd0ijmqkgpfyzwyq3fltgvgqp3ldz5kjsf2ulcjag4bijm4mwh3aicr:latest/class_samples.table.json","path":"media/table/class_samples_0_bf1bad6fae2bb7eb4f63.table.json","artifact_path":"wandb-client-artifact://cp1ameutop3ksrmiwn0p4u6bv6kiy0r83fsnmcw2uckzrxm6ms45k99kpi2wqgt2c7oc2ivhlw5q2y463gu3jjkoqtbytgnf1u0i60w6zyxdp6ce7g6pcuygkcku1n9x/class_samples.table.json","log_mode":"IMMUTABLE","ncols":2,"_type":"table-file","sha256":"bf1bad6fae2bb7eb4f63c64de5751c6c34c6eab3552119fba968a202bc3e1d7f","nrows":50},"train_loss":0.09812991108178155,"_wandb":{"runtime":43},"grad_neuron_2":0.01410805793755171,"train_accuracy":0.974}