{"_wandb":{"runtime":48},"grad_neuron_3":0.19631540584593477,"class_samples":{"artifact_path":"wandb-client-artifact://0i1imb5ie2hsi1nturm903f4sf01lt0na85nq7ya07pgq5y4d6jfv0v9yxzkgt4radzpkdku2sb01du3ktahil9sh4th1vbieujc26825t0muzvkh3oo5ii6u0oe7f88/class_samples.table.json","log_mode":"IMMUTABLE","nrows":50,"size":741,"ncols":2,"sha256":"bf1bad6fae2bb7eb4f63c64de5751c6c34c6eab3552119fba968a202bc3e1d7f","path":"media/table/class_samples_0_bf1bad6fae2bb7eb4f63.table.json","_type":"table-file","_latest_artifact_path":"wandb-client-artifact://hb7fe6lk98m0n4kesmej4m12hdqmd2m1tnmuhwje8583pf33w6pvejujh7c4ovtquii1ztk9vnfaxv7oumzm1d95y43vzl129x7grndn7jw189jyfzlkploldg7zxzd0:latest/class_samples.table.json"},"test_accuracy":0.9105,"_step":56292,"grad_neuron_4":0.16823961742139001,"test_f1":0.9094071974133031,"grad_neuron_1":0.3119226435516298,"epoch":10,"activation_hist_layer1":{"bins":[-0.987375365514252,-0.9574791358167544,-0.9275829061192566,-0.897686676421759,-0.8677904467242614,-0.8378942170267637,-0.8079979873292661,-0.7781017576317684,-0.7482055279342708,-0.7183092982367731,-0.6884130685392754,-0.6585168388417778,-0.6286206091442801,-0.5987243794467825,-0.5688281497492849,-0.5389319200517872,-0.5090356903542895,-0.4791394606567919,-0.4492432309592942,-0.4193470012617966,-0.38945077156429886,-0.35955454186680125,-0.32965831216930364,-0.2997620824718059,-0.2698658527743083,-0.2399696230768107,-0.21007339337931297,-0.18017716368181536,-0.15028093398431774,-0.12038470428682002,-0.09048847458932241,-0.06059224489182469,-0.030696015194327075,-0.0007997854968294638,0.029096444200668148,0.05899267389816598,0.0888889035956636,0.1187851332931612,0.14868136299065882,0.17857759268815643,0.20847382238565426,0.23837005208315187,0.2682662817806495,0.2981625114781471,0.3280587411756447,0.3579549708731423,0.38785120057064015,0.41774743026813776,0.4476436599656354,0.477539889663133,0.5074361193606306,0.5373323490581284,0.567228578755626,0.5971248084531237,0.6270210381506213,0.6569172678481189,0.6868134975456165,0.7167097272431143,0.7466059569406119,0.7765021866381095,0.8063984163356072,0.8362946460331048,0.8661908757306026,0.8960871054281002,0.9259833351255979],"_type":"histogram","values":[2,4,14,13,25,37,36,53,58,63,85,89,110,99,121,132,148,151,172,159,142,166,192,151,183,215,213,225,217,212,180,207,218,235,209,222,182,207,196,195,199,187,210,201,167,167,174,174,151,132,149,116,97,104,98,73,61,72,43,27,21,15,11,5]},"_runtime":48,"grad_norm_layer1":2.1095698509055993,"train_loss":0.013575056223822737,"grad_neuron_2":0.18051172129042015,"train_accuracy":0.9128166666666667,"grad_neuron_0":0.1930089601989133,"_timestamp":1.772898823212506e+09}