{"_runtime":41,"train_accuracy":0.9364,"grad_neuron_0":0.036398028846426546,"grad_neuron_2":0.00010920080661438263,"_wandb":{"runtime":41},"epoch":5,"test_accuracy":0.9303,"class_samples":{"nrows":50,"_type":"table-file","sha256":"bf1bad6fae2bb7eb4f63c64de5751c6c34c6eab3552119fba968a202bc3e1d7f","log_mode":"IMMUTABLE","artifact_path":"wandb-client-artifact://4v9gzg9a32km4k50k9ogmqr3cwwydedpp3cx99d6lsqeeflcsdcopl59alohmflo97pvabiivpnsg1ti3rvwgpidfd6rxoimlo23mlnpc2ehz2j95ok5pc89xu4kzsjf/class_samples.table.json","_latest_artifact_path":"wandb-client-artifact://woxm70ktt0tmlm0cq4jjwcjxy0si30hrjbihucy2hfgm29br7npjy3x4wfuy3wrp7b6vo991resk0aaoemueie67y972shc5hpw5byjao1gaj21zbpamnldfhagrsf1y:latest/class_samples.table.json","path":"media/table/class_samples_0_bf1bad6fae2bb7eb4f63.table.json","ncols":2,"size":741},"grad_neuron_4":0.08977151546848137,"grad_neuron_1":0.04875362054823741,"grad_norm_layer1":0.7797025391068492,"grad_neuron_3":0,"activation_hist_layer1":{"bins":[0,0.09290749061981919,0.18581498123963838,0.2787224718594576,0.37162996247927677,0.46453745309909594,0.5574449437189152,0.6503524343387344,0.7432599249585535,0.8361674155783727,0.9290749061981919,1.021982396818011,1.1148898874378304,1.2077973780576494,1.3007048686774687,1.3936123592972878,1.486519849917107,1.5794273405369263,1.6723348311567454,1.7652423217765647,1.8581498123963838,1.951057303016203,2.043964793636022,2.1368722842558414,2.2297797748756607,2.32268726549548,2.415594756115299,2.508502246735118,2.6014097373549374,2.6943172279747567,2.7872247185945755,2.880132209214395,2.973039699834214,3.0659471904540334,3.1588546810738527,3.2517621716936715,3.344669662313491,3.43757715293331,3.5304846435531294,3.6233921341729483,3.7162996247927675,3.809207115412587,3.902114606032406,3.9950220966522254,4.087929587272044,4.180837077891864,4.273744568511683,4.366652059131502,4.459559549751321,4.55246704037114,4.64537453099096,4.738282021610779,4.831189512230598,4.924097002850417,5.017004493470236,5.109911984090055,5.202819474709875,5.295726965329694,5.388634455949513,5.481541946569332,5.574449437189151,5.667356927808971,5.76026441842879,5.853171909048609,5.946079399668428],"_type":"histogram","values":[531384,65176,60909,57495,52843,48990,45828,42261,39425,36716,34568,31566,28686,26252,23437,20951,18549,16746,14981,12847,11087,9403,8175,7055,5938,4897,4272,3581,2958,2468,2032,1675,1368,1118,965,731,560,467,387,270,224,201,117,123,92,57,46,43,21,21,11,7,4,4,3,1,5,2,0,0,0,0,0,1]},"test_f1":0.9294902883121811,"_timestamp":1.7729830797803993e+09,"train_loss":0.11053729156911667,"_step":6}