{"grad_neuron_1":0.061418070281174686,"_step":6,"class_samples":{"log_mode":"IMMUTABLE","path":"media/table/class_samples_0_bf1bad6fae2bb7eb4f63.table.json","size":741,"_type":"table-file","nrows":50,"ncols":2,"sha256":"bf1bad6fae2bb7eb4f63c64de5751c6c34c6eab3552119fba968a202bc3e1d7f","_latest_artifact_path":"wandb-client-artifact://4597x04z1em8yvcjsmb40fdotbc6d4aqxk3adfpsahpk3uetm4lod14kukg4r7xvx3tqijlkr54qxecglzwnfviry3vnomt8dj72upqbotjuzg0mwk1lb73ba8kgyukn:latest/class_samples.table.json","artifact_path":"wandb-client-artifact://7de33eajw2kmszdopyvufqr0hzju7hdb2moa069ptbidat0tibmrtm1ulemcyce14yrvhrdad479rg43ousvxitrde10ejghjhym4jxhmus41lfyf1m7ynsp45pmn9vb/class_samples.table.json"},"_timestamp":1.7729843122546458e+09,"grad_neuron_0":0.015658557459575884,"epoch":5,"grad_neuron_3":0.04203803050792935,"grad_neuron_2":0,"train_loss":0.05094424766873293,"grad_neuron_4":0.03947657148159452,"activation_hist_layer1":{"bins":[0,0.09610555361770455,0.1922111072354091,0.28831666085311364,0.3844222144708182,0.48052776808852277,0.5766333217062273,0.6727388753239318,0.7688444289416364,0.864949982559341,0.9610555361770455,1.05716108979475,1.1532666434124546,1.2493721970301592,1.3454777506478637,1.4415833042655684,1.5376888578832728,1.6337944115009773,1.729899965118682,1.8260055187363864,1.922111072354091,2.0182166259717955,2.1143221795895,2.210427733207205,2.306533286824909,2.4026388404426138,2.4987443940603185,2.5948499476780227,2.6909555012957274,2.787061054913432,2.8831666085311367,2.979272162148841,3.0753777157665456,3.1714832693842503,3.2675888230019545,3.363694376619659,3.459799930237364,3.5559054838550685,3.652011037472773,3.7481165910904775,3.844222144708182,3.9403276983258864,4.036433251943591,4.132538805561295,4.228644359179,4.324749912796705,4.42085546641441,4.516961020032114,4.613066573649818,4.709172127267523,4.8052776808852276,4.901383234502932,4.997488788120637,5.093594341738341,5.189699895356045,5.2858054489737505,5.381911002591455,5.478016556209159,5.574122109826864,5.670227663444568,5.766333217062273,5.862438770679978,5.958544324297682,6.054649877915387,6.150755431533091],"_type":"histogram","values":[891020,46144,40256,35835,32382,29266,26301,23657,21180,19008,16580,14701,13113,11394,10056,8484,7082,6031,5179,4307,3647,2961,2430,1914,1443,1154,898,740,545,433,325,284,223,172,118,109,88,62,78,43,44,61,38,36,25,18,23,19,14,17,10,12,8,6,6,5,2,2,4,3,1,0,2,1]},"_runtime":59,"test_f1":0.9659918820974311,"train_accuracy":0.9714,"_wandb":{"runtime":59},"test_accuracy":0.9662,"grad_norm_layer1":0.49190151974639157}