{"grad_neuron_3":0.0596976034531078,"train_accuracy":0.9969,"_timestamp":1.7729009190199585e+09,"activation_hist_layer1":{"values":[1,3,10,9,19,27,44,59,63,98,89,93,118,118,108,140,153,161,190,189,195,191,196,220,194,218,260,226,229,240,245,237,226,231,209,212,224,203,200,188,202,198,213,172,147,140,138,121,126,110,80,74,104,60,57,47,46,41,23,23,21,6,5,2],"bins":[-0.9597590409357849,-0.9298867662260046,-0.9000144915162243,-0.870142216806444,-0.8402699420966637,-0.8103976673868833,-0.7805253926771031,-0.7506531179673228,-0.7207808432575424,-0.6909085685477621,-0.6610362938379818,-0.6311640191282015,-0.6012917444184211,-0.5714194697086409,-0.5415471949988606,-0.5116749202890802,-0.48180264557929997,-0.4519303708695197,-0.4220580961597393,-0.39218582144995906,-0.3623135467401787,-0.3324412720303984,-0.30256899732061815,-0.27269672261083777,-0.2428244479010575,-0.21295217319127724,-0.18307989848149686,-0.1532076237717166,-0.12333534906193633,-0.09346307435215595,-0.06359079964237568,-0.033718524932595306,-0.0038462502228150397,0.026026024486965227,0.05589829919674549,0.08577057390652587,0.11564284861630625,0.1455151233260864,0.17538739803586678,0.20525967274564716,0.23513194745542754,0.2650042221652077,0.29487649687498807,0.32474877158476845,0.3546210462945486,0.384493321004329,0.41436559571410936,0.4442378704238895,0.4741101451336699,0.5039824198434503,0.5338546945532304,0.5637269692630108,0.5935992439727912,0.6234715186825713,0.6533437933923517,0.6832160681021321,0.7130883428119122,0.7429606175216926,0.772832892231473,0.8027051669412534,0.8325774416510335,0.8624497163608139,0.8923219910705943,0.9221942657803744,0.9520665404901548],"_type":"histogram"},"grad_norm_layer1":0.7777822320397556,"train_loss":0.0008081774556831855,"grad_neuron_4":0.06387761926602589,"test_f1":0.9757079502298602,"_step":56292,"grad_neuron_2":0.0010333565640911638,"_wandb":{"runtime":55},"class_samples":{"size":741,"path":"media/table/class_samples_0_bf1bad6fae2bb7eb4f63.table.json","_type":"table-file","sha256":"bf1bad6fae2bb7eb4f63c64de5751c6c34c6eab3552119fba968a202bc3e1d7f","log_mode":"IMMUTABLE","_latest_artifact_path":"wandb-client-artifact://ypvx14uc711psxa0tqaxori07k0ynhlc7vn9mwe6maqf3k6qwetuc7fokg1u77i1l7axvaoom9swrebexq92usw5x4hzrqlx5nn33ljaj5637qyy1xkpx9dqtibijjfu:latest/class_samples.table.json","ncols":2,"artifact_path":"wandb-client-artifact://pdrj2a2qcmki39ez0qisxntw2xs3my6mklyos22iwn0iilqj8brzuayz12xtq2iwnjjyxsl8onbfleryck3fe0jgmtitk6bv2f4ig7yb8u5ymsff6wcw47y2cas0ce30/class_samples.table.json","nrows":50},"grad_neuron_1":0.05889190727325123,"_runtime":55,"grad_neuron_0":0.057416505617900855,"epoch":10,"test_accuracy":0.9759}