{"train_loss":0.2282508337217264,"test_accuracy":0.9326,"grad_neuron_2":0.20064542469976815,"_wandb":{"runtime":36},"epoch":10,"_runtime":36,"grad_neuron_3":0.14897687223930445,"class_samples":{"_latest_artifact_path":"wandb-client-artifact://7vhjz2g0p5zw7qgm4ahxpqjmxgkj3bar541pvkifkmonvebzlzbopj4p63g68effhrc3s30s1oopmpi2b0u2kl0zofxjtzwfe9w7fixs7j7nxe2pmfwj0go6u753vbir:latest/class_samples.table.json","size":741,"_type":"table-file","artifact_path":"wandb-client-artifact://qdldgf3joz6wns7nbukg55hov48qnrcf5hr6lmvwoaud3ncnsvgfnbnpv5e3abnd1nqq5i91yspfs89vepz1o2t7i5bbm2j3idrwzjjf1l3vw8vwzg24kdukubdo5w9g/class_samples.table.json","sha256":"bf1bad6fae2bb7eb4f63c64de5751c6c34c6eab3552119fba968a202bc3e1d7f","ncols":2,"path":"media/table/class_samples_0_bf1bad6fae2bb7eb4f63.table.json","log_mode":"IMMUTABLE","nrows":50},"_timestamp":1.7728990789740272e+09,"_step":56292,"grad_neuron_4":0.20109145888413935,"grad_neuron_1":0.07334170831530436,"grad_norm_layer1":1.2539946773395418,"test_f1":0.9319236020199518,"activation_hist_layer1":{"values":[2,3,10,12,25,27,23,31,39,55,50,45,55,64,60,72,72,82,88,86,91,106,92,88,90,103,101,116,116,96,119,112,117,92,107,103,112,102,99,113,101,93,92,82,74,78,75,72,73,59,42,41,51,40,25,34,24,12,12,13,11,9,4,3],"bins":[-0.9391505431779763,-0.9104697874400048,-0.8817890317020335,-0.853108275964062,-0.8244275202260907,-0.7957467644881192,-0.7670660087501479,-0.7383852530121764,-0.709704497274205,-0.6810237415362336,-0.6523429857982621,-0.6236622300602908,-0.5949814743223194,-0.5663007185843479,-0.5376199628463765,-0.5089392071084051,-0.4802584513704337,-0.4515776956324623,-0.42289693989449084,-0.3942161841565195,-0.365535428418548,-0.33685467268057667,-0.3081739169426052,-0.27949316120463386,-0.2508124054666624,-0.22213164972869104,-0.19345089399071957,-0.16477013825274822,-0.13608938251477676,-0.1074086267768054,-0.07872787103883394,-0.05004711530086259,-0.021366359562891124,0.00731439617508034,0.03599515191305169,0.06467590765102305,0.09335666338899462,0.12203741912696597,0.15071817486493733,0.17939893060290868,0.20807968634088025,0.2367604420788516,0.26544119781682296,0.2941219535547943,0.3228027092927659,0.35148346503073724,0.3801642207687086,0.40884497650667995,0.4375257322446515,0.4662064879826229,0.4948872437205942,0.5235679994585658,0.5522487551965372,0.5809295109345085,0.6096102666724799,0.6382910224104514,0.6669717781484228,0.6956525338863941,0.7243332896243655,0.7530140453623371,0.7816948011003084,0.8103755568382798,0.8390563125762511,0.8677370683142227,0.8964178240521941],"_type":"histogram"},"grad_neuron_0":0.1026894298774401,"train_accuracy":0.9368333333333333}