{"train_loss":0.05264618319891607,"test_accuracy":0.9671,"train_accuracy":0.9843833333333334,"_timestamp":1.7729012271313472e+09,"grad_neuron_1":0.26575192471657955,"class_samples":{"nrows":50,"_latest_artifact_path":"wandb-client-artifact://yto42azrbjoqa6cymjvjnthxukr5j4k3p8tcrjptxlmfi6kn0337kgl5kll8ej94lkwdxabst418lb74uoeft3q4xezofosbjh6kx2ppojjymjshggor9lq5c14i9rah:latest/class_samples.table.json","log_mode":"IMMUTABLE","path":"media/table/class_samples_0_bf1bad6fae2bb7eb4f63.table.json","sha256":"bf1bad6fae2bb7eb4f63c64de5751c6c34c6eab3552119fba968a202bc3e1d7f","artifact_path":"wandb-client-artifact://mq929aiu4g0x4jp573finb7as1zfid6shxne7hhpe9i7y114tthlehx2e7ds39l20kjx3pa1zi77vkz4l1ts89ms4clkihu3q04bzb6fpbj9cmbb3snxr6rtex128xn8/class_samples.table.json","size":741,"_type":"table-file","ncols":2},"grad_neuron_2":0.0069456896668197215,"grad_neuron_4":0.15629443255123113,"_step":56292,"grad_norm_layer1":0.9651567287457574,"_wandb":{"runtime":36},"grad_neuron_3":0.0888268208401345,"epoch":10,"test_f1":0.9668292165641397,"_runtime":36,"grad_neuron_0":0.06777630995647244,"activation_hist_layer1":{"values":[2318,109,105,105,101,99,102,89,94,93,83,77,64,60,60,64,61,48,25,37,31,35,31,27,22,24,18,9,17,10,11,5,5,9,4,4,7,0,2,6,3,5,4,2,4,0,0,0,0,1,0,3,1,0,0,0,0,1,0,0,0,0,0,1],"bins":[0,0.034689070987902845,0.06937814197580569,0.10406721296370854,0.13875628395161138,0.17344535493951424,0.20813442592741707,0.2428234969153199,0.27751256790322276,0.3122016388911256,0.3468907098790285,0.3815797808669313,0.41626885185483414,0.450957922842737,0.4856469938306398,0.5203360648185427,0.5550251358064455,0.5897142067943484,0.6244032777822512,0.6590923487701541,0.693781419758057,0.7284704907459597,0.7631595617338626,0.7978486327217654,0.8325377037096683,0.8672267746975711,0.901915845685474,0.9366049166733769,0.9712939876612796,1.0059830586491825,1.0406721296370853,1.0753612006249882,1.110050271612891,1.144739342600794,1.1794284135886968,1.2141174845765996,1.2488065555645025,1.2834956265524053,1.3181846975403082,1.352873768528211,1.387562839516114,1.4222519105040166,1.4569409814919194,1.4916300524798223,1.5263191234677251,1.561008194455628,1.5956972654435309,1.6303863364314337,1.6650754074193366,1.6997644784072394,1.7344535493951423,1.7691426203830452,1.803831691370948,1.8385207623588509,1.8732098333467537,1.9078989043346566,1.9425879753225592,1.977277046310462,2.011966117298365,2.046655188286268,2.0813442592741707,2.1160333302620735,2.1507224012499764,2.1854114722378792,2.220100543225782],"_type":"histogram"}}