{"class_samples":{"artifact_path":"wandb-client-artifact://8dbd3w0ln11sxlhsak09trj29ynounyb5f4vblycoao5hzamn7eyyu8x2nwbdpcinik7wz206ewkya73w3fb5murk2767v01btlxxo40gojo7nz19k2palwrz24eafu1/class_samples.table.json","size":741,"ncols":2,"nrows":50,"_type":"table-file","_latest_artifact_path":"wandb-client-artifact://0a5srdzxevlynaaw9iiojd7dy1grkhi613xra3oa582ti1puwn0y54y1zfrhf6345cuuj88l2dph5wemttwk28f9i0g66hrgaslc5a50ogutig1j33wx6hliu8geuwkx:latest/class_samples.table.json","log_mode":"IMMUTABLE","path":"media/table/class_samples_0_bf1bad6fae2bb7eb4f63.table.json","sha256":"bf1bad6fae2bb7eb4f63c64de5751c6c34c6eab3552119fba968a202bc3e1d7f"},"grad_neuron_0":0.024425791115511172,"_timestamp":1.7729824039931958e+09,"train_accuracy":0.3372,"test_accuracy":0.3383,"grad_neuron_1":0.0076826507169823486,"train_loss":0.8808013412082359,"grad_neuron_3":0.009645496121660551,"grad_neuron_2":0.011135485892701037,"test_f1":0.24480406032704066,"_step":6,"_runtime":28,"activation_hist_layer1":{"_type":"histogram","values":[1,3,4,6,22,45,82,123,226,436,575,801,1052,1405,1993,2411,3037,3847,4907,5893,7307,8999,10714,12723,15126,17790,20341,23194,25617,27856,29805,31133,32001,32484,32178,31088,30370,28515,26804,24868,22861,20333,18243,15705,13432,11236,9585,7621,6466,4953,4016,3025,2264,1639,1117,699,462,276,147,82,40,12,3,1],"bins":[0.06150708968992833,0.07444162978632277,0.0873761698827172,0.10031070997911162,0.11324525007550605,0.12617979017190048,0.13911433026829492,0.15204887036468934,0.16498341046108378,0.1779179505574782,0.19085249065387264,0.20378703075026705,0.2167215708466615,0.2296561109430559,0.24259065103945035,0.25552519113584476,0.2684597312322392,0.28139427132863365,0.2943288114250281,0.30726335152142253,0.320197891617817,0.33313243171421136,0.3460669718106058,0.35900151190700025,0.3719360520033947,0.38487059209978913,0.3978051321961835,0.41073967229257796,0.4236742123889724,0.43660875248536685,0.44954329258176123,0.4624778326781557,0.4754123727745501,0.48834691287094456,0.501281452967339,0.5142159930637333,0.5271505331601278,0.5400850732565222,0.5530196133529167,0.5659541534493111,0.5788886935457056,0.5918232336421,0.6047577737384944,0.6176923138348889,0.6306268539312833,0.6435613940276778,0.6564959341240721,0.6694304742204665,0.682365014316861,0.6952995544132554,0.7082340945096499,0.7211686346060443,0.7341031747024387,0.7470377147988332,0.7599722548952276,0.772906794991622,0.7858413350880165,0.7987758751844108,0.8117104152808053,0.8246449553771997,0.8375794954735941,0.8505140355699886,0.863448575666383,0.8763831157627775,0.8893176558591719]},"grad_norm_layer1":0.14817847326309963,"epoch":5,"grad_neuron_4":0.010984741284273692,"_wandb":{"runtime":28}}