{"grad_norm_layer1":0.02665213391643219,"_runtime":39,"train_accuracy":0.9907833333333333,"_wandb":{"runtime":39},"activation_hist_layer1":{"bins":[0,0.02784803198023623,0.05569606396047246,0.08354409594070869,0.11139212792094492,0.13924015990118116,0.16708819188141738,0.19493622386165363,0.22278425584188985,0.2506322878221261,0.2784803198023623,0.30632835178259854,0.33417638376283476,0.362024415743071,0.38987244772330726,0.4177204797035435,0.4455685116837797,0.4734165436640159,0.5012645756442522,0.5291126076244884,0.5569606396047246,0.5848086715849609,0.6126567035651971,0.6405047355454333,0.6683527675256695,0.6962007995059057,0.724048831486142,0.7518968634663783,0.7797448954466145,0.8075929274268507,0.835440959407087,0.8632889913873232,0.8911370233675594,0.9189850553477956,0.9468330873280318,0.9746811193082681,1.0025291512885044,1.0303771832687405,1.0582252152489768,1.086073247229213,1.1139212792094493,1.1417693111896854,1.1696173431699217,1.197465375150158,1.2253134071303942,1.2531614391106305,1.2810094710908666,1.308857503071103,1.336705535051339,1.3645535670315754,1.3924015990118115,1.4202496309920478,1.448097662972284,1.4759456949525203,1.5037937269327566,1.5316417589129927,1.559489790893229,1.5873378228734651,1.6151858548537015,1.6430338868339376,1.670881918814174,1.69872995079441,1.7265779827746464,1.7544260147548825,1.7822740467351188],"_type":"histogram","values":[2142,94,115,107,93,90,97,93,78,90,86,66,90,79,67,63,57,58,52,54,42,42,29,29,40,31,21,25,22,22,14,19,12,9,6,6,7,7,6,5,4,2,2,4,3,0,3,2,0,1,1,1,0,1,0,0,1,2,0,2,1,0,0,1]},"test_f1":0.9692320156321005,"grad_neuron_4":0.0021386509376610076,"grad_neuron_2":0.006277952459440725,"epoch":10,"grad_neuron_3":0.0011249119349545198,"grad_neuron_0":0.000174643326790603,"train_loss":0.001908263365841382,"test_accuracy":0.9696,"_timestamp":1.7728998933475845e+09,"_step":56292,"class_samples":{"size":741,"ncols":2,"artifact_path":"wandb-client-artifact://0z5gcz7ce00cikxawo441ax17ayk87byb1zvexw69ja8aefmsru97swg0ghs8f1dwhjybmbkyxnhfrt0clrzszglssnxvrv78ilrz4hv1aox7ljs8i6nxzsk68aq5oh8/class_samples.table.json","_latest_artifact_path":"wandb-client-artifact://eyd949uk28fn4ggd5lg3e7287qq5apub81lwqmwslirojncl7l8gh77kn85kk6g7rfqtyxvgxbo6bxkwkx3j3ei9va2177oim5kgdkvnfyvzx4b2la0rqqjiip773jxt:latest/class_samples.table.json","path":"media/table/class_samples_0_bf1bad6fae2bb7eb4f63.table.json","log_mode":"IMMUTABLE","nrows":50,"_type":"table-file","sha256":"bf1bad6fae2bb7eb4f63c64de5751c6c34c6eab3552119fba968a202bc3e1d7f"},"grad_neuron_1":0.0011651493256153841}