{"epoch":5,"test_f1":0.02065997130559541,"_wandb":{"runtime":34},"class_samples":{"_latest_artifact_path":"wandb-client-artifact://p03tnh90hqh8nndl7jwl0ivrwajby62xukcnninp6qtpfro4zppd9swv85qmxy05ts85iwio2cuc3yjpskiq9537bze8obfbfyf9cen4kb6o7yh01j9rdy7h14e34f5x:latest/class_samples.table.json","ncols":2,"path":"media/table/class_samples_0_bf1bad6fae2bb7eb4f63.table.json","artifact_path":"wandb-client-artifact://b2m1re7c5y7d2f947hljl91zm5x5kq4vw9j7q4rxt9i8xljj4c4felca4huuywxfccsv7drvj7kaq89w46fgdvpx29lzbn8eoomtmx360uuj6vs9pjofe5wq520dwhdd/class_samples.table.json","_type":"table-file","size":741,"sha256":"bf1bad6fae2bb7eb4f63c64de5751c6c34c6eab3552119fba968a202bc3e1d7f","nrows":50,"log_mode":"IMMUTABLE"},"grad_neuron_3":0.0005987677613663455,"grad_neuron_1":0.0006548554654448109,"grad_neuron_4":0.0007487693949425701,"train_loss":0.8992011984995222,"test_accuracy":0.1152,"grad_norm_layer1":0.005191009578848392,"grad_neuron_2":0.0005163321197773415,"_runtime":34,"grad_neuron_0":0.00040507870933010286,"activation_hist_layer1":{"bins":[0.08269195417526749,0.09564179853245569,0.10859164288964387,0.12154148724683206,0.13449133160402027,0.14744117596120843,0.16039102031839664,0.17334086467558485,0.186290709032773,0.19924055338996122,0.21219039774714937,0.22514024210433758,0.2380900864615258,0.25103993081871395,0.26398977517590216,0.2769396195330904,0.28988946389027853,0.30283930824746674,0.3157891526046549,0.3287389969618431,0.34168884131903127,0.3546386856762195,0.3675885300334077,0.38053837439059585,0.39348821874778406,0.40643806310497227,0.4193879074621604,0.43233775181934864,0.44528759617653685,0.458237440533725,0.4711872848909132,0.48413712924810137,0.4970869736052896,0.5100368179624778,0.522986662319666,0.5359365066768542,0.5488863510340424,0.5618361953912305,0.5747860397484188,0.587735884105607,0.6006857284627951,0.6136355728199834,0.6265854171771715,0.6395352615343597,0.652485105891548,0.6654349502487361,0.6783847946059243,0.6913346389631125,0.7042844833203007,0.7172343276774888,0.7301841720346771,0.7431340163918653,0.7560838607490534,0.7690337051062417,0.7819835494634299,0.794933393820618,0.8078832381778063,0.8208330825349944,0.8337829268921826,0.8467327712493707,0.859682615606559,0.8726324599637472,0.8855823043209353,0.8985321486781236,0.9114819930353117],"_type":"histogram","values":[1,5,10,43,70,151,284,444,579,833,1166,1584,2028,2544,3247,4123,5025,6127,7515,9006,10472,12316,14003,15970,18552,20624,22929,25050,27291,29012,30368,30464,31302,31461,31374,29847,28575,26801,24312,22334,19571,17013,14510,12322,10171,8442,6933,5683,4575,3516,2709,2069,1560,1050,748,521,317,213,117,65,28,17,6,2]},"_timestamp":1.7729831255891063e+09,"train_accuracy":0.1136,"_step":6}