{"_timestamp":1.7729000105919921e+09,"_step":56292,"grad_neuron_1":0.02786325147007673,"train_loss":0.47844774758469033,"_runtime":39,"test_f1":0.871240958931525,"grad_neuron_0":0.03461940555310053,"grad_neuron_2":0.016145954770074772,"grad_norm_layer1":0.22811424234476704,"class_samples":{"log_mode":"IMMUTABLE","artifact_path":"wandb-client-artifact://g6bg9d3ug6eklfkricrwhfvp1qgxccsduzmhaxxp9ywwo8qz5ttk82dsfkxyfkzzrpuv0d7vms88enrrib1or3ozafiwupaocxd55xerbsapf4elpkv9t6kixowwh2v3/class_samples.table.json","nrows":50,"size":741,"sha256":"bf1bad6fae2bb7eb4f63c64de5751c6c34c6eab3552119fba968a202bc3e1d7f","_type":"table-file","_latest_artifact_path":"wandb-client-artifact://lo3601m7wmycqmsuotfjg4cmz2orsxhkbwh9mcfbl6sulg3jeqkzz9o2mksiq0ubdiewyg76wdy59zuv0a5f80u16sfjkxwfonbvynmoh2zkgn2vqyvkyp58p82mgvn0:latest/class_samples.table.json","ncols":2,"path":"media/table/class_samples_0_bf1bad6fae2bb7eb4f63.table.json"},"grad_neuron_4":0.014770399296349952,"train_accuracy":0.8773333333333333,"test_accuracy":0.8732,"_wandb":{"runtime":39},"epoch":10,"grad_neuron_3":0.016128330425343274,"activation_hist_layer1":{"_type":"histogram","values":[1,1,0,1,2,4,7,8,9,8,18,15,24,33,31,36,52,60,77,84,91,101,93,128,122,156,162,160,160,187,179,163,182,157,169,165,157,128,134,113,128,98,81,76,68,49,42,33,36,26,17,24,9,8,5,7,1,3,1,1,2,2,0,1],"bins":[0.09651567854228023,0.10896078661631219,0.12140589469034413,0.1338510027643761,0.14629611083840804,0.15874121891244,0.17118632698647196,0.1836314350605039,0.19607654313453587,0.2085216512085678,0.2209667592825998,0.23341186735663172,0.24585697543066365,0.25830208350469563,0.27074719157872756,0.28319229965275955,0.2956374077267915,0.30808251580082346,0.3205276238748554,0.3329727319488874,0.3454178400229193,0.35786294809695124,0.3703080561709832,0.38275316424501515,0.3951982723190471,0.40764338039307907,0.420088488467111,0.432533596541143,0.4449787046151749,0.4574238126892069,0.46986892076323883,0.4823140288372708,0.49475913691130274,0.5072042449853347,0.5196493530593667,0.5320944611333986,0.5445395692074306,0.5569846772814625,0.5694297853554945,0.5818748934295265,0.5943200015035585,0.6067651095775903,0.6192102176516223,0.6316553257256543,0.6441004337996863,0.6565455418737182,0.6689906499477501,0.6814357580217821,0.693880866095814,0.706325974169846,0.718771082243878,0.73121619031791,0.7436612983919418,0.7561064064659738,0.7685515145400058,0.7809966226140378,0.7934417306880697,0.8058868387621017,0.8183319468361336,0.8307770549101655,0.8432221629841975,0.8556672710582295,0.8681123791322615,0.8805574872062933,0.8930025952803253]}}