{"activation_hist_layer1":{"values":[8,35,105,204,340,496,754,1061,1437,1907,2327,2907,3698,4569,5563,6709,7767,8887,10413,11728,13089,14675,16139,17924,19641,21003,22568,23528,24733,25272,25783,25693,25578,25271,24538,24184,22923,21914,20309,18815,17216,16080,14368,13077,11795,10249,9260,8012,6893,5911,5009,4068,3396,2658,2151,1718,1271,917,640,383,236,129,58,10],"bins":[0.04585941259278399,0.05964540552591699,0.07343139845904999,0.08721739139218299,0.101003384325316,0.114789377258449,0.128575370191582,0.14236136312471498,0.156147356057848,0.169933348990981,0.183719341924114,0.19750533485724697,0.21129132779038,0.225077320723513,0.23886331365664598,0.25264930658977897,0.266435299522912,0.280221292456045,0.294007285389178,0.30779327832231096,0.321579271255444,0.335365264188577,0.34915125712170997,0.36293725005484295,0.376723242987976,0.390509235921109,0.40429522885424196,0.418081221787375,0.431867214720508,0.44565320765364097,0.45943920058677395,0.473225193519907,0.48701118645304,0.500797179386173,0.5145831723193061,0.528369165252439,0.542155158185572,0.555941151118705,0.569727144051838,0.583513136984971,0.5972991299181041,0.6110851228512371,0.62487111578437,0.638657108717503,0.652443101650636,0.666229094583769,0.680015087516902,0.6938010804500351,0.7075870733831681,0.721373066316301,0.735159059249434,0.748945052182567,0.7627310451157,0.776517038048833,0.7903030309819661,0.8040890239150991,0.817875016848232,0.831661009781365,0.845447002714498,0.859232995647631,0.873018988580764,0.8868049815138971,0.9005909744470301,0.914376967380163,0.928162960313296],"_type":"histogram"},"_step":6,"grad_neuron_3":0.06481779634110832,"train_loss":1.752736474248708,"epoch":5,"_runtime":23,"class_samples":{"nrows":50,"sha256":"bf1bad6fae2bb7eb4f63c64de5751c6c34c6eab3552119fba968a202bc3e1d7f","artifact_path":"wandb-client-artifact://4xyww05l49w4yfvenogzml3upd63yjh23osrwq9nrnfprinnrc5gkegw4o8tbsc7wwdimkx59zwin1j0bl506nv2fhectret68zyy7lgi91ru27vk3povp5ij1jog6lj/class_samples.table.json","_type":"table-file","log_mode":"IMMUTABLE","size":741,"path":"media/table/class_samples_0_bf1bad6fae2bb7eb4f63.table.json","_latest_artifact_path":"wandb-client-artifact://lpjnxzsmbq1zdku1dbrsjsuhfpn1vskq43tdg19ugkgqg2ui0fcnrto8qc8yzwbddijxqj7boux6x8cec7tv9hbtkxdew4874cs1udryvmmcymm9wlepm53yyytdo8sd:latest/class_samples.table.json","ncols":2},"grad_neuron_0":0.06997593014225727,"test_f1":0.6953635889990742,"_wandb":{"runtime":23},"train_accuracy":0.7118,"test_accuracy":0.7129,"_timestamp":1.7729811962710552e+09,"grad_neuron_1":0.04802941983840678,"grad_norm_layer1":0.4701820208293579,"grad_neuron_2":0.04058728261357629,"grad_neuron_4":0.047475641469427246}