{"test_f1":0.14506987453767506,"_timestamp":1.772981435443008e+09,"_step":6,"grad_neuron_4":0.0024521230230009354,"grad_neuron_3":0.002593773412442091,"train_accuracy":0.2248,"test_accuracy":0.2342,"train_loss":0.8864938479570482,"grad_neuron_1":0.0027288543981263307,"epoch":5,"grad_neuron_0":0.0027766970940950354,"class_samples":{"path":"media/table/class_samples_0_bf1bad6fae2bb7eb4f63.table.json","_type":"table-file","_latest_artifact_path":"wandb-client-artifact://yj1ajodvfngrep5wnx3m4r2j4dp2g49hlcxlm7vdiacpju7395th79x0rtgdo0hf8c4o7vqd479ke4a5i67z47gapfhg3vimjb2irq2kw6r1qjmj9g2jrf02qx6ypags:latest/class_samples.table.json","sha256":"bf1bad6fae2bb7eb4f63c64de5751c6c34c6eab3552119fba968a202bc3e1d7f","log_mode":"IMMUTABLE","ncols":2,"nrows":50,"artifact_path":"wandb-client-artifact://xo1js2pr49ygryn91c8xsk5lh5useelibnpadjsywc0sf7s085lbwwvdp9yhvzm8qlmbgn20u8zvacw386z026gav1qljntgn6u7d5kbj4k2qjp2n0xrb0a7v8xlv7vb/class_samples.table.json","size":741},"grad_norm_layer1":0.02695281182536773,"_runtime":32,"_wandb":{"runtime":32},"activation_hist_layer1":{"_type":"histogram","values":[2,12,52,102,209,392,600,927,1283,1625,2296,2822,3706,4627,5814,6962,8259,9703,11308,13066,15027,16877,18671,20509,22342,24001,24981,26271,27168,28093,28856,28664,28402,27464,26559,24876,23398,21022,19516,17590,15628,13871,12245,10562,8914,7656,6263,5187,4174,3290,2479,1868,1368,888,665,380,252,124,73,40,11,6,1,1],"bins":[0.056436455039665545,0.07028524862268021,0.08413404220569486,0.09798283578870952,0.11183162937172417,0.12568042295473883,0.1395292165377535,0.15337801012076813,0.1672268037037828,0.18107559728679745,0.19492439086981211,0.20877318445282678,0.22262197803584144,0.2364707716188561,0.2503195652018707,0.2641683587848854,0.27801715236790003,0.29186594595091475,0.30571473953392936,0.319563533116944,0.3334123266999587,0.34726112028297335,0.361109913865988,0.37495870744900267,0.38880750103201733,0.402656294615032,0.41650508819804666,0.43035388178106126,0.4442026753640759,0.4580514689470906,0.47190026253010525,0.4857490561131199,0.4995978496961346,0.5134466432791492,0.5272954368621638,0.5411442304451786,0.5549930240281933,0.5688418176112079,0.5826906111942225,0.5965394047772372,0.6103881983602518,0.6242369919432665,0.6380857855262811,0.6519345791092958,0.6657833726923105,0.6796321662753251,0.6934809598583398,0.7073297534413544,0.7211785470243691,0.7350273406073837,0.7488761341903984,0.762724927773413,0.7765737213564278,0.7904225149394424,0.804271308522457,0.8181201021054717,0.8319688956884863,0.845817689271501,0.8596664828545156,0.8735152764375304,0.887364070020545,0.9012128636035597,0.9150616571865743,0.928910450769589,0.9427592443526036]},"grad_neuron_2":0.002886056237900504}