{"test_accuracy":0.9743,"class_samples":{"artifact_path":"wandb-client-artifact://q81szohknfvjh6b2zha0ncy8ns1emoe5bfyc8rpjo7zpe1wjkbw9cdloe6diei3m73g0gpk18gzpmubjcqyweqs5kttfku8k51z2tcpxzdzzpzy1f2zqi3isif5bu1h8/class_samples.table.json","log_mode":"IMMUTABLE","ncols":2,"size":741,"path":"media/table/class_samples_0_bf1bad6fae2bb7eb4f63.table.json","_latest_artifact_path":"wandb-client-artifact://hsi8x4b3jj5ii535yonq1afwkmx65ezuyj1c06wvlci7m8a16ns7na0zxj19o67jtpz8dhpryafpm4rxznf4eccx0k8v98vytkyqt3ysab0r6m6ex0lq3mn33zr3piby:latest/class_samples.table.json","sha256":"bf1bad6fae2bb7eb4f63c64de5751c6c34c6eab3552119fba968a202bc3e1d7f","nrows":50,"_type":"table-file"},"grad_neuron_2":2.5198230060860427e-06,"train_loss":0.0237548150286102,"_wandb":{"runtime":83},"activation_hist_layer1":{"bins":[0,0.025064189014144686,0.05012837802828937,0.07519256704243406,0.10025675605657874,0.12532094507072344,0.15038513408486812,0.1754493230990128,0.2005135121131575,0.2255777011273022,0.2506418901414469,0.27570607915559153,0.30077026816973623,0.32583445718388093,0.3508986461980256,0.3759628352121703,0.401027024226315,0.4260912132404597,0.4511554022546044,0.476219591268749,0.5012837802828938,0.5263479692970384,0.5514121583111831,0.5764763473253278,0.6015405363394725,0.6266047253536171,0.6516689143677619,0.6767331033819065,0.7017972923960512,0.7268614814101959,0.7519256704243406,0.7769898594384853,0.80205404845263,0.8271182374667746,0.8521824264809194,0.877246615495064,0.9023108045092088,0.9273749935233534,0.952439182537498,0.9775033715516428,1.0025675605657876,1.027631749579932,1.0526959385940768,1.0777601276082216,1.1028243166223661,1.1278885056365109,1.1529526946506556,1.1780168836648002,1.203081072678945,1.2281452616930897,1.2532094507072342,1.278273639721379,1.3033378287355237,1.3284020177496683,1.353466206763813,1.3785303957779578,1.4035945847921023,1.428658773806247,1.4537229628203918,1.4787871518345366,1.503851340848681,1.5289155298628259,1.5539797188769706,1.5790439078911152,1.60410809690526],"_type":"histogram","values":[4560,195,195,189,190,167,142,156,168,158,148,141,153,150,119,123,119,108,98,82,78,63,69,62,61,67,48,30,43,38,34,23,31,17,18,28,15,14,11,14,9,11,8,3,4,4,6,0,4,6,5,1,3,0,0,1,1,0,0,0,0,0,0,1]},"_runtime":83,"_step":56292,"grad_neuron_1":0.0003513152177372371,"epoch":10,"train_accuracy":0.9935833333333334,"grad_neuron_3":0.008065450886844558,"grad_neuron_4":0.0014704419854638204,"test_f1":0.9741798413064933,"_timestamp":1.7728955453192923e+09,"grad_neuron_0":0.008626299348847434,"grad_norm_layer1":0.09670443557806177}