{"grad_neuron_0":0.008561564619534046,"test_f1":0.9627652197654418,"grad_neuron_3":0.0025445545827886256,"train_loss":0.10713752889020665,"activation_hist_layer1":{"_type":"histogram","values":[196054,69183,49204,39055,32650,28567,25366,23183,21199,19564,18290,17050,15973,14964,14099,13403,12651,12019,11628,11240,10801,10535,10064,9871,9652,9623,9356,9181,9101,8979,8996,8954,8864,8920,8925,8891,9090,9092,9061,9203,9141,9302,9556,9774,9889,10083,10460,10472,11084,11346,11679,12380,12713,13505,14399,15362,16436,17907,19689,21980,25335,30193,40176,94638],"bins":[2.2163027129576973e-08,0.01562502139964096,0.03125002063625479,0.046875019872868615,0.06250001910948244,0.07812501834609628,0.09375001758271011,0.10937501681932393,0.12500001605593775,0.1406250152925516,0.15625001452916543,0.17187501376577924,0.18750001300239308,0.2031250122390069,0.21875001147562073,0.23437501071223454,0.25000000994884836,0.2656250091854622,0.28125000842207604,0.29687500765868985,0.3125000068953037,0.32812500613191753,0.34375000536853134,0.35937500460514515,0.375000003841759,0.39062500307837283,0.40625000231498665,0.4218750015516005,0.4375000007882143,0.45312500002482814,0.46874999926144195,0.4843749984980558,0.49999999773466963,0.5156249969712834,0.5312499962078973,0.546874995444511,0.5624999946811249,0.5781249939177387,0.5937499931543525,0.6093749923909664,0.6249999916275802,0.640624990864194,0.6562499901008079,0.6718749893374217,0.6874999885740355,0.7031249878106494,0.7187499870472631,0.734374986283877,0.7499999855204909,0.7656249847571046,0.7812499839937185,0.7968749832303323,0.8124999824669461,0.82812498170356,0.8437499809401738,0.8593749801767876,0.8749999794134015,0.8906249786500153,0.9062499778866291,0.921874977123243,0.9374999763598567,0.9531249755964706,0.9687499748330844,0.9843749740696982,0.9999999733063121]},"_wandb":{"runtime":50},"grad_norm_layer1":0.05561747322598046,"epoch":5,"grad_neuron_1":0.0059119571319769405,"grad_neuron_2":0.004548446451300338,"_timestamp":1.7729808044629557e+09,"class_samples":{"size":741,"nrows":50,"log_mode":"IMMUTABLE","artifact_path":"wandb-client-artifact://qjd0555qlp06g32r6niz2cb81x7d66sbgq53wgbymu8aq1lrtgox5yxrul3qntsczbg27ea0folhw835rog6s6qkfinc8c77p9p0uy7lp9kecpgna8ei3s0p2zab2j8j/class_samples.table.json","_type":"table-file","_latest_artifact_path":"wandb-client-artifact://d452p898ialfdfi1s7d0wrxgoosp1lktpetj2bp8yn599bpvjaiyvthcfkm12t57bz70msd857a4u53fa4otqjm8dbhamb5iml9dseg76yowu8fswby3zxd26pfvanmp:latest/class_samples.table.json","sha256":"bf1bad6fae2bb7eb4f63c64de5751c6c34c6eab3552119fba968a202bc3e1d7f","ncols":2,"path":"media/table/class_samples_0_bf1bad6fae2bb7eb4f63.table.json"},"_runtime":50,"_step":6,"train_accuracy":0.972,"grad_neuron_4":0.0027165829871508545,"test_accuracy":0.9629}