{"test_f1":0.9521037412626623,"_wandb":{"runtime":48},"activation_hist_layer1":{"_type":"histogram","values":[2,3,11,14,21,30,37,50,63,72,78,69,106,92,114,121,118,142,155,133,158,173,197,175,234,226,217,193,220,216,230,210,220,271,233,252,233,270,215,229,225,210,178,178,180,160,156,148,137,100,113,88,98,88,69,64,50,46,30,24,20,14,7,6],"bins":[-0.9786533050658193,-0.9487730193869045,-0.9188927337079899,-0.8890124480290751,-0.8591321623501603,-0.8292518766712456,-0.7993715909923309,-0.7694913053134161,-0.7396110196345014,-0.7097307339555867,-0.679850448276672,-0.6499701625977572,-0.6200898769188425,-0.5902095912399277,-0.560329305561013,-0.5304490198820982,-0.5005687342031835,-0.47068844852426883,-0.44080816284535407,-0.4109278771664393,-0.38104759148752465,-0.3511673058086099,-0.3212870201296951,-0.29140673445078036,-0.2615264487718657,-0.23164616309295094,-0.20176587741403618,-0.17188559173512152,-0.14200530605620676,-0.112125020377292,-0.08224473469837723,-0.05236444901946258,-0.022484163340547814,0.0073961223383669505,0.037276408017281604,0.06715669369619648,0.09703697937511113,0.12691726505402579,0.15679755073294066,0.1866778364118553,0.21655812209076997,0.24643840776968484,0.2763186934485995,0.30619897912751415,0.336079264806429,0.3659595504853437,0.39583983616425855,0.4257201218431732,0.45560040752208786,0.48548069320100273,0.5153609788799174,0.545241264558832,0.5751215502377469,0.6050018359166616,0.6348821215955762,0.6647624072744911,0.6946426929534057,0.7245229786323204,0.7544032643112353,0.7842835499901499,0.8141638356690648,0.8440441213479795,0.8739244070268941,0.903804692705809,0.9336849783847236]},"train_accuracy":0.9605166666666667,"_timestamp":1.7728992995382855e+09,"grad_neuron_0":0.10977406029171954,"grad_neuron_1":0.17113363904580753,"grad_neuron_2":0.06025377940785728,"epoch":10,"test_accuracy":0.9524,"_runtime":48,"grad_norm_layer1":1.1468749345279228,"grad_neuron_3":0.1273194291452998,"class_samples":{"ncols":2,"path":"media/table/class_samples_0_bf1bad6fae2bb7eb4f63.table.json","artifact_path":"wandb-client-artifact://rxrmwj1ecjukkmnndb9028dl6iwwhmt9u031cb5dyx7z56dj4w58b590f2ogblbk1rnjtsstksduw4nqbqmj1ddn0bo186eo7r5gfvo9f7kbchxmy1hzaqw5co5vvnk9/class_samples.table.json","size":741,"_type":"table-file","sha256":"bf1bad6fae2bb7eb4f63c64de5751c6c34c6eab3552119fba968a202bc3e1d7f","nrows":50,"log_mode":"IMMUTABLE","_latest_artifact_path":"wandb-client-artifact://o9njcericbrjylc9znugdl4x21y93qk29587ti74haxm8jscdhf5mszfvlm7gbattbh4q08vipmaakf1p5hi3ikev4vhohjyvkip7ft5lb119yh8fp5nttj5i8h0dvg6:latest/class_samples.table.json"},"train_loss":0.14759139080724754,"_step":56292,"grad_neuron_4":0.07634840306414017}