{"train_loss":0.13145534254648306,"_timestamp":1.7729844707179117e+09,"grad_neuron_3":0.07430495479665006,"_runtime":25,"grad_neuron_0":0.07103630240559392,"_wandb":{"runtime":25},"test_f1":0.9586999740684288,"grad_neuron_1":0.030122478323121087,"grad_neuron_4":0.04455967313064455,"train_accuracy":0.964,"_step":6,"activation_hist_layer1":{"_type":"histogram","values":[68153,29405,22019,18046,15636,13771,12464,11313,10557,9575,8921,8458,7847,7520,7268,6594,6477,6189,5680,5656,5332,5187,4800,4759,4552,4368,4339,4221,4241,4198,4232,4122,4304,4107,4091,4123,4061,4155,4243,4137,4255,4274,4573,4643,4891,4814,5174,5348,5790,5927,6258,6744,7128,7685,8131,8833,9668,10504,11845,13572,15775,19514,26257,69276],"bins":[-0.9999999814671658,-0.9687499820816079,-0.9374999826960501,-0.9062499833104921,-0.8749999839249343,-0.8437499845393763,-0.8124999851538184,-0.7812499857682605,-0.7499999863827027,-0.7187499869971448,-0.6874999876115868,-0.656249988226029,-0.624999988840471,-0.5937499894549132,-0.5624999900693552,-0.5312499906837973,-0.49999999129823947,-0.4687499919126815,-0.4374999925271237,-0.40624999314156574,-0.3749999937560079,-0.34374999437044995,-0.3124999949848921,-0.28124999559933417,-0.24999999621377622,-0.21874999682821838,-0.18749999744266044,-0.1562499980571026,-0.12499999867154465,-0.09374999928598682,-0.06249999990042887,-0.031250000514871035,-1.1293130874889812e-09,0.03124999825624486,0.06249999764180281,0.09374999702736053,0.12499999641291848,0.15624999579847643,0.18749999518403437,0.2187499945695921,0.24999999395515005,0.281249993340708,0.31249999272626594,0.3437499921118239,0.3749999914973816,0.40624999088293956,0.4374999902684975,0.46874998965405545,0.4999999890396134,0.5312499884251711,0.5624999878107291,0.593749987196287,0.624999986581845,0.6562499859674027,0.6874999853529606,0.7187499847385186,0.7499999841240765,0.7812499835096345,0.8124999828951922,0.8437499822807502,0.8749999816663081,0.906249981051866,0.9374999804374238,0.9687499798229817,0.9999999792085397]},"grad_norm_layer1":0.5403399305016171,"grad_neuron_2":0.024277099627356476,"class_samples":{"nrows":50,"log_mode":"IMMUTABLE","sha256":"bf1bad6fae2bb7eb4f63c64de5751c6c34c6eab3552119fba968a202bc3e1d7f","_type":"table-file","artifact_path":"wandb-client-artifact://suvvbut7xyvmeueekreqal57zag5jdihzk8uiuhcwhb56ol6wj8s4p8re053982vj3ozedgavyk1977dooqsrqejjzdx89wyfc1no9tualo0a8lmwzi4v6kp5m44ufgv/class_samples.table.json","ncols":2,"size":741,"path":"media/table/class_samples_0_bf1bad6fae2bb7eb4f63.table.json","_latest_artifact_path":"wandb-client-artifact://frlxafdxed2p7sjwd2r3tfvrrw1h2kzhef3dnvnsqpc9zqzqv5x1jmw7ucaxvd0cbn32bvjiw2nqg4p33ntbxq4xk67pascw9vznc98a07m0jpljmxcrvk6zlg71aub3:latest/class_samples.table.json"},"epoch":5,"test_accuracy":0.959}