{"train_accuracy":0.8376,"train_loss":0.6829812619397517,"_wandb":{"runtime":29},"_timestamp":1.7729855590889757e+09,"grad_neuron_4":0.2579835482984586,"grad_neuron_1":0.09380040906881686,"test_accuracy":0.8454,"grad_norm_layer1":1.772531315823702,"epoch":5,"test_f1":0.8421999511316193,"grad_neuron_0":0.06089373430066357,"grad_neuron_2":0.04246169510203246,"_runtime":29,"_step":6,"class_samples":{"sha256":"bf1bad6fae2bb7eb4f63c64de5751c6c34c6eab3552119fba968a202bc3e1d7f","artifact_path":"wandb-client-artifact://ys62kuse8vcnkbo5ie6u4xhltp8s7y57eri69qlbytyjp9fjtik3rvotra5qkthu6rsqok0fgkp4cqeo9t2nhtl2gug3u5xdh97cjog46xmv2wsrgj0uyp15rldwd5z3/class_samples.table.json","nrows":50,"_type":"table-file","_latest_artifact_path":"wandb-client-artifact://mjjb1jtr2dfifnc4eyeghfecls0b09kqam2o7y6ygkjnwsmv7vj1t48uw815lvnwnur2b6pfxw7anz661bn5dyo2kdfmunafclupbcy855junc90ty11fox1f3kpiydq:latest/class_samples.table.json","size":741,"path":"media/table/class_samples_0_bf1bad6fae2bb7eb4f63.table.json","ncols":2,"log_mode":"IMMUTABLE"},"grad_neuron_3":0.13693660159610344,"activation_hist_layer1":{"bins":[-0.9809026350877215,-0.9502197198372568,-0.9195368045867921,-0.8888538893363275,-0.8581709740858628,-0.8274880588353981,-0.7968051435849335,-0.7661222283344689,-0.7354393130840041,-0.7047563978335395,-0.6740734825830748,-0.6433905673326101,-0.6127076520821455,-0.5820247368316809,-0.5513418215812161,-0.5206589063307515,-0.48997599108028683,-0.45929307582982215,-0.4286101605793575,-0.3979272453288928,-0.36724433007842816,-0.33656141482796353,-0.3058784995774988,-0.27519558432703417,-0.24451266907656954,-0.2138297538261048,-0.18314683857564018,-0.15246392332517555,-0.12178100807471082,-0.09109809282424619,-0.060415177573781564,-0.029732262323316827,0.0009506529271477993,0.03163356817761254,0.06231648342807716,0.09299939867854179,0.12368231392900642,0.15436522917947104,0.1850481444299359,0.21573105968040052,0.24641397493086514,0.27709689018132977,0.3077798054317944,0.338462720682259,0.36914563593272387,0.3998285511831885,0.4305114664336531,0.46119438168411775,0.4918772969345824,0.522560212185047,0.5532431274355119,0.5839260426859765,0.6146089579364411,0.6452918731869057,0.6759747884373704,0.706657703687835,0.7373406189382998,0.7680235341887645,0.7987064494392291,0.8293893646896937,0.8600722799401583,0.890755195190623,0.9214381104410878,0.9521210256915524,0.9828039409420171],"_type":"histogram","values":[172,793,1968,3478,5079,6804,8464,10128,12126,13763,15703,17171,18617,20331,21608,23108,24370,25344,26148,27442,28155,28910,29455,30202,30579,31040,31575,31795,31936,32128,32017,31877,31554,31641,31566,30862,31101,30527,30053,29607,28695,28361,27518,26840,25699,25105,23979,22856,21897,20511,18902,17676,16118,14883,13157,11587,10170,8366,6726,4994,3472,2131,960,200]}}