{"test_f1":0.9736642787934034,"grad_norm_layer1":0.8237978603172763,"_runtime":116,"train_loss":0.019247033581904358,"grad_neuron_2":7.673221030216957e-06,"grad_neuron_0":0.002333017650889377,"_step":56292,"train_accuracy":0.9942166666666666,"class_samples":{"nrows":50,"log_mode":"IMMUTABLE","artifact_path":"wandb-client-artifact://06m15xppsynni7ulxjbujdeqcdqzv3ytvhn9dxg7uc0ougxmi2l2gxfw6aj0r569zsf1yro0f4o7zduskurlad66lhnvted6w0u4099pxb8q777p1llxw2rp45e8ne00/class_samples.table.json","_latest_artifact_path":"wandb-client-artifact://pxylh020qya4x6l3gj9cmlfxrtyj12z4xpe3wasv180wxkvx96t3ti51hup7b17ypqmiclx35rm2m6sacf34681jvt2t8lpclwdak5ai8qtpbf88xtsd9xyxw1vaj5yo:latest/class_samples.table.json","path":"media/table/class_samples_0_bf1bad6fae2bb7eb4f63.table.json","ncols":2,"sha256":"bf1bad6fae2bb7eb4f63c64de5751c6c34c6eab3552119fba968a202bc3e1d7f","size":741,"_type":"table-file"},"activation_hist_layer1":{"values":[4242,206,213,198,181,166,193,171,171,179,171,167,130,156,148,102,123,103,107,88,83,92,86,66,75,75,55,41,34,40,33,41,33,37,19,19,27,18,11,15,11,13,10,4,2,3,4,5,5,3,3,2,2,2,2,1,0,2,0,1,1,0,0,1],"bins":[0,0.025872674205208945,0.05174534841041789,0.07761802261562684,0.10349069682083578,0.12936337102604473,0.15523604523125367,0.18110871943646262,0.20698139364167156,0.2328540678468805,0.25872674205208945,0.2845994162572984,0.31047209046250734,0.3363447646677163,0.36221743887292523,0.3880901130781342,0.4139627872833431,0.43983546148855207,0.465708135693761,0.49158080989896996,0.5174534841041789,0.5433261583093878,0.5691988325145968,0.5950715067198058,0.6209441809250147,0.6468168551302236,0.6726895293354326,0.6985622035406416,0.7244348777458505,0.7503075519510594,0.7761802261562684,0.8020529003614774,0.8279255745666863,0.8537982487718951,0.8796709229771041,0.9055435971823131,0.931416271387522,0.9572889455927309,0.9831616197979399,1.009034294003149,1.0349069682083578,1.0607796424135667,1.0866523166187756,1.1125249908239847,1.1383976650291936,1.1642703392344025,1.1901430134396116,1.2160156876448205,1.2418883618500294,1.2677610360552383,1.2936337102604472,1.3195063844656563,1.3453790586708652,1.371251732876074,1.3971244070812832,1.422997081286492,1.448869755491701,1.4747424296969098,1.5006151039021187,1.5264877781073278,1.5523604523125367,1.5782331265177456,1.6041058007229547,1.6299784749281636,1.6558511491333725],"_type":"histogram"},"_wandb":{"runtime":116},"grad_neuron_4":0.006123153938568314,"epoch":10,"test_accuracy":0.974,"_timestamp":1.7729069659741354e+09,"grad_neuron_3":9.441699615422021e-07,"grad_neuron_1":2.7976110227824835e-07}