{"_timestamp":1.7729902100855246e+09,"train_accuracy":0.9866,"grad_neuron_0":0.015188141418570007,"epoch":5,"class_samples":{"_type":"table-file","nrows":50,"size":741,"ncols":2,"path":"media/table/class_samples_0_bf1bad6fae2bb7eb4f63.table.json","_latest_artifact_path":"wandb-client-artifact://mjgsycenjxq3d3t0zqna267wkgqp1qlg1hu6w6quy6jlyuuacv3iz2g7o7f4pzfw3ou4d4w3xb8jn3ndp9turxtnvwkjo17e0fbw30dr2da6l3drhf8dfcwj0rqrjg5i:latest/class_samples.table.json","log_mode":"IMMUTABLE","sha256":"bf1bad6fae2bb7eb4f63c64de5751c6c34c6eab3552119fba968a202bc3e1d7f","artifact_path":"wandb-client-artifact://su9vkko70sf3psnr8cjb5j5z3x1u5in29rxn562mbyytwweh1cn0lzf3b9hsprtsb74cgshhmxj8m0kglop39ctbe8x0ego8qawfgglwzl0pz1h76t1wy1i7pifd3z5a/class_samples.table.json"},"test_accuracy":0.9705,"grad_neuron_2":0.0021521734811080317,"activation_hist_layer1":{"_type":"histogram","values":[801304,48330,45655,42493,39144,36279,32961,29681,26915,23728,21282,18905,16701,14704,12784,10826,9361,7973,6733,5686,4737,4084,3396,2787,2266,1975,1698,1377,1150,915,785,633,490,388,341,303,235,207,160,106,120,85,62,58,47,30,26,20,24,12,9,6,4,7,5,3,1,1,0,0,1,0,0,1],"bins":[0,0.1329491611679378,0.2658983223358756,0.39884748350381344,0.5317966446717513,0.6647458058396891,0.7976949670076269,0.9306441281755646,1.0635932893435025,1.1965424505114404,1.3294916116793782,1.4624407728473159,1.5953899340152538,1.7283390951831916,1.8612882563511293,1.9942374175190671,2.127186578687005,2.2601357398549426,2.3930849010228807,2.5260340621908184,2.6589832233587565,2.791932384526694,2.9248815456946318,3.05783070686257,3.1907798680305075,3.323729029198445,3.4566781903663832,3.589627351534321,3.7225765127022585,3.8555256738701966,3.9884748350381343,4.121423996206072,4.25437315737401,4.387322318541948,4.520271479709885,4.653220640877824,4.7861698020457615,4.919118963213699,5.052068124381637,5.185017285549574,5.317966446717513,5.450915607885451,5.583864769053388,5.716813930221326,5.8497630913892635,5.982712252557201,6.11566141372514,6.248610574893077,6.381559736061015,6.514508897228953,6.64745805839689,6.780407219564829,6.9133563807327665,7.046305541900704,7.179254703068642,7.312203864236579,7.445153025404517,7.578102186572456,7.711051347740393,7.844000508908331,7.9769496700762685,8.109898831244207,8.242847992412145,8.375797153580082,8.50874631474802]},"grad_neuron_1":0.0002509459842238589,"_runtime":40,"test_f1":0.9702438374257346,"grad_norm_layer1":1.8254785689614,"_wandb":{"runtime":40},"grad_neuron_3":0.005518192966910542,"train_loss":0.04877620251549184,"_step":6,"grad_neuron_4":0.0033098334039870793}