{"_step":6,"grad_neuron_4":0.16110621010050666,"grad_neuron_1":0.09140169927237357,"_timestamp":1.7729870562607088e+09,"grad_neuron_0":0.14570459680912923,"test_f1":0.9353567363197804,"grad_neuron_2":0.08849723517520437,"_runtime":34,"train_loss":0.22227360150153058,"grad_norm_layer1":1.2106336332003718,"activation_hist_layer1":{"values":[451621,57045,57980,57435,56404,54679,52549,49814,46812,44043,40369,37325,32982,29995,26679,23578,21284,18594,16205,14629,12526,10977,9628,8590,7311,6355,5609,4672,4091,3420,2926,2419,2042,1651,1448,1167,955,830,680,545,431,354,282,222,192,156,124,85,70,49,41,34,29,14,8,14,12,8,3,2,3,0,1,2],"bins":[0,0.08596144764384614,0.17192289528769228,0.2578843429315384,0.34384579057538456,0.4298072382192307,0.5157686858630768,0.601730133506923,0.6876915811507691,0.7736530287946153,0.8596144764384615,0.9455759240823075,1.0315373717261536,1.1174988193699997,1.203460267013846,1.289421714657692,1.3753831623015382,1.4613446099453844,1.5473060575892306,1.6332675052330767,1.719228952876923,1.8051904005207688,1.891151848164615,1.9771132958084612,2.063074743452307,2.1490361910961533,2.2349976387399995,2.3209590863838456,2.406920534027692,2.492881981671538,2.578843429315384,2.6648048769592303,2.7507663246030765,2.8367277722469226,2.922689219890769,3.008650667534615,3.094612115178461,3.1805735628223073,3.2665350104661535,3.3524964581099996,3.438457905753846,3.5244193533976915,3.6103808010415377,3.696342248685384,3.78230369632923,3.868265143973076,3.9542265916169224,4.0401880392607685,4.126149486904614,4.212110934548461,4.298072382192307,4.384033829836153,4.469995277479999,4.5559567251238455,4.641918172767691,4.727879620411538,4.813841068055384,4.89980251569923,4.985763963343076,5.0717254109869225,5.157686858630768,5.243648306274615,5.329609753918461,5.415571201562307,5.501532649206153],"_type":"histogram"},"_wandb":{"runtime":34},"epoch":5,"class_samples":{"log_mode":"IMMUTABLE","sha256":"bf1bad6fae2bb7eb4f63c64de5751c6c34c6eab3552119fba968a202bc3e1d7f","path":"media/table/class_samples_0_bf1bad6fae2bb7eb4f63.table.json","_type":"table-file","artifact_path":"wandb-client-artifact://q35ylijelzpdjiuspcnbat6sx8393aaskwcjl3tttmf0r9232nba40vv1z9054ve8v6hzu9uxesh1k0qmv3jzhsxga62zjn47cnw7qjg0nh7uxpxbc36rtd670k0sxd2/class_samples.table.json","size":741,"nrows":50,"ncols":2,"_latest_artifact_path":"wandb-client-artifact://ra9gzd72xz3zbv0gdinfrc3nz03t8lh0s6mvtlp9xzu2avo0b304eseto6w1s1i6298tqxfszxsz9w1qvajvj1b9y8vbbskeyibxlh05b92iwcln36pc12avthldnugv:latest/class_samples.table.json"},"test_accuracy":0.9359,"train_accuracy":0.9354,"grad_neuron_3":0.03177874754866628}