{"class_samples":{"_latest_artifact_path":"wandb-client-artifact://wmvgvoklf6atne1ok3nn0dttz20qz1w2dz4zrgkpdajrgqeveqyk12yl5s8oilnjj4zb5mj9mx1a8ty0probzqkwntyfibaudtdsc2g5ymkw2gtvlpgmh5q4efvscpit:latest/class_samples.table.json","size":741,"path":"media/table/class_samples_0_bf1bad6fae2bb7eb4f63.table.json","artifact_path":"wandb-client-artifact://1ugokozeer21aksbcyxoua983xvi0ogdl6z8df16739vzm4ujs5v3qonqwu8w41ujkbs7fquy6int49jh48j8tlf0rcs3n9oz30m8lh2qe24w7vxqdxc3audrp9iejq1/class_samples.table.json","_type":"table-file","sha256":"bf1bad6fae2bb7eb4f63c64de5751c6c34c6eab3552119fba968a202bc3e1d7f","ncols":2,"log_mode":"IMMUTABLE","nrows":50},"_step":2,"grad_neuron_0":0.12661315225246783,"grad_neuron_4":0.023879640144306515,"_timestamp":1.7729922757289777e+09,"train_loss":2.1790720152257883,"train_accuracy":0.4752,"_wandb":{"runtime":21},"grad_neuron_3":0.06294408089242055,"epoch":1,"grad_neuron_1":0.04487478608343825,"grad_norm_layer1":0.9568445790220945,"_runtime":21,"activation_hist_layer1":{"bins":[0,0.045301203504980216,0.09060240700996043,0.13590361051494065,0.18120481401992086,0.22650601752490107,0.2718072210298813,0.3171084245348615,0.3624096280398417,0.40771083154482196,0.45301203504980214,0.4983132385547824,0.5436144420597626,0.5889156455647429,0.634216849069723,0.6795180525747032,0.7248192560796834,0.7701204595846637,0.8154216630896439,0.860722866594624,0.9060240700996043,0.9513252736045845,0.9966264771095648,1.041927680614545,1.0872288841195252,1.1325300876245055,1.1778312911294857,1.2231324946344657,1.268433698139446,1.3137349016444262,1.3590361051494064,1.4043373086543867,1.449638512159367,1.4949397156643471,1.5402409191693274,1.5855421226743076,1.6308433261792878,1.676144529684268,1.721445733189248,1.7667469366942283,1.8120481401992086,1.8573493437041888,1.902650547209169,1.9479517507141493,1.9932529542191295,2.0385541577241097,2.08385536122909,2.1291565647340702,2.1744577682390505,2.2197589717440307,2.265060175249011,2.310361378753991,2.3556625822589714,2.4009637857639516,2.4462649892689314,2.4915661927739117,2.536867396278892,2.582168599783872,2.6274698032888524,2.6727710067938326,2.718072210298813,2.763373413803793,2.8086746173087733,2.8539758208137536,2.899277024318734],"_type":"histogram","values":[617500,52131,51430,50590,49634,47204,45810,43672,40267,36612,33261,30033,26281,23394,20347,17517,15152,12855,11146,9523,7904,6492,5533,4467,3810,2994,2490,2111,1638,1408,1186,1005,784,629,564,465,371,302,256,231,185,151,132,107,91,76,54,47,35,26,15,20,16,13,13,6,6,2,3,0,1,1,0,1]},"grad_neuron_2":0.10713908635109262,"test_f1":0.41061763477992413,"test_accuracy":0.4845}