{"grad_neuron_3":0.058032366995043626,"epoch":5,"test_accuracy":0.9244,"grad_norm_layer1":0.5324738789827526,"activation_hist_layer1":{"values":[12626,15533,17296,17994,18634,18943,19595,19516,19684,20118,20453,20312,20387,20438,20589,20408,20731,20568,20911,20769,20698,20702,20874,20690,20297,20715,20665,20390,20437,20582,20518,20610,20884,20650,20506,20803,20715,20512,20960,20672,21167,20971,20974,21281,21190,21176,21545,21657,21939,21672,21809,22028,21766,21636,21292,20888,20497,20062,19745,18957,18233,16979,14372,9779],"bins":[-0.9999766097501089,-0.9687290313099896,-0.9374814528698702,-0.9062338744297508,-0.8749862959896314,-0.8437387175495121,-0.8124911391093927,-0.7812435606692734,-0.749995982229154,-0.7187484037890346,-0.6875008253489152,-0.6562532469087958,-0.6250056684686764,-0.5937580900285571,-0.5625105115884377,-0.5312629331483183,-0.5000153547081989,-0.46876777626807964,-0.43752019782796026,-0.40627261938784087,-0.3750250409477215,-0.3437774625076021,-0.3125298840674827,-0.28128230562736334,-0.25003472718724395,-0.21878714874712457,-0.1875395703070052,-0.15629199186688592,-0.12504441342676653,-0.09379683498664715,-0.06254925654652777,-0.03130167810640838,-5.4099666288998094e-05,0.031193478773830274,0.06244105721394966,0.09368863565406904,0.12493621409418842,0.1561837925343078,0.1874313709744272,0.21867894941454658,0.24992652785466596,0.28117410629478534,0.3124216847349047,0.3436692631750241,0.3749168416151435,0.4061644200552629,0.43741199849538226,0.46865957693550164,0.499907155375621,0.5311547338157404,0.5624023122558598,0.5936498906959792,0.6248974691360986,0.6561450475762179,0.6873926260163371,0.7186402044564565,0.7498877828965759,0.7811353613366953,0.8123829397768146,0.843630518216934,0.8748780966570534,0.9061256750971728,0.9373732535372922,0.9686208319774116,0.9998684104175309],"_type":"histogram"},"grad_neuron_4":0.036940521948993596,"grad_neuron_2":0.008631623542942585,"_timestamp":1.7729819909182022e+09,"grad_neuron_1":0.02311836159641728,"_wandb":{"runtime":37},"test_f1":0.9236000556904356,"train_accuracy":0.925,"class_samples":{"artifact_path":"wandb-client-artifact://i5hzotln83oagh18eldpe9mvjc1l3hgfgdg6okn57i3jwczdzffqr80cgjxf8xfjt3s96rss6sribo0rizpqmr6clnhuijhwwrudiim7cme9uz97c0x68ugfpqtja7ud/class_samples.table.json","path":"media/table/class_samples_0_bf1bad6fae2bb7eb4f63.table.json","log_mode":"IMMUTABLE","_latest_artifact_path":"wandb-client-artifact://jzhhmc79f93nfu97s7v70yojyq3vgo10m5r689emqsy6p6853sxsy3sfb184tn546o6afh45jq11hl3okjkfer3w62ftziilrnnsvpj9wv12dbkv86pejh43fitka706:latest/class_samples.table.json","_type":"table-file","sha256":"bf1bad6fae2bb7eb4f63c64de5751c6c34c6eab3552119fba968a202bc3e1d7f","size":741,"ncols":2,"nrows":50},"grad_neuron_0":0.032717732046704404,"_runtime":37,"train_loss":0.2686194683366576,"_step":6}