{"grad_neuron_3":0.13759251764715044,"test_accuracy":0.8875,"class_samples":{"log_mode":"IMMUTABLE","sha256":"bf1bad6fae2bb7eb4f63c64de5751c6c34c6eab3552119fba968a202bc3e1d7f","_latest_artifact_path":"wandb-client-artifact://tp78xcw0z26311inyshj753an2wi4i0ny0wlknxhbw0xp29mbwkk56cbjtqnq2l6xxdr217ugiy8g1qikks9lavbutfxjkiatefm3suhuwa437ouie2wyffoa99v7n1y:latest/class_samples.table.json","_type":"table-file","artifact_path":"wandb-client-artifact://jc2sfhhl65tyvus3hiwlmoodana97wnhcdtmvzlz1plx37x7qxxen187ls4d0q1vf09agptgyo9yewyx6qczbr7sggverzey8qvrvbdde2srpcifnj6ycdhd5b2dlubj/class_samples.table.json","size":741,"ncols":2,"path":"media/table/class_samples_0_bf1bad6fae2bb7eb4f63.table.json","nrows":50},"train_accuracy":0.8917,"grad_norm_layer1":1.53157456047059,"test_f1":0.8858718917882035,"grad_neuron_2":0.2719539935867131,"grad_neuron_0":0.14404094997559838,"_step":56292,"_runtime":85,"train_loss":0.3969688916658253,"grad_neuron_4":0.25252039598434883,"epoch":10,"_wandb":{"runtime":85},"_timestamp":1.7728951580184436e+09,"grad_neuron_1":0.04236607854670914,"activation_hist_layer1":{"values":[3950,298,274,249,265,262,237,280,249,231,190,169,154,166,157,127,129,98,86,84,78,64,57,39,39,33,30,30,28,16,14,24,12,8,14,4,6,4,3,11,0,3,1,1,3,1,3,2,1,3,0,0,0,2,0,1,0,0,0,0,0,0,1,1],"bins":[0,0.03326149865201467,0.06652299730402934,0.09978449595604402,0.1330459946080587,0.16630749326007335,0.19956899191208805,0.2328304905641027,0.2660919892161174,0.29935348786813204,0.3326149865201467,0.36587648517216137,0.3991379838241761,0.43239948247619076,0.4656609811282054,0.4989224797802201,0.5321839784322347,0.5654454770842494,0.5987069757362641,0.6319684743882787,0.6652299730402934,0.6984914716923081,0.7317529703443227,0.7650144689963374,0.7982759676483522,0.8315374663003668,0.8647989649523815,0.8980604636043962,0.9313219622564108,0.9645834609084255,0.9978449595604402,1.0311064582124547,1.0643679568644695,1.0976294555164843,1.1308909541684988,1.1641524528205136,1.1974139514725282,1.230675450124543,1.2639369487765575,1.2971984474285723,1.3304599460805868,1.3637214447326016,1.3969829433846161,1.430244442036631,1.4635059406886455,1.4967674393406603,1.5300289379926748,1.5632904366446896,1.5965519352967044,1.629813433948719,1.6630749326007337,1.6963364312527482,1.729597929904763,1.7628594285567776,1.7961209272087924,1.829382425860807,1.8626439245128217,1.8959054231648362,1.929166921816851,1.9624284204688656,1.9956899191208803,2.028951417772895,2.0622129164249094,2.0954744150769242,2.128735913728939],"_type":"histogram"}}