{"epoch":5,"test_accuracy":0.851,"grad_neuron_4":0.026249591806965168,"grad_neuron_1":0.021750331041023054,"_step":6,"class_samples":{"sha256":"bf1bad6fae2bb7eb4f63c64de5751c6c34c6eab3552119fba968a202bc3e1d7f","_type":"table-file","artifact_path":"wandb-client-artifact://qe10pp54lvcu1r09r35knm5q775ev2mjjp18ve72zy0pj1h6tks2qhrec9nmn6nex6h3d85lskeowjjmmm46hld6t1neehbo093m5ot1zky5l5v143n5dbmlm5rkjjmi/class_samples.table.json","path":"media/table/class_samples_0_bf1bad6fae2bb7eb4f63.table.json","ncols":2,"_latest_artifact_path":"wandb-client-artifact://fz4ms7owy8i95cnp7utmf2uejt7dakczkj06ze44qgqfhsjbsvk9at5o44sve91grisovo3un2ju29oqd50ep3upallbg0lcqf7c3w8dwrqg9xg31i1kpbw349odvhkk:latest/class_samples.table.json","log_mode":"IMMUTABLE","nrows":50,"size":741},"_runtime":22,"_wandb":{"runtime":22},"train_loss":0.30761408103373483,"grad_neuron_3":0.02175343615893115,"grad_neuron_2":0.02679907231846204,"test_f1":0.8475838783371149,"grad_neuron_0":0.02278952231603862,"activation_hist_layer1":{"bins":[0.0022572527931708727,0.017828188709947086,0.033399124626723294,0.048970060543499505,0.06454099646027572,0.08011193237705194,0.09568286829382815,0.11125380421060435,0.12682474012738057,0.1423956760441568,0.157966611960933,0.1735375478777092,0.18910848379448542,0.20467941971126163,0.22025035562803782,0.23582129154481404,0.25139222746159023,0.26696316337836645,0.28253409929514267,0.2981050352119189,0.3136759711286951,0.32924690704547127,0.3448178429622475,0.3603887788790237,0.3759597147957999,0.39153065071257614,0.40710158662935236,0.4226725225461286,0.43824345846290474,0.45381439437968096,0.4693853302964572,0.4849562662132334,0.5005272021300097,0.5160981380467858,0.5316690739635621,0.5472400098803383,0.5628109457971145,0.5783818817138907,0.593952817630667,0.6095237535474431,0.6250946894642194,0.6406656253809956,0.6562365612977717,0.671807497214548,0.6873784331313242,0.7029493690481005,0.7185203049648766,0.7340912408816529,0.7496621767984291,0.7652331127152052,0.7808040486319815,0.7963749845487577,0.8119459204655339,0.8275168563823101,0.8430877922990864,0.8586587282158625,0.8742296641326387,0.889800600049415,0.9053715359661911,0.9209424718829674,0.9365134077997436,0.9520843437165198,0.967655279633296,0.9832262155500723,0.9987971514668484],"_type":"histogram","values":[593,2194,3836,5310,6729,7646,8669,9376,10259,10818,11389,11792,12035,12234,12130,12931,12806,12880,12699,12743,12748,12551,12552,12446,12230,12314,12211,12094,11948,11927,11999,12002,11828,11883,11754,11590,11558,11683,11867,11823,11557,11569,11580,11540,11676,11558,11232,11049,11040,10745,10601,10314,9944,9704,9202,8811,7962,7147,6338,5237,4299,3516,2366,936]},"grad_norm_layer1":0.2208792635676617,"_timestamp":1.7729841688475218e+09,"train_accuracy":0.854}