{"class_samples":{"path":"media/table/class_samples_0_bf1bad6fae2bb7eb4f63.table.json","log_mode":"IMMUTABLE","_type":"table-file","ncols":2,"_latest_artifact_path":"wandb-client-artifact://ap0ek84l4s77i0me4as59x46w3gpt8oh9u8eymmb87iabzaq3hejliryiuz01q1fhy519268g5hi9q9q3d4thnav3aqrj9abqf6qhzwxdb1img1bjce282olu6f7mqpi:latest/class_samples.table.json","artifact_path":"wandb-client-artifact://4b5c2bcrksgk22del0bn8p6lao9j27dt3vw70hh19t1gbcuwdwywm7bdvdpwmtwe5q0i0t2gloig5l0ox18cllorc7rdjix9d6x02d5lfyl9pqafu7gleu1kums5kd7m/class_samples.table.json","size":741,"nrows":50,"sha256":"bf1bad6fae2bb7eb4f63c64de5751c6c34c6eab3552119fba968a202bc3e1d7f"},"grad_neuron_4":0.013861617249613437,"test_f1":0.4394035329554768,"_runtime":38,"activation_hist_layer1":{"_type":"histogram","values":[2,2,2,0,6,7,7,6,8,16,17,35,46,30,52,72,59,76,79,99,114,133,143,139,156,155,160,158,169,160,170,142,148,156,132,117,125,114,109,103,82,96,67,89,69,55,54,39,32,22,11,19,4,7,9,3,5,2,3,0,2,1,0,1],"bins":[0.15589707262130853,0.16693259201568098,0.17796811141005342,0.1890036308044259,0.20003915019879834,0.21107466959317078,0.22211018898754326,0.2331457083819157,0.24418122777628815,0.25521674717066056,0.26625226656503304,0.2772877859594055,0.2883233053537779,0.2993588247481504,0.31039434414252287,0.3214298635368953,0.33246538293126776,0.34350090232564023,0.35453642172001265,0.3655719411143851,0.3766074605087576,0.38764297990313,0.3986784992975025,0.4097140186918749,0.4207495380862474,0.43178505748061985,0.44282057687499227,0.45385609626936474,0.4648916156637372,0.47592713505810963,0.4869626544524821,0.4979981738468545,0.5090336932412269,0.5200692126355995,0.5311047320299719,0.5421402514243443,0.5531757708187168,0.5642112902130892,0.5752468096074617,0.5862823290018342,0.5973178483962066,0.608353367790579,0.6193888871849516,0.630424406579324,0.6414599259736964,0.6524954453680689,0.6635309647624412,0.6745664841568138,0.6856020035511863,0.6966375229455586,0.7076730423399311,0.7187085617343036,0.729744081128676,0.7407796005230485,0.751815119917421,0.7628506393117933,0.7738861587061658,0.7849216781005384,0.7959571974949107,0.8069927168892832,0.8180282362836557,0.829063755678028,0.8400992750724006,0.8511347944667731,0.8621703138611455]},"train_loss":0.0851709804608363,"_wandb":{"runtime":38},"_step":56292,"_timestamp":1.7729022160873003e+09,"epoch":10,"grad_neuron_3":0.060488302891782655,"train_accuracy":0.5100166666666667,"grad_norm_layer1":0.35420746741402187,"test_accuracy":0.5055,"grad_neuron_0":0.04719448852020693,"grad_neuron_2":0.04888940512197991,"grad_neuron_1":0.05156038793299919}