{"test_accuracy":0.9172,"activation_hist_layer1":{"bins":[-0.965236309547717,-0.9348442827862854,-0.9044522560248539,-0.8740602292634223,-0.8436682025019907,-0.8132761757405591,-0.7828841489791276,-0.752492122217696,-0.7221000954562644,-0.6917080686948329,-0.6613160419334013,-0.6309240151719697,-0.6005319884105382,-0.5701399616491066,-0.539747934887675,-0.5093559081262435,-0.47896388136481194,-0.44857185460338034,-0.41817982784194885,-0.38778780108051725,-0.35739577431908565,-0.32700374755765416,-0.29661172079622256,-0.26621969403479095,-0.23582766727335946,-0.20543564051192786,-0.17504361375049626,-0.14465158698906466,-0.11425956022763317,-0.08386753346620157,-0.05347550670476997,-0.02308347994333848,0.00730854681809312,0.03770057357952461,0.06809260034095632,0.09848462710238781,0.1288766538638193,0.159268680625251,0.1896607073866825,0.220052734148114,0.2504447609095457,0.2808367876709772,0.3112288144324087,0.3416208411938404,0.3720128679552719,0.4024048947167034,0.4327969214781351,0.4631889482395666,0.49358097500099807,0.5239730017624298,0.5543650285238613,0.584757055285293,0.6151490820467245,0.645541108808156,0.6759331355695877,0.7063251623310192,0.7367171890924507,0.7671092158538824,0.7975012426153139,0.8278932693767453,0.8582852961381771,0.8886773228996085,0.91906934966104,0.9494613764224717,0.9798534031839032],"_type":"histogram","values":[7,5,13,19,22,29,54,49,69,71,74,87,88,108,134,104,133,178,191,156,155,206,193,200,211,222,202,217,269,234,247,265,212,211,238,231,205,220,198,223,210,192,188,180,154,149,146,139,109,135,90,99,77,78,68,57,35,45,23,28,18,12,6,4]},"grad_neuron_2":0.053656590765115295,"grad_neuron_3":0.16733134491227838,"train_accuracy":0.9194333333333333,"grad_norm_layer1":2.185543973568768,"_wandb":{"runtime":52},"grad_neuron_0":0.044453932240440454,"_runtime":52,"grad_neuron_4":0.2803445281588307,"grad_neuron_1":0.12119437069502766,"train_loss":0.012543402984234273,"epoch":10,"_timestamp":1.772902758546419e+09,"test_f1":0.9162036589589204,"_step":56292,"class_samples":{"ncols":2,"_latest_artifact_path":"wandb-client-artifact://iu59s7c2y5kcsjk82xj7s1j65l8o083z20r9w2yg5m0mb6ea69bkbowhxmrtgxmfi1xmxcasta7vezk9dii3l511t5bm8fm1u1f7z93al8h5t9dy67sxhm94v2p6bptt:latest/class_samples.table.json","sha256":"bf1bad6fae2bb7eb4f63c64de5751c6c34c6eab3552119fba968a202bc3e1d7f","artifact_path":"wandb-client-artifact://jfw29bexnlik9o2up5v1xcvhhmg4i2dcn2anul6vcv93dazsgpgj8wvkth0prgmzaqf7od9092nr7l2251wkd7lzats9354vguev9bsiprg4d3p8fau1t40ct5masj6o/class_samples.table.json","path":"media/table/class_samples_0_bf1bad6fae2bb7eb4f63.table.json","log_mode":"IMMUTABLE","_type":"table-file","size":741,"nrows":50}}