{"test_f1":0.9428715509390898,"_timestamp":1.7728997932174633e+09,"grad_neuron_4":0.03760151816760943,"_runtime":51,"class_samples":{"log_mode":"IMMUTABLE","sha256":"bf1bad6fae2bb7eb4f63c64de5751c6c34c6eab3552119fba968a202bc3e1d7f","_latest_artifact_path":"wandb-client-artifact://ije3r955ogsmpp0fjwe7p2sd7nocl44qk2mqz4aagmsgws83ftqjldn63vuyyuwnbsp71pwf059osu8rz63hw4xjysohowkhr5hgw6ezi0wfia6yp279bq4ofr35bqb9:latest/class_samples.table.json","_type":"table-file","ncols":2,"path":"media/table/class_samples_0_bf1bad6fae2bb7eb4f63.table.json","size":741,"nrows":50,"artifact_path":"wandb-client-artifact://px9rvrrv10pyccy1eweb1141hs94lh4ayso8kkcgilqrli9arjvo3iec4uxdz6b2a1uplgt10qqqcjmk6guq00j79p68t7snw7o3k6v9sk18xfyyp2eleii72d3q06gx/class_samples.table.json"},"grad_neuron_2":0.0037018831429831843,"epoch":10,"_step":56292,"grad_neuron_0":0.011276822660972392,"test_accuracy":0.9434,"train_accuracy":0.9482333333333334,"grad_norm_layer1":0.4103074488877387,"_wandb":{"runtime":51},"grad_neuron_1":0.01689390456673622,"grad_neuron_3":0.026856568306613565,"activation_hist_layer1":{"bins":[0.16130324950159006,0.1730559396079009,0.18480862971421172,0.19656131982052255,0.20831400992683335,0.2200667000331442,0.23181939013945502,0.24357208024576585,0.2553247703520767,0.26707746045838754,0.27883015056469834,0.29058284067100915,0.30233553077732,0.3140882208836308,0.3258409109899416,0.33759360109625247,0.34934629120256333,0.36109898130887413,0.37285167141518494,0.3846043615214958,0.39635705162780666,0.4081097417341174,0.41986243184042826,0.4316151219467391,0.44336781205304987,0.45512050215936073,0.4668731922656716,0.47862588237198245,0.4903785724782932,0.502131262584604,0.5138839526909149,0.5256366427972258,0.5373893329035365,0.5491420230098474,0.5608947131161582,0.572647403222469,0.5844000933287798,0.5961527834350907,0.6079054735414016,0.6196581636477123,0.6314108537540232,0.643163543860334,0.6549162339666448,0.6666689240729556,0.6784216141792665,0.6901743042855772,0.7019269943918881,0.713679684498199,0.7254323746045097,0.7371850647108206,0.7489377548171314,0.7606904449234423,0.772443135029753,0.7841958251360639,0.7959485152423748,0.8077012053486856,0.8194538954549964,0.8312065855613072,0.8429592756676181,0.8547119657739288,0.8664646558802397,0.8782173459865505,0.8899700360928614,0.9017227261991722,0.913475416305483],"_type":"histogram","values":[2,1,7,8,15,10,11,27,33,50,45,58,77,91,100,115,158,180,183,194,235,253,283,312,339,349,334,326,346,359,342,372,332,331,283,281,241,227,201,171,153,115,122,99,87,67,63,49,31,27,29,14,14,12,6,6,8,2,2,2,0,1,0,1]},"train_loss":0.2113530348081704}