{"grad_neuron_2":0.0766585220650174,"grad_neuron_4":0.021908474987443003,"_step":6,"grad_neuron_0":0.03904848239417041,"class_samples":{"_latest_artifact_path":"wandb-client-artifact://88dggcyg231c3xy7klq3expgei1aa64pec960qfo0awx1uqqe4zh4skesc6vx8otwlswodnyjfeday7eutsxa3nlzso3lidlqf4r8n1owqlcfrewb6bcyy1u51uv7dga:latest/class_samples.table.json","log_mode":"IMMUTABLE","nrows":50,"sha256":"bf1bad6fae2bb7eb4f63c64de5751c6c34c6eab3552119fba968a202bc3e1d7f","size":741,"path":"media/table/class_samples_0_bf1bad6fae2bb7eb4f63.table.json","ncols":2,"artifact_path":"wandb-client-artifact://7y089p14iden4ugsrm5mr2jvk5d4wccga1px42mopkwtcedlu4ztlkrp8fhya2tncydpaxv0ydhto6tls366ihqavb1odeberkizh24wrj7kqb6spmfk8718f0ft3f3g/class_samples.table.json","_type":"table-file"},"test_f1":0.9128456580059071,"train_loss":0.13691987324875482,"grad_neuron_1":0.052908544026455714,"epoch":5,"grad_neuron_3":0.009879359428043242,"train_accuracy":0.918,"_timestamp":1.772982873623754e+09,"test_accuracy":0.914,"grad_norm_layer1":0.5031842789294949,"_runtime":59,"_wandb":{"runtime":59},"activation_hist_layer1":{"values":[227,1113,2534,4379,6280,8172,10105,11760,13430,15047,16449,17930,19259,20448,21703,22588,23516,24328,25296,26263,27045,27818,28374,29066,29810,29929,30670,31285,30980,31738,31925,31641,31218,31233,31503,30742,30589,30207,29846,29566,28746,28286,27658,27191,26208,25157,24465,23209,21956,20846,19058,18028,16439,15076,13419,11612,10117,8404,6694,5150,3440,1979,746,104],"bins":[-0.9848695637514565,-0.9540041011221168,-0.923138638492777,-0.8922731758634374,-0.8614077132340976,-0.8305422506047578,-0.7996767879754181,-0.7688113253460784,-0.7379458627167387,-0.7070804000873989,-0.6762149374580592,-0.6453494748287194,-0.6144840121993798,-0.58361854957004,-0.5527530869407002,-0.5218876243113606,-0.4910221616820208,-0.4601566990526811,-0.4292912364233413,-0.39842577379400157,-0.3675603111646618,-0.33669484853532217,-0.3058293859059824,-0.27496392327664265,-0.2440984606473029,-0.21323299801796314,-0.1823675353886235,-0.15150207275928373,-0.12063661012994398,-0.08977114750060422,-0.058905684871264574,-0.028040222241924817,0.00282524038741494,0.0336907030167547,0.06455616564609434,0.09542162827543421,0.12628709090477386,0.1571525535341135,0.18801801616345337,0.21888347879279302,0.2497489414221329,0.28061440405147253,0.3114798666808122,0.34234532931015205,0.3732107919394917,0.40407625456883156,0.4349417171981712,0.46580717982751085,0.4966726424568507,0.5275381050861904,0.5584035677155302,0.5892690303448699,0.6201344929742095,0.6509999556035494,0.681865418232889,0.7127308808622287,0.7435963434915686,0.7744618061209082,0.8053272687502481,0.8361927313795877,0.8670581940089274,0.8979236566382672,0.9287891192676069,0.9596545818969467,0.9905200445262864],"_type":"histogram"}}