{"epoch":10,"test_f1":0.9682687713643425,"grad_neuron_1":0.02015261977827768,"grad_neuron_0":0.06011972135491488,"_wandb":{"runtime":51},"_step":56292,"grad_neuron_3":0.03271211946792349,"grad_norm_layer1":0.4665198236380928,"_timestamp":1.7728995645427938e+09,"_runtime":51,"grad_neuron_2":0.10905344291168537,"test_accuracy":0.9686,"class_samples":{"_latest_artifact_path":"wandb-client-artifact://42q10hckk6blmp1gisix1ak7lwqdiul52qxbr4ebqo2pgc3pex8v6mspt8vsf4e9ymfy775dkxbfbmmi3a4fgmpxh2dvkzd4kzo7ou86dx6petlq8ey94bawj694ymmv:latest/class_samples.table.json","size":741,"sha256":"bf1bad6fae2bb7eb4f63c64de5751c6c34c6eab3552119fba968a202bc3e1d7f","path":"media/table/class_samples_0_bf1bad6fae2bb7eb4f63.table.json","nrows":50,"log_mode":"IMMUTABLE","ncols":2,"_type":"table-file","artifact_path":"wandb-client-artifact://h1yp6v4zrf4armfetkwx4s8rfmb26rurdwmw54dfc81hko8rmnm4kfhczehwi53fz0z9kwl17odp5jr061iyhx96viv7uvcdmhwayhxkcyh0mpppecqjl3chd2fwj443/class_samples.table.json"},"activation_hist_layer1":{"bins":[0.1582843606598638,0.168998210575138,0.17971206049041222,0.19042591040568646,0.20113976032096065,0.2118536102362349,0.2225674601515091,0.23328131006678332,0.24399515998205754,0.25470900989733175,0.26542285981260594,0.2761367097278802,0.2868505596431544,0.29756440955842867,0.30827825947370285,0.31899210938897704,0.3297059593042513,0.3404198092195255,0.3511336591347997,0.3618475090500739,0.37256135896534814,0.3832752088806224,0.39398905879589663,0.4047029087111708,0.41541675862644506,0.42613060854171925,0.4368444584569935,0.4475583083722677,0.4582721582875419,0.4689860082028161,0.47969985811809035,0.49041370803336454,0.5011275579486387,0.5118414078639131,0.5225552577791872,0.5332691076944615,0.5439829576097357,0.5546968075250098,0.5654106574402841,0.5761245073555583,0.5868383572708324,0.5975522071861068,0.6082660571013809,0.6189799070166552,0.6296937569319294,0.6404076068472035,0.6511214567624779,0.661835306677752,0.6725491565930264,0.6832630065083005,0.6939768564235747,0.704690706338849,0.7154045562541231,0.7261184061693973,0.7368322560846716,0.7475461059999458,0.7582599559152201,0.7689738058304942,0.7796876557457684,0.7904015056610427,0.8011153555763169,0.8118292054915912,0.8225430554068653,0.8332569053221395,0.8439707552374137],"_type":"histogram","values":[1,0,2,4,6,6,8,14,13,24,21,29,47,42,59,61,63,83,111,123,142,175,202,235,260,272,253,321,348,344,339,322,357,363,361,322,324,267,261,245,213,223,208,179,165,129,110,104,93,71,67,53,40,24,21,21,12,11,6,2,7,1,1,1]},"grad_neuron_4":0.021835192829148763,"train_accuracy":0.98345,"train_loss":0.0028306041265215524}