{"grad_norm_layer1":0.4958067512282558,"activation_hist_layer1":{"values":[234019,23010,23564,23710,23491,23018,22501,21530,20960,19197,18505,17088,16120,14842,13641,12494,11704,10732,9802,8944,8192,7413,6705,6037,5365,4872,4199,3745,3473,2941,2631,2322,2082,1697,1541,1290,1163,948,763,702,601,451,431,345,254,219,197,119,111,66,76,44,37,21,14,17,12,10,6,6,8,1,0,1],"bins":[0,0.05301452148624168,0.10602904297248336,0.15904356445872503,0.21205808594496672,0.2650726074312084,0.31808712891745006,0.37110165040369175,0.42411617188993345,0.47713069337617514,0.5301452148624168,0.5831597363486585,0.6361742578349001,0.6891887793211419,0.7422033008073835,0.7952178222936253,0.8482323437798669,0.9012468652661085,0.9542613867523503,1.007275908238592,1.0602904297248337,1.1133049512110753,1.166319472697317,1.2193339941835586,1.2723485156698002,1.325363037156042,1.3783775586422837,1.4313920801285254,1.484406601614767,1.5374211231010086,1.5904356445872505,1.6434501660734921,1.6964646875597338,1.7494792090459754,1.802493730532217,1.855508252018459,1.9085227735047006,1.9615372949909422,2.014551816477184,2.0675663379634255,2.1205808594496673,2.1735953809359088,2.2266099024221506,2.2796244239083925,2.332638945394634,2.3856534668808758,2.438667988367117,2.491682509853359,2.5446970313396005,2.5977115528258423,2.650726074312084,2.7037405957983256,2.7567551172845675,2.809769638770809,2.8627841602570507,2.9157986817432926,2.968813203229534,3.021827724715776,3.0748422462020173,3.127856767688259,3.180871289174501,3.2338858106607424,3.2869003321469843,3.3399148536332257,3.3929293751194676],"_type":"histogram"},"grad_neuron_2":0.06549181207155681,"epoch":5,"grad_neuron_1":0.10203418503326889,"_timestamp":1.7729855201310425e+09,"train_accuracy":0.6132,"_runtime":22,"class_samples":{"_type":"table-file","nrows":50,"sha256":"bf1bad6fae2bb7eb4f63c64de5751c6c34c6eab3552119fba968a202bc3e1d7f","path":"media/table/class_samples_0_bf1bad6fae2bb7eb4f63.table.json","_latest_artifact_path":"wandb-client-artifact://vkt32hq3vhe9s1hmqc92hswho2wc5871uup872g80jjluafk2wrsnkgaxma4d43lp03unng7ypzj42cdcgwpdi1p5e66dg3zrvnpszpdcs8pda14lzonq1zzfnn9oj4s:latest/class_samples.table.json","ncols":2,"log_mode":"IMMUTABLE","size":741,"artifact_path":"wandb-client-artifact://g9jim98exs9c3erps3iujlgl8sfq01070bwsluj1mjgll8k28sdqdbpa2lvobzijzob6ersxepm4zcm66gcfxiw8zfmljucgh1ldmwew5lw12buiix7bstfqxth9mzn9/class_samples.table.json"},"grad_neuron_4":0.04213532650701528,"_wandb":{"runtime":22},"_step":6,"test_f1":0.5390692749015016,"grad_neuron_3":0.09866739280349493,"test_accuracy":0.6059,"grad_neuron_0":0.07595343488947726,"train_loss":0.6834887427434818}