{"_timestamp":1.7729822310855134e+09,"activation_hist_layer1":{"values":[204773,32927,31838,30229,28223,26699,25174,23755,22455,21156,19674,18149,17163,15724,14341,13233,11848,10852,9545,8429,7446,6608,5879,5151,4421,3789,3292,2842,2317,1981,1767,1414,1238,1017,853,695,570,473,388,317,289,214,177,151,122,83,77,64,40,34,17,27,17,15,5,5,4,3,2,4,0,2,1,2],"bins":[0,0.11727190592957189,0.23454381185914377,0.3518157177887157,0.46908762371828755,0.5863595296478594,0.7036314355774314,0.8209033415070032,0.9381752474365751,1.055447153366147,1.1727190592957188,1.2899909652252908,1.4072628711548627,1.5245347770844346,1.6418066830140063,1.7590785889435783,1.8763504948731502,1.9936224008027221,2.110894306732294,2.2281662126618658,2.3454381185914377,2.4627100245210096,2.5799819304505816,2.6972538363801535,2.8145257423097254,2.9317976482392973,3.0490695541688693,3.1663414600984408,3.2836133660280127,3.4008852719575846,3.5181571778871565,3.6354290838167285,3.7527009897463004,3.8699728956758723,3.9872448016054443,4.104516707535016,4.221788613464588,4.33906051939416,4.4563324253237315,4.5736043312533035,4.690876237182875,4.808148143112447,4.925420049042019,5.042691954971591,5.159963860901163,5.277235766830735,5.394507672760307,5.511779578689879,5.629051484619451,5.746323390549023,5.863595296478595,5.980867202408167,6.0981391083377385,6.2154110142673105,6.3326829201968815,6.449954826126453,6.567226732056025,6.684498637985597,6.801770543915169,6.919042449844741,7.036314355774313,7.153586261703885,7.270858167633457,7.388130073563029,7.505401979492601],"_type":"histogram"},"_step":6,"class_samples":{"_type":"table-file","log_mode":"IMMUTABLE","nrows":50,"sha256":"bf1bad6fae2bb7eb4f63c64de5751c6c34c6eab3552119fba968a202bc3e1d7f","path":"media/table/class_samples_0_bf1bad6fae2bb7eb4f63.table.json","size":741,"_latest_artifact_path":"wandb-client-artifact://m2o8m8pss3zlt0o0xkwnushzfehucisoc6tr3qighgpc38qov829bkgq0sj9vkzpz13fxhf42fawcicsr4avxz8udsejj84n7iuj9v9msdyx5308ldo175ujy2hm7ot9:latest/class_samples.table.json","artifact_path":"wandb-client-artifact://iohfwcp4m76kzfh0d7glcru3ntpmlt3g505pb6hsmvo72xu4pox40eko1sj57vmbsu75rk6z9qiydt4rjdpgnc2rfgzo6ljw1s106s2u5opzcplxqpb31s07r4gxgsn7/class_samples.table.json","ncols":2},"grad_neuron_2":0.07903711158723145,"grad_neuron_3":0.08174547550555109,"train_accuracy":0.927,"_wandb":{"runtime":26},"test_accuracy":0.9162,"_runtime":26,"test_f1":0.9151275916030659,"grad_neuron_1":0.010245233797340816,"grad_norm_layer1":0.47004942004993117,"epoch":5,"train_loss":0.13214237098341802,"grad_neuron_0":0.034289837499492604,"grad_neuron_4":0.027758190561667943}