{"_wandb":{"runtime":55},"grad_neuron_4":0.01104031837696223,"epoch":5,"grad_neuron_2":0.04839501245634655,"train_loss":0.037812733136640984,"grad_neuron_3":0.008386079845357787,"grad_norm_layer1":0.43752213187179595,"_runtime":55,"_timestamp":1.7729827997525198e+09,"grad_neuron_1":0.05487119417693254,"class_samples":{"nrows":50,"artifact_path":"wandb-client-artifact://zr3i252bj2jmntz415w8crlmholomvpw8jmf0o1egzi4pvxnscphaz87up3tmqre6gdy9zfdlezxi8r9cp5u9raoh74a648l4q1028t8m2k0a3wqwzfmifbisygkq412/class_samples.table.json","_type":"table-file","ncols":2,"path":"media/table/class_samples_0_bf1bad6fae2bb7eb4f63.table.json","size":741,"_latest_artifact_path":"wandb-client-artifact://qjsyjzxwnkqkn1q7ne28kck1xd5u6z9p2va0h007zwdf2rp3q03rcstjmm022o2a2cgkav3k21f9va7isnwy7dqmk2hug8e951sllqf23hq1e1x4mjlo9s6da5zyeu3m:latest/class_samples.table.json","sha256":"bf1bad6fae2bb7eb4f63c64de5751c6c34c6eab3552119fba968a202bc3e1d7f","log_mode":"IMMUTABLE"},"test_f1":0.9645504424176956,"activation_hist_layer1":{"_type":"histogram","values":[95746,44767,34919,29795,26054,23955,21504,20274,18846,18065,16966,16260,15789,15261,14654,14277,13970,13711,13272,13088,12800,12560,12450,12238,12324,12008,11714,11702,11793,11599,11483,11731,11581,11790,11476,11587,11702,11830,11891,11909,12285,12214,12680,12875,13340,13350,14056,14239,14653,15502,15795,16394,17163,17944,18798,20001,21030,22612,24806,27335,31209,37433,48634,106311],"bins":[-0.9999999958999259,-0.9687499966223395,-0.9374999973447532,-0.9062499980671668,-0.8749999987895803,-0.843749999511994,-0.8125000002344076,-0.7812500009568213,-0.7500000016792349,-0.7187500024016484,-0.6875000031240621,-0.6562500038464757,-0.6250000045688893,-0.593750005291303,-0.5625000060137165,-0.5312500067361301,-0.5000000074585438,-0.46875000818095736,-0.43750000890337093,-0.4062500096257846,-0.3750000103481982,-0.34375001107061176,-0.31250001179302545,-0.281250012515439,-0.2500000132378526,-0.21875001396026628,-0.18750001468267985,-0.15625001540509342,-0.1250000161275071,-0.09375001684992068,-0.06250001757233425,-0.03125001829474794,-1.9017161512202563e-08,0.031249980260424914,0.06249997953801123,0.09374997881559755,0.12499997809318408,0.1562499773707704,0.18749997664835671,0.21874997592594325,0.24999997520352957,0.2812499744811159,0.3124999737587024,0.34374997303628874,0.37499997231387505,0.4062499715914616,0.4374999708690479,0.4687499701466342,0.49999996942422076,0.5312499687018071,0.5624999679793934,0.5937499672569799,0.6249999665345662,0.6562499658121526,0.6874999650897391,0.7187499643673254,0.7499999636449117,0.7812499629224983,0.8124999622000846,0.8437499614776709,0.8749999607552574,0.9062499600328437,0.9374999593104301,0.9687499585880166,0.9999999578656029]},"_step":6,"grad_neuron_0":0.006970070108700282,"test_accuracy":0.9647,"train_accuracy":0.9738}