{"_timestamp":1.772897877375457e+09,"grad_neuron_1":0.07704337389733465,"grad_neuron_2":0.003123522588489264,"_wandb":{"runtime":47},"class_samples":{"_latest_artifact_path":"wandb-client-artifact://ib1ak3jqykg1ka2z4p3zjywmipg9rp6vbxfthpb62q5cfq9p93rgqerczh6emirhti4a13kw377d2a0rl9c1lvpre30dy372ipyejne5rn2f5q2k7wxhckcnrrddzxey:latest/class_samples.table.json","artifact_path":"wandb-client-artifact://mkiv04au7a1k1qzxme4fc486rog2ofshymk7secgbv3fo6ous1cdgdvshjxmy8ebe57r5y3cj1gl726tvnkj26mehbo14wc8ccyfvvw1ebhxoduthia3ozeeor7ogmd0/class_samples.table.json","size":741,"ncols":2,"log_mode":"IMMUTABLE","_type":"table-file","nrows":50,"sha256":"bf1bad6fae2bb7eb4f63c64de5751c6c34c6eab3552119fba968a202bc3e1d7f","path":"media/table/class_samples_0_bf1bad6fae2bb7eb4f63.table.json"},"grad_neuron_4":0.016060967497745507,"test_f1":0.9693105631747103,"_runtime":47,"train_accuracy":0.9835333333333334,"train_loss":0.0030444519230648087,"_step":56292,"grad_neuron_3":0.011210119278691623,"grad_norm_layer1":0.21721154035643098,"activation_hist_layer1":{"values":[1,1,0,2,1,0,1,0,5,12,8,12,16,22,35,27,48,61,72,97,107,142,185,197,222,257,260,328,343,335,353,342,383,384,377,354,386,327,321,302,298,265,222,215,173,123,121,114,81,64,41,46,22,21,12,15,10,9,7,3,2,0,1,1],"bins":[0.08234404796791193,0.094940090446428,0.10753613292494404,0.1201321754034601,0.13272821788197617,0.14532426036049223,0.15792030283900826,0.17051634531752433,0.1831123877960404,0.19570843027455645,0.2083044727530725,0.22090051523158855,0.23349655771010464,0.24609260018862067,0.2586886426671367,0.2712846851456528,0.2838807276241688,0.2964767701026849,0.30907281258120095,0.321668855059717,0.3342648975382331,0.34686094001674916,0.3594569824952652,0.37205302497378123,0.3846490674522973,0.39724510993081336,0.40984115240932945,0.4224371948878455,0.4350332373663615,0.4476292798448776,0.46022532232339364,0.4728213648019097,0.48541740728042576,0.4980134497589418,0.5106094922374579,0.5232055347159739,0.53580157719449,0.548397619673006,0.560993662151522,0.5735897046300381,0.5861857471085542,0.5987817895870703,0.6113778320655864,0.6239738745441024,0.6365699170226184,0.6491659595011345,0.6617620019796505,0.6743580444581666,0.6869540869366827,0.6995501294151987,0.7121461718937148,0.7247422143722309,0.7373382568507469,0.7499342993292629,0.762530341807779,0.7751263842862951,0.7877224267648111,0.8003184692433272,0.8129145117218433,0.8255105542003592,0.8381065966788753,0.8507026391573914,0.8632986816359075,0.8758947241144235,0.8884907665929396],"_type":"histogram"},"grad_neuron_0":0.019740617996674554,"test_accuracy":0.9695,"epoch":10}