{"grad_norm_layer1":0.04239351172236757,"grad_neuron_2":0.0027283755610056372,"grad_neuron_1":0.00044185231280052795,"test_f1":0.9721090231616711,"grad_neuron_3":0.0004078462820962892,"_wandb":{"runtime":50},"train_loss":0.048119434519382255,"grad_neuron_0":0.00025773728053790683,"class_samples":{"artifact_path":"wandb-client-artifact://19gz1vxbv5emdm8ht6b1cydmndha3yon7gc5ki9hzy6jq7wpaw5bi6nhh25rr10xkn2a12ynannyg0mz6hjij46p56h8e9ib05nbpwlte4iidpu3zd46clwuittqnwrn/class_samples.table.json","log_mode":"IMMUTABLE","nrows":50,"_latest_artifact_path":"wandb-client-artifact://uv18ifjqire76hoidi7o9f8d4afdsfwkpmn3t5yayu8i2994l3r3301yghb2x1bwl0vz0parkmv64alrr779xy9pjnbwwk1eaenzxesg6yt7p1u4e1etqkmqs1nrtpq0:latest/class_samples.table.json","_type":"table-file","path":"media/table/class_samples_0_bf1bad6fae2bb7eb4f63.table.json","sha256":"bf1bad6fae2bb7eb4f63c64de5751c6c34c6eab3552119fba968a202bc3e1d7f","ncols":2,"size":741},"grad_neuron_4":0.00083699250615431,"_timestamp":1.7729830246175563e+09,"test_accuracy":0.9724,"epoch":5,"train_accuracy":0.9906,"_runtime":50,"_step":6,"activation_hist_layer1":{"bins":[0,0.13203036217098696,0.2640607243419739,0.3960910865129609,0.5281214486839478,0.6601518108549348,0.7921821730259218,0.9242125351969087,1.0562428973678957,1.1882732595388825,1.3203036217098696,1.4523339838808567,1.5843643460518435,1.7163947082228304,1.8484250703938174,1.9804554325648045,2.1124857947357913,2.244516156906778,2.376546519077765,2.5085768812487523,2.640607243419739,2.772637605590726,2.9046679677617133,3.0366983299327,3.168728692103687,3.300759054274674,3.4327894164456607,3.564819778616648,3.696850140787635,3.8288805029586217,3.960910865129609,4.092941227300596,4.224971589471583,4.3570019516425695,4.489032313813556,4.621062675984543,4.75309303815553,4.885123400326518,5.017153762497505,5.1491841246684915,5.281214486839478,5.413244849010465,5.545275211181452,5.677305573352439,5.809335935523427,5.9413662976944135,6.0733966598654,6.205427022036387,6.337457384207374,6.469487746378361,6.601518108549348,6.733548470720335,6.865578832891321,6.997609195062309,7.129639557233296,7.261669919404283,7.39370028157527,7.5257306437462566,7.657761005917243,7.78979136808823,7.921821730259218,8.053852092430205,8.185882454601192,8.317912816772179,8.449943178943165],"_type":"histogram","values":[812708,48243,44840,41669,38608,35075,31689,28712,25800,22972,20707,18438,15946,13812,12086,10526,8937,7610,6610,5669,4844,3960,3453,2905,2437,2124,1701,1389,1216,974,762,692,545,484,343,279,251,181,176,140,104,81,61,47,36,29,28,26,15,12,13,10,9,6,3,0,1,1,1,2,1,0,0,1]}}