{"epoch":5,"grad_neuron_0":0.011584749384459128,"grad_neuron_2":0.011691510600262578,"_timestamp":1.7729815465773194e+09,"grad_neuron_4":0.006297076938777855,"test_accuracy":0.3759,"train_loss":2.2222034395491876,"grad_norm_layer1":0.17299803436871472,"_wandb":{"runtime":26},"activation_hist_layer1":{"bins":[0.09743872172566413,0.11016416491958575,0.12288960811350738,0.135615051307429,0.14834049450135062,0.16106593769527228,0.17379138088919388,0.18651682408311548,0.19924226727703714,0.21196771047095875,0.2246931536648804,0.237418596858802,0.2501440400527236,0.2628694832466453,0.2755949264405669,0.2883203696344885,0.30104581282841014,0.31377125602233175,0.3264966992162534,0.339222142410175,0.35194758560409667,0.3646730287980183,0.3773984719919399,0.39012391518586154,0.40284935837978314,0.41557480157370474,0.4283002447676264,0.441025687961548,0.4537511311554696,0.46647657434939127,0.4792020175433129,0.49192746073723453,0.5046529039311561,0.5173783471250777,0.5301037903189993,0.542829233512921,0.5555546767068427,0.5682801199007642,0.5810055630946859,0.5937310062886075,0.6064564494825292,0.6191818926764507,0.6319073358703724,0.6446327790642941,0.6573582222582156,0.6700836654521373,0.6828091086460589,0.6955345518399805,0.7082599950339021,0.7209854382278238,0.7337108814217453,0.746436324615667,0.7591617678095887,0.7718872110035102,0.7846126541974319,0.7973380973913535,0.8100635405852751,0.8227889837791967,0.8355144269731184,0.84823987016704,0.8609653133609616,0.8736907565548833,0.8864161997488049,0.8991416429427265,0.9118670861366481],"_type":"histogram","values":[8,13,37,79,162,238,428,748,1206,1703,2449,3552,4656,6323,8037,10237,12644,15572,18815,22336,26181,30485,34624,38944,43317,47333,50967,54280,57388,59737,60565,61306,60809,58957,56392,52968,49713,45739,41840,37183,33030,29122,25112,21687,18594,15514,12770,10405,8312,6870,5450,4256,3215,2368,1752,1283,912,561,398,201,117,55,39,6]},"train_accuracy":0.3808,"_step":6,"grad_neuron_3":0.009985521842022558,"_runtime":26,"grad_neuron_1":0.009324281198240419,"test_f1":0.33970657381651986,"class_samples":{"_type":"table-file","path":"media/table/class_samples_0_bf1bad6fae2bb7eb4f63.table.json","nrows":50,"_latest_artifact_path":"wandb-client-artifact://5j72y84nljf3mt96cy7whyocchnpnp09wrax0mly0mk6bin9z75ppp00z7rqv7in48jlk7c33wb45xs8mj71xh5rkyya7hpu7y3tlhih52nquc5y9rsp09r6ixnxf40d:latest/class_samples.table.json","sha256":"bf1bad6fae2bb7eb4f63c64de5751c6c34c6eab3552119fba968a202bc3e1d7f","size":741,"log_mode":"IMMUTABLE","artifact_path":"wandb-client-artifact://nto7p566ft7pac5wh4jgazue0vt0k2l2qdloc1b3r4nyl6s8gbtn7nop1ej89p1xy9jnxasmfjvbo5qx6r67r7t3736vf99736lrj6j1ob5nl9e6tc6qrpbhazxfay0n/class_samples.table.json","ncols":2}}