{"class_samples":{"_type":"table-file","path":"media/table/class_samples_0_bf1bad6fae2bb7eb4f63.table.json","size":741,"log_mode":"IMMUTABLE","ncols":2,"sha256":"bf1bad6fae2bb7eb4f63c64de5751c6c34c6eab3552119fba968a202bc3e1d7f","nrows":50,"artifact_path":"wandb-client-artifact://un9646alghreihlihnmtyrdnamxv54t7mrrtpo2qek3562agbf8w78wf3c5zmtzsbt761o6r0xu9zdn4nce6patrjc06et5sgp2as3jf358betjg3u0119q82b65mp50/class_samples.table.json","_latest_artifact_path":"wandb-client-artifact://8qs4o6wnyool38qfug42gqp95eauyzpl791lh37jf2ynf82d17y6ifsd9eofrqkknmxvyzvl5y8x16wvaf9nv8piiewutsr5uxfj4a6fg2ethucp69fppwvuxdjvlh2e:latest/class_samples.table.json"},"_step":56292,"train_loss":0.05112734372113502,"test_f1":0.9661743806911675,"_timestamp":1.772898764769873e+09,"grad_neuron_4":0.031592857862608306,"activation_hist_layer1":{"_type":"histogram","values":[2,0,2,1,2,3,2,4,10,4,14,7,9,10,13,23,25,27,51,47,62,56,70,77,72,97,97,133,147,165,162,155,162,181,186,173,166,181,156,138,145,128,129,118,106,82,80,79,59,45,44,42,34,25,25,17,17,11,4,8,3,0,1,2],"bins":[0.11385419613126646,0.1254107736503662,0.13696735116946596,0.1485239286885657,0.16008050620766545,0.1716370837267652,0.18319366124586495,0.1947502387649647,0.20630681628406444,0.2178633938031642,0.22941997132226394,0.24097654884136369,0.25253312636046343,0.2640897038795632,0.27564628139866293,0.28720285891776265,0.2987594364368624,0.3103160139559622,0.3218725914750619,0.33342916899416164,0.3449857465132614,0.3565423240323612,0.3680989015514609,0.37965547907056063,0.3912120565896604,0.4027686341087602,0.4143252116278599,0.4258817891469596,0.4374383666660594,0.4489949441851592,0.4605515217042589,0.4721080992233586,0.4836646767424584,0.49522125426155816,0.5067778317806579,0.5183344092997576,0.5298909868188574,0.5414475643379572,0.5530041418570568,0.5645607193761566,0.5761172968952564,0.5876738744143561,0.5992304519334559,0.6107870294525556,0.6223436069716554,0.6339001844907551,0.6454567620098548,0.6570133395289546,0.6685699170480544,0.6801264945671541,0.6916830720862539,0.7032396496053536,0.7147962271244533,0.7263528046435531,0.7379093821626528,0.7494659596817526,0.7610225372008523,0.7725791147199521,0.7841356922390519,0.7956922697581515,0.8072488472772513,0.8188054247963511,0.8303620023154508,0.8419185798345505,0.8534751573536503]},"grad_neuron_0":0.014349469621760163,"grad_neuron_1":8.89316394757904e-05,"_runtime":42,"epoch":10,"grad_neuron_2":0.023826676352264188,"_wandb":{"runtime":42},"grad_neuron_3":0.03249433569672376,"train_accuracy":0.9829333333333333,"test_accuracy":0.9664,"grad_norm_layer1":0.33136475170148966}