{"grad_neuron_2":0.08210804109227403,"class_samples":{"_type":"table-file","artifact_path":"wandb-client-artifact://1w6tftavd8gshd42r2l7pbod02i3cfzffxusw61urt8kvjvhn7kxix0tbfvnrdlypxa30kloxgoh0w1z02e7u9vep7xjz3eao5jytz0rcm32opr42ts03eggeyqd0m69/class_samples.table.json","log_mode":"IMMUTABLE","size":741,"_latest_artifact_path":"wandb-client-artifact://fnpfx0cajr0msrop2f5px9hyzb6nqh6up62rv3qx79lyusm2oqwsz21fdlug8r2iy3h5v7md0b9hv93ydkfrjhyjfuaep43oasy11d9u3zaehvjxnslejx00lmxacyzh:latest/class_samples.table.json","ncols":2,"path":"media/table/class_samples_0_bf1bad6fae2bb7eb4f63.table.json","sha256":"bf1bad6fae2bb7eb4f63c64de5751c6c34c6eab3552119fba968a202bc3e1d7f","nrows":50},"grad_neuron_3":0.016974202102980993,"train_loss":2.154547203817905,"test_f1":0.45608280010685975,"activation_hist_layer1":{"values":[616046,52092,51023,50032,48016,46726,43789,41258,38379,35514,32259,29435,26213,23360,20943,18206,16057,13845,12088,10305,8997,7808,6580,5534,4554,3864,3222,2708,2306,1820,1492,1198,929,744,568,437,365,299,228,187,140,100,93,58,44,27,31,15,13,19,5,5,5,6,3,1,2,3,1,2,0,0,0,1],"bins":[0,0.042961793006386514,0.08592358601277303,0.12888537901915953,0.17184717202554606,0.21480896503193259,0.25777075803831906,0.3007325510447056,0.3436943440510921,0.38665613705747864,0.42961793006386517,0.47257972307025164,0.5155415160766381,0.5585033090830247,0.6014651020894112,0.6444268950957978,0.6873886881021842,0.7303504811085707,0.7733122741149573,0.8162740671213438,0.8592358601277303,0.9021976531341168,0.9451594461405033,0.9881212391468899,1.0310830321532762,1.0740448251596628,1.1170066181660494,1.159968411172436,1.2029302041788223,1.245891997185209,1.2888537901915955,1.3318155831979819,1.3747773762043685,1.417739169210755,1.4607009622171414,1.503662755223528,1.5466245482299146,1.589586341236301,1.6325481342426875,1.675509927249074,1.7184717202554607,1.761433513261847,1.8043953062682336,1.8473570992746202,1.8903188922810066,1.9332806852873932,1.9762424782937797,2.019204271300166,2.0621660643065525,2.1051278573129393,2.1480896503193256,2.1910514433257124,2.234013236332099,2.276975029338485,2.319936822344872,2.3628986153512583,2.4058604083576447,2.4488222013640315,2.491783994370418,2.5347457873768042,2.577707580383191,2.6206693733895774,2.6636311663959638,2.7065929594023506,2.749554752408737],"_type":"histogram"},"train_accuracy":0.5008,"epoch":1,"_step":2,"test_accuracy":0.4944,"_runtime":23,"_timestamp":1.77299214755391e+09,"grad_neuron_1":0.018748533829657604,"grad_neuron_4":0.10329009664022903,"_wandb":{"runtime":23},"grad_neuron_0":0.05053076048957591,"grad_norm_layer1":1.191532206982507}