{"_runtime":31,"test_f1":0.8584209474873932,"grad_neuron_3":0.17999986070943788,"_timestamp":1.7729939272241528e+09,"test_accuracy":0.8629,"epoch":5,"grad_neuron_1":0.05508323065855349,"_wandb":{"runtime":31},"grad_neuron_4":0.004306531928482919,"grad_neuron_0":0.08768045806537074,"grad_neuron_2":0.19142189836371598,"grad_norm_layer1":1.5113565607950088,"train_accuracy":0.8806,"train_loss":0.313247484948499,"activation_hist_layer1":{"bins":[0,0.5164747081923279,1.0329494163846558,1.5494241245769835,2.0658988327693115,2.5823735409616395,3.098848249153967,3.615322957346295,4.131797665538623,4.648272373730951,5.164747081923279,5.681221790115607,6.197696498307934,6.714171206500263,7.23064591469259,7.7471206228849185,8.263595331077246,8.780070039269575,9.296544747461901,9.81301945565423,10.329494163846558,10.845968872038885,11.362443580231213,11.878918288423542,12.395392996615868,12.911867704808197,13.428342413000525,13.944817121192854,14.46129182938518,14.977766537577509,15.494241245769837,16.010715953962166,16.527190662154492,17.04366537034682,17.56014007853915,18.076614786731476,18.593089494923802,19.109564203116133,19.62603891130846,20.142513619500786,20.658988327693116,21.175463035885443,21.69193774407777,22.2084124522701,22.724887160462426,23.241361868654753,23.757836576847083,24.27431128503941,24.790785993231736,25.307260701424067,25.823735409616393,26.340210117808724,26.85668482600105,27.373159534193377,27.889634242385707,28.406108950578034,28.92258365877036,29.43905836696269,29.955533075155017,30.472007783347344,30.988482491539674,31.504957199732,32.02143190792433,32.53790661611666,33.054381324308984],"_type":"histogram","values":[953948,85898,60443,44081,32440,24056,17336,12647,8697,6191,4367,3306,2645,2382,2106,1876,1757,1534,1344,1158,969,759,721,653,669,634,592,574,535,536,458,439,423,382,355,324,310,270,263,219,219,200,176,143,139,156,104,84,85,71,71,49,40,32,35,19,16,23,8,20,3,5,2,3]},"_step":6,"class_samples":{"_type":"table-file","sha256":"bf1bad6fae2bb7eb4f63c64de5751c6c34c6eab3552119fba968a202bc3e1d7f","ncols":2,"artifact_path":"wandb-client-artifact://408ec7k7x0dnl556nc1982cgyeey35c0uoa9l6r6dyx13thgshw0wxsoygba1mco1z49nwlozxu7bd3vqhn3tik6yjaozimgd6u9um2rhq00tnfarlqq8d423aplagyc/class_samples.table.json","log_mode":"IMMUTABLE","path":"media/table/class_samples_0_bf1bad6fae2bb7eb4f63.table.json","size":741,"_latest_artifact_path":"wandb-client-artifact://5vepqes60e8c6p1fbudqtib1an2jtt75kw6yvz708y89lgn1rqlrj67i0k7j9enpmabgmxerxykkpw267yho32iukpqxmkzd3ze0nwzsmqo4pnwkm1nmyazt3v1uftnd:latest/class_samples.table.json","nrows":50}}