{"test_f1":0.9130627406861784,"grad_neuron_3":0.10245248443375654,"test_accuracy":0.9142,"activation_hist_layer1":{"_type":"histogram","values":[4579,253,222,200,262,214,225,197,207,166,152,131,150,130,106,102,110,97,85,87,76,60,55,44,38,30,26,19,17,22,16,9,10,12,13,6,8,5,7,5,4,5,2,3,2,0,4,3,2,2,2,2,2,0,2,2,0,0,0,1,0,0,0,1],"bins":[0,0.03263891960983172,0.06527783921966344,0.09791675882949516,0.1305556784393269,0.16319459804915862,0.19583351765899032,0.22847243726882205,0.2611113568786538,0.2937502764884855,0.32638919609831724,0.35902811570814896,0.39166703531798064,0.42430595492781237,0.4569448745376441,0.4895837941474758,0.5222227137573076,0.5548616333671392,0.587500552976971,0.6201394725868027,0.6527783921966345,0.6854173118064661,0.7180562314162979,0.7506951510261296,0.7833340706359613,0.8159729902457931,0.8486119098556247,0.8812508294654565,0.9138897490752882,0.94652866868512,0.9791675882949517,1.0118065079047833,1.044445427514615,1.077084347124447,1.1097232667342785,1.1423621863441102,1.175001105953942,1.2076400255637738,1.2402789451736054,1.2729178647834372,1.305556784393269,1.3381957040031005,1.3708346236129323,1.403473543222764,1.4361124628325959,1.4687513824424274,1.5013903020522592,1.534029221662091,1.5666681412719226,1.5993070608817543,1.6319459804915861,1.664584900101418,1.6972238197112495,1.7298627393210813,1.762501658930913,1.7951405785407448,1.8277794981505764,1.8604184177604082,1.89305733737024,1.9256962569800715,1.9583351765899033,1.990974096199735,2.0236130158095667,2.0562519354193984,2.08889085502923]},"class_samples":{"_type":"table-file","ncols":2,"sha256":"bf1bad6fae2bb7eb4f63c64de5751c6c34c6eab3552119fba968a202bc3e1d7f","_latest_artifact_path":"wandb-client-artifact://ixbawopckciq7txvsl5taxmjlk3at0xvxxjymrlxjdxo8zn0xw69qifyhjdhcbosyu2mlfcgoule1b109i84bbc8f61ugxmqfz45mvdf23le9l79wkf9wrznofwx698z:latest/class_samples.table.json","nrows":50,"size":741,"log_mode":"IMMUTABLE","artifact_path":"wandb-client-artifact://v3yf7u5v3yqrr0f5j3rvirhltpgbjwtra6jkf3xj85m20k7qassmqhsbuunj05ma9vpz69bifeai21nzzqyaj3dzjnl1c4v1iuckng6yklqcncjs31o66vrd37ql4n09/class_samples.table.json","path":"media/table/class_samples_0_bf1bad6fae2bb7eb4f63.table.json"},"_wandb":{"runtime":42},"grad_neuron_1":0.19345716500436363,"_step":56292,"grad_neuron_4":0.20756813453749232,"train_accuracy":0.91745,"train_loss":0.013017814077657036,"epoch":10,"grad_norm_layer1":2.6568076583697438,"_runtime":42,"_timestamp":1.7728981992138293e+09,"grad_neuron_0":0.06262036542392709,"grad_neuron_2":0.1610015217626198}