{"grad_neuron_4":7.113342466873992e-07,"test_f1":0.9732997644783709,"grad_neuron_3":0.01797125400891476,"train_accuracy":0.9842,"grad_neuron_2":0.006295084401370147,"epoch":5,"_wandb":{"runtime":69},"grad_neuron_1":0.0002914544911739529,"train_loss":0.07076097867497853,"_runtime":69,"_timestamp":1.7729878039897516e+09,"activation_hist_layer1":{"values":[864472,60717,54461,48124,42327,35946,30842,26439,22174,18068,14613,11728,9508,7480,5887,4781,3786,2893,2464,1932,1539,1304,1083,983,862,719,684,547,497,457,409,338,310,313,242,190,162,143,112,104,68,59,35,42,40,36,24,16,11,7,3,4,4,1,2,1,0,1,2,3,0,0,0,1],"bins":[0,0.18083890395012758,0.36167780790025517,0.5425167118503827,0.7233556158005103,0.9041945197506379,1.0850334237007655,1.265872327650893,1.4467112316010207,1.6275501355511484,1.8083890395012758,1.9892279434514033,2.170066847401531,2.3509057513516587,2.531744655301786,2.7125835592519136,2.8934224632020413,3.074261367152169,3.2551002711022967,3.435939175052424,3.6167780790025517,3.7976169829526794,3.9784558869028066,4.159294790852934,4.340133694803062,4.52097259875319,4.701811502703317,4.882650406653445,5.063489310603572,5.2443282145537,5.425167118503827,5.606006022453955,5.786844926404083,5.96768383035421,6.148522734304338,6.329361638254466,6.510200542204593,6.69103944615472,6.871878350104848,7.052717254054976,7.233556158005103,7.414395061955231,7.595233965905359,7.776072869855486,7.956911773805613,8.137750677755742,8.318589581705869,8.499428485655997,8.680267389606124,8.86110629355625,9.04194519750638,9.222784101456506,9.403623005406635,9.584461909356762,9.76530081330689,9.946139717257017,10.126978621207144,10.307817525157272,10.4886564291074,10.669495333057528,10.850334237007655,11.031173140957783,11.21201204490791,11.392850948858039,11.573689852808165],"_type":"histogram"},"class_samples":{"size":741,"ncols":2,"log_mode":"IMMUTABLE","_type":"table-file","artifact_path":"wandb-client-artifact://1a9t8akyjz2kcgqyzsdx30n0g5m06dj5rir9sgpwkqhbu5vjhfyqfxsuqmqy205dgtu0x1qllcklzmgwkcj40jxezw5zcft3z3hkoe0kx9kuzl7ivlo5e1lft68due3o/class_samples.table.json","nrows":50,"path":"media/table/class_samples_0_bf1bad6fae2bb7eb4f63.table.json","sha256":"bf1bad6fae2bb7eb4f63c64de5751c6c34c6eab3552119fba968a202bc3e1d7f","_latest_artifact_path":"wandb-client-artifact://j94q232sm5egf2r4td6uan9dgqnj0y768fkc1hq15jzc4youw9fmu1i6fy5vmibkxkjlges71tm9ly29lh5ydgn2tdmgf6ix1v4k0hv59bi6gykj4zpa64j6lujmlarr:latest/class_samples.table.json"},"grad_norm_layer1":0.23341467432459256,"_step":6,"grad_neuron_0":0.01267240403016617,"test_accuracy":0.9735}