{"test_f1":0.9710022495916487,"test_accuracy":0.9712,"_wandb":{"runtime":37},"epoch":10,"train_loss":0.0015833549925126505,"grad_neuron_3":0.0007910052407464618,"grad_neuron_2":0.070075241174562,"_timestamp":1.7728994540914755e+09,"train_accuracy":0.9906833333333334,"_runtime":37,"grad_neuron_0":0.0023093973908802183,"grad_neuron_1":0.05915955451509353,"_step":56292,"class_samples":{"path":"media/table/class_samples_0_bf1bad6fae2bb7eb4f63.table.json","artifact_path":"wandb-client-artifact://3yqkg7t3qvclsaqqcmssilykrzajwmronrjg22e6nz4c0fabchcehey5nx8o3vprg3cl1cmd5bfg4v09y2fxqwblju12ew006tu913q3nmeplsxi9xprgcqpslld2qxe/class_samples.table.json","_type":"table-file","log_mode":"IMMUTABLE","_latest_artifact_path":"wandb-client-artifact://z08zxvjz3af7h49f1axew4kaolok89ztvt7u2pq4fmizzhs2171fserttjnc04n2fihvgp1vcvwjl7fxbr4l0z0jsit1f6cc04bjoazrysvm0tniq1jpf7132d21gvou:latest/class_samples.table.json","nrows":50,"ncols":2,"size":741,"sha256":"bf1bad6fae2bb7eb4f63c64de5751c6c34c6eab3552119fba968a202bc3e1d7f"},"grad_neuron_4":0.03505206875220505,"grad_norm_layer1":0.3339932032559146,"activation_hist_layer1":{"_type":"histogram","values":[2068,103,82,111,107,77,87,92,80,93,85,75,60,65,58,77,63,61,51,46,42,44,43,42,31,42,36,36,22,24,19,20,14,16,9,11,15,9,10,6,10,1,8,6,6,4,6,2,0,2,1,3,1,0,2,3,2,1,2,1,0,0,1,2],"bins":[0,0.025817378718520575,0.05163475743704115,0.07745213615556172,0.1032695148740823,0.12908689359260286,0.15490427231112344,0.18072165102964402,0.2065390297481646,0.23235640846668518,0.2581737871852057,0.2839911659037263,0.3098085446222469,0.33562592334076746,0.36144330205928804,0.3872606807778086,0.4130780594963292,0.4388954382148498,0.46471281693337035,0.49053019565189093,0.5163475743704115,0.5421649530889321,0.5679823318074526,0.5937997105259732,0.6196170892444938,0.6454344679630144,0.6712518466815349,0.6970692254000556,0.7228866041185761,0.7487039828370967,0.7745213615556172,0.8003387402741379,0.8261561189926584,0.8519734977111789,0.8777908764296996,0.9036082551482201,0.9294256338667407,0.9552430125852612,0.9810603913037819,1.0068777700223024,1.032695148740823,1.0585125274593437,1.0843299061778642,1.1101472848963847,1.1359646636149052,1.161782042333426,1.1875994210519465,1.213416799770467,1.2392341784889875,1.265051557207508,1.2908689359260288,1.3166863146445493,1.3425036933630698,1.3683210720815904,1.3941384508001111,1.4199558295186316,1.4457732082371522,1.4715905869556727,1.4974079656741934,1.523225344392714,1.5490427231112345,1.574860101829755,1.6006774805482757,1.6264948592667963,1.6523122379853168]}}