{"train_accuracy":0.1164,"epoch":10,"_step":11,"test_f1":0.02065997130559541,"class_samples":{"log_mode":"IMMUTABLE","nrows":50,"_latest_artifact_path":"wandb-client-artifact://0vu8he252tzkr4tvessdmndjxf6rsg5gsmnb09a1pj3uop1y3f5yef3tmgu9rkd3licprrcsgq3nousslfw9zdiu3e6zja2feotybn5d7g845wmzwit6qhzh8z18e8ae:latest/class_samples.table.json","path":"media/table/class_samples_0_bf1bad6fae2bb7eb4f63.table.json","ncols":2,"size":741,"sha256":"bf1bad6fae2bb7eb4f63c64de5751c6c34c6eab3552119fba968a202bc3e1d7f","artifact_path":"wandb-client-artifact://q6h1lehev2coprgipkz3vo2z9qcd8xa381wr26sv0czibw8dytpg8be4nrm536oj2j3t8luakqaswnduru23eigklt0jo62nax1raairez3nju59a6w4fn02qj9odor6/class_samples.table.json","_type":"table-file"},"grad_neuron_4":0,"grad_norm_layer1":0,"train_loss":2.3014108897649423,"_wandb":{"runtime":26},"grad_neuron_1":0,"activation_hist_layer1":{"values":[0,0,0,0,0,0,0,0,0,0,0,0,0,0,0,0,0,0,0,0,0,0,0,0,0,0,0,0,0,0,0,0,1280000,0,0,0,0,0,0,0,0,0,0,0,0,0,0,0,0,0,0,0,0,0,0,0,0,0,0,0,0,0,0,0],"bins":[-0.5,-0.484375,-0.46875,-0.453125,-0.4375,-0.421875,-0.40625,-0.390625,-0.375,-0.359375,-0.34375,-0.328125,-0.3125,-0.296875,-0.28125,-0.265625,-0.25,-0.234375,-0.21875,-0.203125,-0.1875,-0.171875,-0.15625,-0.140625,-0.125,-0.109375,-0.09375,-0.078125,-0.0625,-0.046875,-0.03125,-0.015625,0,0.015625,0.03125,0.046875,0.0625,0.078125,0.09375,0.109375,0.125,0.140625,0.15625,0.171875,0.1875,0.203125,0.21875,0.234375,0.25,0.265625,0.28125,0.296875,0.3125,0.328125,0.34375,0.359375,0.375,0.390625,0.40625,0.421875,0.4375,0.453125,0.46875,0.484375,0.5],"_type":"histogram"},"grad_neuron_2":0,"_runtime":26,"test_accuracy":0.1152,"grad_neuron_0":0,"grad_neuron_3":0,"_timestamp":1.7729923886241038e+09}