{"grad_neuron_0":0.03164524739131886,"grad_neuron_1":0.1828285719285041,"activation_hist_layer1":{"_type":"histogram","values":[2187,125,106,110,106,130,116,76,86,79,70,84,70,74,58,59,58,56,33,45,28,37,39,33,27,17,19,19,20,19,16,12,11,11,5,7,13,3,4,3,1,6,2,4,3,4,0,1,1,2,0,0,0,0,0,0,0,0,0,0,0,0,0,1],"bins":[0,0.038616693260797155,0.07723338652159431,0.11585007978239147,0.15446677304318862,0.19308346630398576,0.23170015956478293,0.2703168528255801,0.30893354608637724,0.3475502393471744,0.3861669326079715,0.4247836258687687,0.46340031912956586,0.502017012390363,0.5406337056511602,0.5792503989119573,0.6178670921727545,0.6564837854335517,0.6951004786943488,0.733717171955146,0.772333865215943,0.8109505584767402,0.8495672517375374,0.8881839449983345,0.9268006382591317,0.9654173315199289,1.004034024780726,1.0426507180415232,1.0812674113023204,1.1198841045631176,1.1585007978239146,1.1971174910847118,1.235734184345509,1.2743508776063062,1.3129675708671034,1.3515842641279003,1.3902009573886975,1.4288176506494947,1.467434343910292,1.5060510371710891,1.544667730431886,1.5832844236926833,1.6219011169534805,1.6605178102142777,1.6991345034750749,1.737751196735872,1.776367889996669,1.8149845832574663,1.8536012765182635,1.8922179697790606,1.9308346630398578,1.9694513563006548,2.008068049561452,2.0466847428222494,2.0853014360830464,2.1239181293438434,2.162534822604641,2.201151515865438,2.239768209126235,2.278384902387032,2.317001595647829,2.3556182889086266,2.3942349821694235,2.432851675430221,2.471468368691018]},"_runtime":108,"test_f1":0.8783716740595681,"test_accuracy":0.8788,"grad_norm_layer1":1.080714855177287,"epoch":15,"_step":84437,"class_samples":{"_type":"table-file","artifact_path":"wandb-client-artifact://3qw3a8rj509ij282od4lre05bnq6t9oxev4r75dyn9xjmp4vx9gdmd8qn5axafyrtxq6ozzivge9fsp19jebvosuk0t57w46aoxxv9nt8ph87i5d2doyeyxwut4xrrqi/class_samples.table.json","_latest_artifact_path":"wandb-client-artifact://unzwr8ubawd9looxu2bbtn19thnrfj4n47va073d03wimpzhogsl0za7lvzjtbp2zqmyo0h8d97f7rpyzmqkgog54a9rfj6xjl0qe5box5axax027lifhlfjhdjbbblt:latest/class_samples.table.json","log_mode":"IMMUTABLE","nrows":50,"path":"media/table/class_samples_0_bf1bad6fae2bb7eb4f63.table.json","sha256":"bf1bad6fae2bb7eb4f63c64de5751c6c34c6eab3552119fba968a202bc3e1d7f","size":741,"ncols":2},"_timestamp":1.7728971977518413e+09,"train_loss":0.2541860434879429,"train_accuracy":0.90435,"grad_neuron_3":0.24140215886668911,"_wandb":{"runtime":108},"grad_neuron_2":0.11850083777419079,"grad_neuron_4":0.03310458847893944}