{"grad_neuron_3":0.010921781983794834,"grad_neuron_0":0.009156521151625307,"activation_hist_layer1":{"values":[2,9,32,53,134,241,412,709,1168,1697,2418,3305,4363,5868,7561,9305,11643,14173,17124,20582,23760,27910,31471,35632,40230,44616,48547,52494,56205,58770,60990,61889,61883,61128,59393,56632,52742,49165,44872,40206,35890,31197,27063,22907,19440,16209,13332,10655,8421,6856,5269,3939,2921,2167,1525,1106,678,482,261,151,105,57,23,12],"bins":[0.07782871956795698,0.09089313029706025,0.10395754102616352,0.11702195175526678,0.13008636248437006,0.14315077321347333,0.1562151839425766,0.16927959467167986,0.18234400540078313,0.1954084161298864,0.20847282685898968,0.22153723758809293,0.2346016483171962,0.24766605904629949,0.2607304697754027,0.273794880504506,0.2868592912336093,0.29992370196271256,0.3129881126918158,0.32605252342091906,0.3391169341500224,0.35218134487912567,0.3652457556082289,0.37831016633733217,0.3913745770664354,0.40443898779553866,0.417503398524642,0.43056780925374527,0.4436322199828485,0.45669663071195177,0.469761041441055,0.4828254521701584,0.4958898628992616,0.5089542736283649,0.5220186843574681,0.5350830950865714,0.5481475058156747,0.561211916544778,0.5742763272738812,0.5873407380029845,0.6004051487320878,0.6134695594611911,0.6265339701902943,0.6395983809193976,0.6526627916485008,0.6657272023776041,0.6787916131067074,0.6918560238358107,0.7049204345649139,0.7179848452940172,0.7310492560231204,0.7441136667522238,0.757178077481327,0.7702424882104303,0.7833068989395335,0.7963713096686368,0.80943572039774,0.8225001311268434,0.8355645418559466,0.8486289525850499,0.8616933633141531,0.8747577740432564,0.8878221847723597,0.900886595501463,0.9139510062305662],"_type":"histogram"},"_runtime":35,"grad_norm_layer1":0.1405927420336073,"_timestamp":1.772982192718736e+09,"grad_neuron_1":0.010470598211929109,"_step":6,"grad_neuron_4":0.005878976907504051,"test_f1":0.3485263608174045,"train_loss":2.2381450428422807,"test_accuracy":0.3914,"_wandb":{"runtime":35},"class_samples":{"nrows":50,"_latest_artifact_path":"wandb-client-artifact://ac47jhzwboduk5jsz59k8u9zgh139dc7s75rto3f9bv8gl53zhxwhk5mthe9nmtgumfjjk7v46oq0uhtgovt7a7wfmahf5zmp50wqpswclcpyu39abta7cfwzn7tts30:latest/class_samples.table.json","sha256":"bf1bad6fae2bb7eb4f63c64de5751c6c34c6eab3552119fba968a202bc3e1d7f","ncols":2,"size":741,"log_mode":"IMMUTABLE","artifact_path":"wandb-client-artifact://asgmx0i8seb3hnci6xvvmie1ulhhpqx04nea6tmzjca296ncigme52nfqksygmysq990ch7eb7wozehrzhd6aqbl2790e0mbehck4br2ei0c71s353311ke3wrfsrvtd/class_samples.table.json","_type":"table-file","path":"media/table/class_samples_0_bf1bad6fae2bb7eb4f63.table.json"},"train_accuracy":0.3954,"epoch":5,"grad_neuron_2":0.009777329038418119}