{"activation_hist_layer1":{"values":[488383,53271,53286,52163,50923,48407,46473,44145,41762,39651,36977,34665,32530,30077,27627,25361,22934,20658,18269,15998,14188,12412,10887,9398,7962,7012,5659,4881,4141,3591,2967,2451,1989,1664,1364,1056,935,725,587,537,427,323,237,221,157,136,99,101,83,56,40,27,30,25,20,13,14,5,6,4,3,2,3,2],"bins":[0,0.06150872432395924,0.12301744864791848,0.18452617297187773,0.24603489729583697,0.3075436216197962,0.36905234594375547,0.4305610702677147,0.49206979459167394,0.5535785189156331,0.6150872432395924,0.6765959675635517,0.7381046918875109,0.7996134162114702,0.8611221405354293,0.9226308648593886,0.9841395891833479,1.0456483135073071,1.1071570378312663,1.1686657621552257,1.2301744864791848,1.2916832108031442,1.3531919351271033,1.4147006594510625,1.4762093837750219,1.537718108098981,1.5992268324229404,1.6607355567468995,1.7222442810708587,1.783753005394818,1.8452617297187772,1.9067704540427366,1.9682791783666957,2.029787902690655,2.0912966270146143,2.1528053513385736,2.2143140756625326,2.275822799986492,2.3373315243104513,2.3988402486344103,2.4603489729583696,2.521857697282329,2.5833664216062884,2.6448751459302473,2.7063838702542067,2.767892594578166,2.829401318902125,2.8909100432260844,2.9524187675500437,3.0139274918740027,3.075436216197962,3.1369449405219214,3.198453664845881,3.2599623891698397,3.321471113493799,3.3829798378177585,3.4444885621417174,3.5059972864656768,3.567506010789636,3.629014735113595,3.6905234594375544,3.752032183761514,3.813540908085473,3.875049632409432,3.9365583567333915],"_type":"histogram"},"epoch":5,"_wandb":{"runtime":31},"grad_norm_layer1":0.5906211051590096,"test_f1":0.7978141149089351,"train_accuracy":0.804,"grad_neuron_1":0.020849874195084894,"test_accuracy":0.8089,"grad_neuron_3":0.0624264831219742,"grad_neuron_4":0.027577930115976482,"grad_neuron_2":0.07054485834563569,"grad_neuron_0":0.02464317267634034,"train_loss":0.4093097893020433,"class_samples":{"log_mode":"IMMUTABLE","nrows":50,"artifact_path":"wandb-client-artifact://q9d4jin8iz041tfgux77alcidtrtgbwdst0z57g3mojbseszsy1uw4x05whdukn7gf2yfbbk5h3fwtokihfr684qyb53h9rvb66esk3ps80tmv02ebqmwzfw48gzmqcl/class_samples.table.json","path":"media/table/class_samples_0_bf1bad6fae2bb7eb4f63.table.json","ncols":2,"size":741,"_type":"table-file","_latest_artifact_path":"wandb-client-artifact://pzwxx5e8nu02zra73b43mgmx93puuig1llzs1vbaornnrapzzb3y0ilnxobv2l526cycaccqkpx3znx4ykqczkhpachifp5etgc0mxkmqi1n9yyf3r4g4xjq7lf4b61x:latest/class_samples.table.json","sha256":"bf1bad6fae2bb7eb4f63c64de5751c6c34c6eab3552119fba968a202bc3e1d7f"},"_timestamp":1.7729812361023757e+09,"_step":6,"_runtime":31}