{"_runtime":54,"grad_neuron_1":0.07434366418270338,"train_accuracy":0.86,"_timestamp":1.772985450972613e+09,"_step":6,"activation_hist_layer1":{"values":[99,435,1075,2054,3127,4442,5880,7375,8844,10610,12246,14026,15867,17746,19488,21059,22759,24333,25605,27206,28451,29902,30993,32089,32899,33797,33960,34725,35203,35618,35629,35658,35899,35187,35275,35089,34542,34155,33582,32716,31565,30853,29656,28511,27059,25768,23965,22648,20878,19246,17404,15574,13905,12287,10292,8603,7024,5445,3999,2787,1698,859,287,42],"bins":[-0.9869230936945302,-0.9560954526172852,-0.9252678115400401,-0.8944401704627951,-0.8636125293855501,-0.8327848883083051,-0.80195724723106,-0.771129606153815,-0.7403019650765699,-0.7094743239993249,-0.6786466829220799,-0.6478190418448349,-0.6169914007675897,-0.5861637596903447,-0.5553361186130996,-0.5245084775358546,-0.4936808364586096,-0.4628531953813646,-0.4320255543041195,-0.4011979132268745,-0.3703702721496295,-0.33954263107238436,-0.30871498999513936,-0.27788734891789435,-0.24705970784064923,-0.21623206676340423,-0.18540442568615922,-0.15457678460891422,-0.1237491435316691,-0.0929215024544241,-0.062093861377179094,-0.03126622029993398,-0.00043857922268897287,0.030389061854556032,0.06121670293180104,0.09204434400904604,0.12287198508629127,0.15369962616353627,0.18452726724078128,0.21535490831802628,0.2461825493952713,0.2770101904725163,0.3078378315497615,0.3386654726270065,0.36949311370425153,0.40032075478149654,0.43114839585874154,0.46197603693598654,0.49280367801323177,0.5236313190904768,0.5544589601677218,0.5852866012449668,0.6161142423222118,0.6469418833994568,0.6777695244767018,0.708597165553947,0.739424806631192,0.770252447708437,0.801080088785682,0.831907729862927,0.862735370940172,0.8935630120174173,0.9243906530946623,0.9552182941719073,0.9860459352491522],"_type":"histogram"},"test_accuracy":0.858,"grad_norm_layer1":0.6262411604717452,"grad_neuron_0":0.03926857410374102,"test_f1":0.8543975844357261,"grad_neuron_4":0.03746702170124699,"train_loss":0.2800322870479531,"_wandb":{"runtime":54},"class_samples":{"_type":"table-file","artifact_path":"wandb-client-artifact://nt5a2v4mv1owihdrsf5pnc5bweup7ba1n1rakn9ri9f2zxwi085p42gw6z822k183r93o0b1p5vmo995y5bb3aj66a01ezs61ppq849eaczz1t91ufx73ica8yeytzb7/class_samples.table.json","log_mode":"IMMUTABLE","ncols":2,"sha256":"bf1bad6fae2bb7eb4f63c64de5751c6c34c6eab3552119fba968a202bc3e1d7f","size":741,"_latest_artifact_path":"wandb-client-artifact://r8lh9k8b8numyxurpb9bu2x1jbs5b0xgcqnp3qpg4003doy06cg6ff0lsfcf0zlhhemcc4ynmi4rt8nx323njbomih3w4qmtoozjcsx6ma8x587vhmwaes6780ahj0q4:latest/class_samples.table.json","nrows":50,"path":"media/table/class_samples_0_bf1bad6fae2bb7eb4f63.table.json"},"grad_neuron_2":0.03900489225183986,"grad_neuron_3":0.025704761709263373,"epoch":5}