{"grad_neuron_2":0.15627840585488031,"grad_neuron_0":0.046368697278400935,"grad_neuron_1":0.038680587608435894,"activation_hist_layer1":{"_type":"histogram","values":[158628,46744,34064,27901,24414,21765,20195,18710,17550,16695,15773,15085,14445,13970,13481,13310,12851,12735,12118,12025,11712,11583,11527,11355,11323,11217,11212,11075,10900,10914,10862,10868,10946,10933,10818,11043,10796,11193,11044,11178,11216,11219,11501,11528,11829,11981,12307,12208,12779,12808,13475,13554,14242,14969,15387,16287,17314,18607,20103,22321,26082,31442,42384,149499],"bins":[-0.9999999999901642,-0.9687499999912266,-0.937499999992289,-0.9062499999933513,-0.8749999999944137,-0.8437499999954761,-0.8124999999965384,-0.7812499999976008,-0.7499999999986632,-0.7187499999997256,-0.687500000000788,-0.6562500000018503,-0.6250000000029128,-0.593750000003975,-0.5625000000050375,-0.5312500000060998,-0.5000000000071623,-0.46875000000822464,-0.437500000009287,-0.4062500000103494,-0.37500000001141176,-0.34375000001247413,-0.3125000000135365,-0.2812500000145989,-0.25000000001566125,-0.21875000001672362,-0.187500000017786,-0.15625000001884837,-0.12500000001991074,-0.09375000002097311,-0.06250000002203548,-0.03125000002309786,-2.4160229372682807e-11,0.031249999974777398,0.062499999973714915,0.09374999997265265,0.12499999997159017,0.1562499999705279,0.18749999996946543,0.21874999996840316,0.24999999996734068,0.2812499999662784,0.31249999996521594,0.3437499999641537,0.3749999999630912,0.40624999996202893,0.43749999996096645,0.4687499999599042,0.4999999999588417,0.5312499999577794,0.562499999956717,0.5937499999556547,0.6249999999545922,0.65624999995353,0.6874999999524675,0.7187499999514052,0.7499999999503427,0.7812499999492805,0.812499999948218,0.8437499999471557,0.8749999999460932,0.906249999945031,0.9374999999439685,0.9687499999429062,0.9999999999418437]},"grad_neuron_4":0.019065667058955092,"_timestamp":1.7729930904443464e+09,"_step":11,"_runtime":96,"grad_neuron_3":0.06561646902837946,"train_loss":0.2637708444490493,"epoch":10,"_wandb":{"runtime":96},"test_accuracy":0.8813,"test_f1":0.8788595668414569,"train_accuracy":0.895,"grad_norm_layer1":1.0215522082717028,"class_samples":{"_latest_artifact_path":"wandb-client-artifact://p8sy507h74cfywpf4htm9y3ke3o98lx0oabb8jebdp3pg28ghaoden9k97j4mfazfifzaue3ypeblfgcj9rw7arxr6e0kxr9rxz55cajyg3nvyc0h7e027atwvw1wmhh:latest/class_samples.table.json","artifact_path":"wandb-client-artifact://utvvvqdy57xi7fi17z4kfw1qc1zefzt1yz6sw7kaxcczrzaukcv7chsbb0x2sv94k2sk91pr9a6z2j44rg6xi4q0ahqrhnctt0hvxkv8c0rlm2aziti0ww6xpkw5hfjl/class_samples.table.json","sha256":"bf1bad6fae2bb7eb4f63c64de5751c6c34c6eab3552119fba968a202bc3e1d7f","log_mode":"IMMUTABLE","_type":"table-file","size":741,"ncols":2,"nrows":50,"path":"media/table/class_samples_0_bf1bad6fae2bb7eb4f63.table.json"}}