{"class_samples":{"_type":"table-file","nrows":50,"log_mode":"IMMUTABLE","ncols":2,"_latest_artifact_path":"wandb-client-artifact://zhhnsj4hnpifyg1ywef34lvqbhj1fxlcds0aag80dk19a317uysp0e5uiy2kubs24zippkow8qc8mraq94tm61e9zzo506k1y1f2wuzamd0v8ek4fd4gw8t8p937zt7l:latest/class_samples.table.json","path":"media/table/class_samples_0_bf1bad6fae2bb7eb4f63.table.json","size":741,"sha256":"bf1bad6fae2bb7eb4f63c64de5751c6c34c6eab3552119fba968a202bc3e1d7f","artifact_path":"wandb-client-artifact://iw05sn35cngbw6g6gsvtmmgxg40so1pxszpwy46q2fw5zpdkl1posoxmwjwax71bnusb2twany9ijlhnduufllj6xcrum5aecaqzomhp72s206xvg6wvimiz3dtuwsh6/class_samples.table.json"},"activation_hist_layer1":{"bins":[0,0.027379378678865772,0.054758757357731544,0.08213813603659731,0.10951751471546309,0.13689689339432887,0.16427627207319462,0.1916556507520604,0.21903502943092618,0.24641440810979195,0.27379378678865773,0.3011731654675235,0.32855254414638924,0.35593192282525504,0.3833113015041208,0.4106906801829866,0.43807005886185235,0.4654494375407181,0.4928288162195839,0.5202081948984497,0.5475875735773155,0.5749669522561812,0.602346330935047,0.6297257096139127,0.6571050882927785,0.6844844669716443,0.7118638456505101,0.7392432243293758,0.7666226030082416,0.7940019816871073,0.8213813603659732,0.848760739044839,0.8761401177237047,0.9035194964025705,0.9308988750814362,0.9582782537603021,0.9856576324391678,1.0130370111180336,1.0404163897968994,1.067795768475765,1.095175147154631,1.1225545258334966,1.1499339045123624,1.1773132831912283,1.204692661870094,1.2320720405489598,1.2594514192278254,1.2868307979066913,1.314210176585557,1.3415895552644228,1.3689689339432887,1.3963483126221543,1.4237276913010202,1.4511070699798858,1.4784864486587517,1.5058658273376175,1.5332452060164832,1.560624584695349,1.5880039633742147,1.6153833420530805,1.6427627207319464,1.670142099410812,1.697521478089678,1.7249008567685435,1.7522802354474094],"_type":"histogram","values":[2137,107,111,92,92,87,86,102,84,99,70,68,68,77,75,63,51,61,59,41,33,39,46,40,33,30,26,28,21,27,10,17,23,11,4,10,13,10,9,5,3,3,3,3,4,3,2,3,1,0,0,1,1,0,1,0,0,1,0,0,0,1,0,1]},"_timestamp":1.7728976029770138e+09,"train_loss":0.152311560794827,"epoch":10,"_runtime":37,"_step":56292,"test_accuracy":0.9506,"test_f1":0.9502609701869756,"grad_norm_layer1":0.8117412601962407,"grad_neuron_4":0.024643152808914725,"grad_neuron_0":0.07953239774917437,"_wandb":{"runtime":37},"grad_neuron_1":0.048586324370970026,"train_accuracy":0.958,"grad_neuron_2":0.09621038200308608,"grad_neuron_3":0.008670686003905493}