{"_step":6,"_runtime":27,"test_f1":0.04724977718989067,"train_accuracy":0.14,"activation_hist_layer1":{"bins":[0.0905873094966016,0.10335492420891307,0.11612253892122454,0.128890153633536,0.14165776834584748,0.15442538305815895,0.1671929977704704,0.17996061248278186,0.19272822719509333,0.2054958419074048,0.21826345661971627,0.23103107133202774,0.24379868604433919,0.25656630075665066,0.2693339154689621,0.2821015301812736,0.29486914489358507,0.30763675960589654,0.320404374318208,0.3331719890305195,0.34593960374283095,0.3587072184551424,0.3714748331674539,0.38424244787976536,0.3970100625920768,0.40977767730438824,0.4225452920166997,0.4353129067290112,0.44808052144132265,0.4608481361536341,0.4736157508659456,0.48638336557825707,0.49915098029056854,0.51191859500288,0.5246862097151914,0.5374538244275029,0.5502214391398144,0.5629890538521258,0.5757566685644373,0.5885242832767488,0.6012918979890602,0.6140595127013717,0.6268271274136832,0.6395947421259947,0.6523623568383061,0.6651299715506176,0.6778975862629291,0.6906652009752405,0.703432815687552,0.7162004303998635,0.728968045112175,0.7417356598244864,0.7545032745367979,0.7672708892491094,0.7800385039614208,0.7928061186737323,0.8055737333860438,0.8183413480983552,0.8311089628106667,0.8438765775229782,0.8566441922352896,0.8694118069476011,0.8821794216599126,0.8949470363722241,0.9077146510845355],"_type":"histogram","values":[9,19,47,102,166,346,490,653,1000,1426,1981,2553,3242,4101,5063,6234,7664,9083,10499,12393,14131,16264,18561,20865,22788,24832,26578,27941,29156,29740,30303,30137,29619,28465,27279,25862,23660,21248,19548,17212,15096,13244,11339,9598,8028,6565,5442,4409,3511,2939,2210,1672,1292,1017,794,560,394,254,160,97,65,33,11,10]},"grad_neuron_2":0.0009949793302603648,"_wandb":{"runtime":27},"class_samples":{"artifact_path":"wandb-client-artifact://kftsx7yqy3enip2pqx47vt0h7camlpulusdedrzhj9ha1mb1n9rfusq4ktjxtw7ohvybqpygrkezntmt9166m0gcs3r6d4kedxwlgjtdqy1iysue50ki8uiw9sv6om4q/class_samples.table.json","_latest_artifact_path":"wandb-client-artifact://652bp3lrurtp91j5yp01wb7yyqyb6tjbxewt6ig83d9h5fo42jg0l9y9ar0fthxvgzd0vjsly35noizwf9ke7mq6uyh8bvnc51wuzkucavdaab5ccf4tcyf62uxtsrth:latest/class_samples.table.json","size":741,"_type":"table-file","ncols":2,"nrows":50,"log_mode":"IMMUTABLE","sha256":"bf1bad6fae2bb7eb4f63c64de5751c6c34c6eab3552119fba968a202bc3e1d7f","path":"media/table/class_samples_0_bf1bad6fae2bb7eb4f63.table.json"},"epoch":5,"_timestamp":1.7729851408504987e+09,"test_accuracy":0.1476,"grad_neuron_3":0.000927390369581757,"train_loss":0.9001940659003027,"grad_neuron_1":0.0003524826614483417,"grad_neuron_4":0.00048152782938779633,"grad_neuron_0":0.0009933435828542885,"grad_norm_layer1":0.007640766427871848}