{"grad_neuron_0":0,"_timestamp":1.7729891652434497e+09,"test_accuracy":0.0968,"grad_neuron_3":0,"epoch":5,"train_accuracy":0.0958,"activation_hist_layer1":{"values":[1270740,392,345,319,274,264,227,201,221,194,204,277,249,267,273,270,277,288,282,301,271,304,248,265,248,240,198,233,206,203,201,170,134,167,133,120,110,94,88,75,75,47,52,47,42,27,25,21,15,14,15,7,9,8,8,5,1,2,2,0,0,3,1,1],"bins":[0,5.013287749873681,10.026575499747363,15.039863249621044,20.053150999494726,25.06643874936841,30.07972649924209,35.09301424911577,40.10630199898945,45.119589748863135,50.13287749873682,55.146165248610494,60.15945299848418,65.17274074835785,70.18602849823154,75.19931624810522,80.2126039979789,85.22589174785259,90.23917949772627,95.25246724759995,100.26575499747364,105.2790427473473,110.29233049722099,115.30561824709467,120.31890599696835,125.33219374684204,130.3454814967157,135.3587692465894,140.37205699646307,145.38534474633676,150.39863249621044,155.41192024608412,160.4252079959578,165.4384957458315,170.45178349570517,175.46507124557886,180.47835899545254,185.49164674532622,190.5049344951999,195.5182222450736,200.53150999494727,205.54479774482093,210.5580854946946,215.5713732445683,220.58466099444198,225.59794874431566,230.61123649418934,235.62452424406302,240.6378119939367,245.6510997438104,250.66438749368407,255.67767524355776,260.6909629934314,265.7042507433051,270.7175384931788,275.7308262430525,280.74411399292615,285.75740174279986,290.7706894926735,295.7839772425472,300.7972649924209,305.8105527422946,310.82384049216824,315.83712824204196,320.8504159919156],"_type":"histogram"},"class_samples":{"path":"media/table/class_samples_0_bf1bad6fae2bb7eb4f63.table.json","nrows":50,"ncols":2,"size":741,"log_mode":"IMMUTABLE","_type":"table-file","sha256":"bf1bad6fae2bb7eb4f63c64de5751c6c34c6eab3552119fba968a202bc3e1d7f","artifact_path":"wandb-client-artifact://d8r1xjb4kgwzxua8ejnns4u82pyy0thzdzc8qgk6bc6cr87jnw8w5njxyah3d1771zqkqia6vntmgmk5zsrkeikj1rvwsn62hsias5f90v3jiqt3an28nqf5i3xr5q4s/class_samples.table.json","_latest_artifact_path":"wandb-client-artifact://16mq21yr9zsji3oovrnxbrz9rxzdb31gtw57jp1948mtn454l1ukuwwzyfaoirmbsiyp8abi0cx6bpm4e9s1pgwrup451z0l3s40kjy0fql2mmjp8l7t61luedlyg5nf:latest/class_samples.table.json"},"_step":6,"grad_neuron_4":0,"_wandb":{"runtime":22},"test_f1":0.017825724415410717,"grad_norm_layer1":0,"grad_neuron_2":0,"grad_neuron_1":0,"_runtime":22,"train_loss":2.199912880585136}