{"grad_neuron_3":0.1228272959829261,"_runtime":36,"grad_neuron_2":0.11472233177483425,"activation_hist_layer1":{"_type":"histogram","values":[4398,225,238,226,247,219,227,207,208,178,194,160,176,109,115,124,90,112,69,79,58,66,59,46,31,44,40,33,22,19,24,17,16,13,18,10,7,9,6,7,7,9,5,2,5,4,3,3,1,0,2,1,2,1,0,0,0,0,0,0,0,0,0,1],"bins":[0,0.03060488301145297,0.06120976602290594,0.0918146490343589,0.12241953204581188,0.15302441505726486,0.1836292980687178,0.21423418108017078,0.24483906409162376,0.27544394710307674,0.3060488301145297,0.3366537131259827,0.3672585961374356,0.3978634791488886,0.42846836216034156,0.45907324517179454,0.4896781281832475,0.5202830111947004,0.5508878942061535,0.5814927772176064,0.6120976602290594,0.6427025432405123,0.6733074262519654,0.7039123092634183,0.7345171922748712,0.7651220752863243,0.7957269582977772,0.8263318413092302,0.8569367243206831,0.8875416073321362,0.9181464903435891,0.9487513733550421,0.979356256366495,1.009961139377948,1.0405660223894009,1.071170905400854,1.101775788412307,1.1323806714237599,1.1629855544352128,1.193590437446666,1.2241953204581189,1.2548002034695718,1.2854050864810247,1.3160099694924776,1.3466148525039308,1.3772197355153837,1.4078246185268366,1.4384295015382895,1.4690343845497424,1.4996392675611956,1.5302441505726485,1.5608490335841014,1.5914539165955544,1.6220587996070075,1.6526636826184604,1.6832685656299133,1.7138734486413663,1.7444783316528192,1.7750832146642723,1.8056880976757252,1.8362929806871782,1.866897863698631,1.8975027467100842,1.9281076297215372,1.95871251273299]},"_step":56292,"train_loss":0.01664123947199389,"_wandb":{"runtime":36},"epoch":10,"grad_neuron_1":0.11879458380559152,"_timestamp":1.7728987107502935e+09,"train_accuracy":0.8969666666666667,"class_samples":{"nrows":50,"ncols":2,"_latest_artifact_path":"wandb-client-artifact://4dvqo0wu1p3if8nko8koku4nm69yed8d2iqh6yai1mwkrgji2uhuk5r6xv1bcdfp7iyfxmgwdoa55sloedoyzhiy348zxse47twfdyn6n2r5p0e2uhvtwe7vxeyfy4i1:latest/class_samples.table.json","size":741,"artifact_path":"wandb-client-artifact://nk8jq2f14y08numl895nup23jznsho5jcf1ucu5sz4c5rtxgy9iv2qh9843bnewpsz55ajqxv23a37fiim5w1gpdtq7z4sdhzim1a09c7dnmky7csv7gnmjolql3eolu/class_samples.table.json","sha256":"bf1bad6fae2bb7eb4f63c64de5751c6c34c6eab3552119fba968a202bc3e1d7f","log_mode":"IMMUTABLE","_type":"table-file","path":"media/table/class_samples_0_bf1bad6fae2bb7eb4f63.table.json"},"grad_norm_layer1":1.5830941815593018,"test_f1":0.8967694158676007,"grad_neuron_0":0.11794402597446736,"test_accuracy":0.8982,"grad_neuron_4":0.16056113946359038}