{"epoch":10,"test_f1":0.8937858929454929,"grad_neuron_2":0.17357045311363822,"train_loss":0.3930721832320153,"grad_neuron_4":0.119313359313382,"activation_hist_layer1":{"bins":[-0.9661724735327041,-0.9364811435099526,-0.906789813487201,-0.8770984834644495,-0.8474071534416979,-0.8177158234189464,-0.7880244933961948,-0.7583331633734434,-0.7286418333506919,-0.6989505033279404,-0.6692591733051888,-0.6395678432824372,-0.6098765132596857,-0.5801851832369342,-0.5504938532141828,-0.5208025231914312,-0.4911111931686796,-0.4614198631459281,-0.4317285331231766,-0.402037203100425,-0.37234587307767353,-0.34265454305492193,-0.31296321303217045,-0.28327188300941897,-0.2535805529866674,-0.2238892229639159,-0.1941978929411643,-0.1645065629184128,-0.13481523289566133,-0.10512390287290974,-0.07543257285015825,-0.04574124282740666,-0.016049912804655175,0.013641417218096308,0.0433327472408479,0.07302407726359939,0.10271540728635087,0.13240673730910257,0.16209806733185406,0.19178939735460554,0.22148072737735702,0.2511720574001085,0.2808633874228602,0.3105547174456117,0.3402460474683632,0.36993737749111466,0.39962870751386614,0.42932003753661785,0.45901136755936933,0.4887026975821208,0.5183940276048723,0.5480853576276238,0.5777766876503755,0.607468017673127,0.6371593476958785,0.6668506777186299,0.6965420077413814,0.7262333377641331,0.7559246677868846,0.7856159978096361,0.8153073278323876,0.8449986578551391,0.8746899878778908,0.9043813179006422,0.9340726479233937],"_type":"histogram","values":[1,5,5,5,8,12,20,18,26,33,40,44,49,43,73,59,65,68,53,76,93,80,103,108,99,109,132,107,129,118,122,121,133,100,107,78,100,118,104,116,108,121,84,100,71,77,88,51,69,55,57,62,39,43,32,32,39,25,22,17,4,9,4,7]},"_step":56292,"grad_neuron_1":0.14266495738258841,"train_accuracy":0.89825,"grad_norm_layer1":1.2748615604404407,"test_accuracy":0.8954,"_wandb":{"runtime":41},"_runtime":41,"_timestamp":1.7729001144103212e+09,"class_samples":{"_latest_artifact_path":"wandb-client-artifact://tb156agpspgxao8h43e9i6atdazbkps2m7ohvu1xdxrpjygxif04b9305oxgz838v6ic7f33vvbyxrcww95jla96a27ab1dmzyru52svwby2dd6o2hbtw3djc32w3574:latest/class_samples.table.json","nrows":50,"path":"media/table/class_samples_0_bf1bad6fae2bb7eb4f63.table.json","_type":"table-file","sha256":"bf1bad6fae2bb7eb4f63c64de5751c6c34c6eab3552119fba968a202bc3e1d7f","log_mode":"IMMUTABLE","ncols":2,"artifact_path":"wandb-client-artifact://m1xhkzakr4ffwbta8l1jgwsvb64grabm2cd9feh88hwkc59gwx0bniklgzpfmd4prx9q0oznrrfrxk4yfm08rorivosa8v0c8r1ew85o9cj8dno0hpxexzxxd3rke7ze/class_samples.table.json","size":741},"grad_neuron_3":0.10261740414612767,"grad_neuron_0":0.12557945448276558}