{"test_accuracy":0.9712,"grad_norm_layer1":1.657831033638445,"grad_neuron_2":1.3584507447453488e-06,"grad_neuron_0":5.639362665379487e-05,"epoch":5,"class_samples":{"sha256":"bf1bad6fae2bb7eb4f63c64de5751c6c34c6eab3552119fba968a202bc3e1d7f","nrows":50,"size":741,"path":"media/table/class_samples_0_bf1bad6fae2bb7eb4f63.table.json","_latest_artifact_path":"wandb-client-artifact://o15wqedguq7l500n24dh0kg4z3yyai4u4go6alc4p845avssqenfzaougcn1853vqnrw42wx0ocjrfqb3e9rer3zcqv1a7o9hm48y6u44xmouzosfesm2drz0x0lxg6c:latest/class_samples.table.json","_type":"table-file","artifact_path":"wandb-client-artifact://8it5cqzwbgvfro3cgkdn0pvspknktq4t9g6sqrvktv3b8ma2qd7navy1n86rn3kaicd0h84bt03xdhvqnnuuy1yw7gbulni455p0ktaw9lifw61l95tissw7l96eqm6s/class_samples.table.json","ncols":2,"log_mode":"IMMUTABLE"},"grad_neuron_4":0.03096058041393596,"_step":6,"_wandb":{"runtime":63},"activation_hist_layer1":{"bins":[0,0.11523733254139325,0.2304746650827865,0.34571199762417976,0.460949330165573,0.5761866627069663,0.6914239952483595,0.8066613277897527,0.921898660331146,1.0371359928725392,1.1523733254139326,1.2676106579553257,1.382847990496719,1.4980853230381121,1.6133226555795055,1.7285599881208986,1.843797320662292,1.9590346532036853,2.0742719857450784,2.1895093182864716,2.304746650827865,2.4199839833692582,2.5352213159106514,2.6504586484520445,2.765695980993438,2.880933313534831,2.9961706460762243,3.111407978617618,3.226645311159011,3.341882643700404,3.4571199762417972,3.572357308783191,3.687594641324584,3.802831973865977,3.9180693064073706,4.033306638948764,4.148543971490157,4.26378130403155,4.379018636572943,4.494255969114336,4.60949330165573,4.724730634197123,4.8399679667385165,4.95520529927991,5.070442631821303,5.185679964362696,5.300917296904089,5.416154629445483,5.531391961986876,5.646629294528269,5.761866627069662,5.8771039596110555,5.992341292152449,6.107578624693842,6.222815957235236,6.338053289776629,6.453290622318022,6.568527954859415,6.683765287400808,6.799002619942201,6.9142399524835945,7.0294772850249885,7.144714617566382,7.259951950107775,7.375189282649168],"_type":"histogram","values":[795338,48422,45257,41882,38515,35630,32472,29442,26337,24020,21307,19086,16937,14930,13225,11647,9861,8599,7321,6311,5305,4555,3845,3295,2732,2295,1939,1542,1355,1165,952,746,616,568,431,366,295,252,207,165,156,121,80,88,63,52,38,38,40,34,28,24,11,16,12,12,8,6,2,3,0,1,0,2]},"train_accuracy":0.983,"_runtime":63,"test_f1":0.9710218216934654,"grad_neuron_1":0.0003241977398545153,"train_loss":0.056451741939581745,"_timestamp":1.7729847549097898e+09,"grad_neuron_3":0.12586468343841106}