{"test_accuracy":0.8709,"epoch":5,"_runtime":30,"class_samples":{"log_mode":"IMMUTABLE","_type":"table-file","nrows":50,"artifact_path":"wandb-client-artifact://jb3ia25dvgf0rr55thd36t51q616tw29lte3odxz812yrhr52gnn0ridozgrfltdesd9dvxnyqlz43zobr1ptyhtsfv3s6dceb8ivclshy3py4s25n5jcvk8cmnfctco/class_samples.table.json","size":741,"ncols":2,"sha256":"bf1bad6fae2bb7eb4f63c64de5751c6c34c6eab3552119fba968a202bc3e1d7f","path":"media/table/class_samples_0_bf1bad6fae2bb7eb4f63.table.json","_latest_artifact_path":"wandb-client-artifact://15rzro4jstqmh7f0esv9nifuejmvv00k130dqkshs2cx7o7jmf3l1iv48c5x3lemqgx9c6j77j3kxlgu9vz1zy24mfmudhfne50kpkr5f6pbyhdyv36p5uux47beqzsl:latest/class_samples.table.json"},"grad_neuron_4":0.09989919399061795,"grad_neuron_3":0.0751121700319151,"grad_neuron_1":0.07291017974219109,"grad_norm_layer1":1.2276629900014955,"grad_neuron_0":0.0509576072466533,"_step":6,"train_accuracy":0.8712,"_wandb":{"runtime":30},"_timestamp":1.7729843850578368e+09,"train_loss":0.5161503282313271,"grad_neuron_2":0.11001433788024992,"test_f1":0.8688130798368476,"activation_hist_layer1":{"values":[103,632,1528,2620,4007,5471,7048,8570,10455,12194,13464,15341,16755,18236,19754,21214,22418,23967,24989,26094,27073,27881,28822,29495,30362,30799,31503,31634,32512,33100,33111,33079,33462,33110,33373,33112,32688,32455,32384,31893,31193,30426,29324,29197,27955,26629,25167,24290,22377,21403,19790,18165,16362,14545,13001,11091,9252,7447,5866,4274,2777,1718,818,225],"bins":[-0.9895592879430773,-0.9585913634325665,-0.9276234389220556,-0.8966555144115447,-0.8656875899010337,-0.8347196653905229,-0.8037517408800119,-0.772783816369501,-0.7418158918589901,-0.7108479673484792,-0.6798800428379683,-0.6489121183274573,-0.6179441938169465,-0.5869762693064355,-0.5560083447959246,-0.5250404202854138,-0.49407249577490286,-0.463104571264392,-0.4321366467538811,-0.4011687222433702,-0.3702007977328593,-0.3392328732223483,-0.3082649487118374,-0.2772970242013265,-0.24632909969081562,-0.21536117518030473,-0.18439325066979384,-0.15342532615928295,-0.12245740164877195,-0.09148947713826105,-0.060521552627750164,-0.029553628117239272,0.001414296393271619,0.03238222090378262,0.0633501454142934,0.0943180699248044,0.12528599443531518,0.1562539189458262,0.18722184345633697,0.21818976796684797,0.24915769247735875,0.28012561698786975,0.31109354149838075,0.34206146600889153,0.37302939051940254,0.4039973150299133,0.4349652395404243,0.4659331640509351,0.4969010885614461,0.5278690130719571,0.5588369375824679,0.5898048620929789,0.6207727866034897,0.6517407111140007,0.6827086356245115,0.7136765601350225,0.7446444846455335,0.7756124091560442,0.8065803336665552,0.837548258177066,0.868516182687577,0.8994841071980878,0.9304520317085988,0.9614199562191096,0.9923878807296205],"_type":"histogram"}}