{"test_accuracy":0.8975,"class_samples":{"artifact_path":"wandb-client-artifact://12b4pzh9z5epwk6nl9gmmkeiurfvggm03chd6tjn1w6uyi4i8xudpp6zbyuim5fjdk9pik1zehcpfjbc64s2z92oi6rwalq2a9lyglbbw5z26j161dnvhybkxm0wllto/class_samples.table.json","nrows":50,"_type":"table-file","_latest_artifact_path":"wandb-client-artifact://luuwdc4ncwj2fgvs7fhslots3ab7ipg1he6a7ikvd88ect3v73vuh9a55ndc3ejxjul117qiamjot6fiw7jvcmp463e36bwp3ss4m76cfquil7vvx5ahualncar66vxf:latest/class_samples.table.json","ncols":2,"sha256":"bf1bad6fae2bb7eb4f63c64de5751c6c34c6eab3552119fba968a202bc3e1d7f","log_mode":"IMMUTABLE","path":"media/table/class_samples_0_bf1bad6fae2bb7eb4f63.table.json","size":741},"grad_neuron_0":0.10668290420898101,"_timestamp":1.772897455847133e+09,"_runtime":46,"grad_neuron_4":0.12724892972530713,"grad_norm_layer1":1.6062282754495516,"test_f1":0.8961075974814623,"epoch":10,"_wandb":{"runtime":46},"grad_neuron_2":0.16407471426138076,"_step":56292,"grad_neuron_3":0.06316653681883747,"train_loss":0.36396865535132217,"train_accuracy":0.9000833333333333,"activation_hist_layer1":{"values":[4121,204,222,196,194,181,198,190,173,168,163,155,164,141,153,106,137,95,110,120,100,103,90,64,59,63,49,55,43,42,34,37,32,25,30,22,16,23,12,12,13,11,5,5,7,5,9,3,4,5,4,3,2,2,3,1,0,0,0,2,1,2,2,1],"bins":[0,0.02602835679300811,0.05205671358601622,0.07808507037902433,0.10411342717203244,0.13014178396504056,0.15617014075804866,0.18219849755105677,0.20822685434406488,0.23425521113707298,0.2602835679300811,0.2863119247230892,0.31234028151609733,0.3383686383091054,0.36439699510211354,0.3904253518951216,0.41645370868812975,0.4424820654811379,0.46851042227414597,0.4945387790671541,0.5205671358601622,0.5465954926531703,0.5726238494461784,0.5986522062391865,0.6246805630321947,0.6507089198252027,0.6767372766182108,0.702765633411219,0.7287939902042271,0.7548223469972352,0.7808507037902432,0.8068790605832514,0.8329074173762595,0.8589357741692676,0.8849641309622758,0.9109924877552839,0.9370208445482919,0.9630492013413,0.9890775581343082,1.0151059149273163,1.0411342717203245,1.0671626285133324,1.0931909853063406,1.1192193420993488,1.1452476988923568,1.171276055685365,1.197304412478373,1.2233327692713811,1.2493611260643893,1.2753894828573973,1.3014178396504055,1.3274461964434137,1.3534745532364216,1.3795029100294298,1.405531266822438,1.431559623615446,1.4575879804084542,1.4836163372014624,1.5096446939944703,1.5356730507874785,1.5617014075804865,1.5877297643734947,1.6137581211665029,1.6397864779595108,1.665814834752519],"_type":"histogram"},"grad_neuron_1":0.07519255782722371}