{"test_accuracy":0.9212,"_runtime":42,"grad_neuron_1":0.08423013301006887,"activation_hist_layer1":{"_type":"histogram","values":[2,1,1,9,3,4,9,11,14,8,20,32,26,30,42,48,44,80,107,133,138,167,190,203,215,239,260,323,351,348,399,390,403,383,393,384,354,322,330,263,242,224,209,165,143,126,98,70,58,54,41,23,16,19,10,5,5,3,0,1,0,0,0,1],"bins":[0.10682120950958295,0.11907498789971993,0.13132876628985693,0.14358254467999393,0.1558363230701309,0.1680901014602679,0.1803438798504049,0.19259765824054187,0.2048514366306789,0.21710521502081587,0.22935899341095287,0.24161277180108987,0.25386655019122684,0.26612032858136386,0.27837410697150083,0.2906278853616378,0.30288166375177483,0.3151354421419118,0.32738922053204883,0.3396429989221858,0.3518967773123228,0.3641505557024598,0.37640433409259677,0.3886581124827338,0.40091189087287077,0.41316566926300774,0.42541944765314477,0.43767322604328174,0.4499270044334187,0.46218078282355574,0.4744345612136927,0.48668833960382973,0.4989421179939667,0.5111958963841037,0.5234496747742406,0.5357034531643776,0.5479572315545147,0.5602110099446517,0.5724647883347886,0.5847185667249256,0.5969723451150626,0.6092261235051997,0.6214799018953366,0.6337336802854736,0.6459874586756106,0.6582412370657476,0.6704950154558846,0.6827487938460216,0.6950025722361586,0.7072563506262955,0.7195101290164325,0.7317639074065696,0.7440176857967066,0.7562714641868435,0.7685252425769805,0.7807790209671175,0.7930327993572545,0.8052865777473915,0.8175403561375285,0.8297941345276655,0.8420479129178025,0.8543016913079394,0.8665554696980765,0.8788092480882135,0.8910630264783505]},"grad_norm_layer1":0.7830503651257396,"grad_neuron_4":0.03671206949666707,"epoch":10,"test_f1":0.9203034071361309,"_wandb":{"runtime":42},"train_accuracy":0.9237166666666666,"train_loss":0.01190649176942371,"_timestamp":1.7729000623807304e+09,"grad_neuron_0":0.06326091294502291,"grad_neuron_3":0.05613609441439952,"class_samples":{"log_mode":"IMMUTABLE","path":"media/table/class_samples_0_bf1bad6fae2bb7eb4f63.table.json","artifact_path":"wandb-client-artifact://0pd4qt99axjumm20ykoslvimmdnu9tpbmlfjky72asacgvpuod5xplftlranz9s6cfxe9rrq327d7bgp3grvjegfz2vz98bkawwzrvx3jdhjwuc9j76gj752p1yip4ko/class_samples.table.json","sha256":"bf1bad6fae2bb7eb4f63c64de5751c6c34c6eab3552119fba968a202bc3e1d7f","ncols":2,"size":741,"_latest_artifact_path":"wandb-client-artifact://86f29i8vhlsrd0sf8ayagw6d9xqadna487ada39lmnytpyp50sntr7f5uh3xbm31s0ma694vyzey0zestfn4514f38jllxru5wgwcquku44zvbvp22asx9b0722hhmi7:latest/class_samples.table.json","_type":"table-file","nrows":50},"grad_neuron_2":0.060417076301113905,"_step":56292}