{"grad_neuron_2":0.005352777090170829,"grad_norm_layer1":0.03820587725818615,"train_loss":2.298020847354998,"_wandb":{"runtime":27},"epoch":5,"activation_hist_layer1":{"_type":"histogram","values":[2,4,6,22,47,85,170,260,436,688,1003,1455,1992,2570,3395,4391,5664,6827,8272,10014,11881,13976,16159,18475,20744,22858,24947,26745,28495,29277,30003,30663,30881,29782,29174,27945,26062,24753,22374,20455,18196,16070,13580,11821,10205,8223,6883,5735,4492,3458,2705,1950,1360,924,609,387,206,125,71,30,11,4,1,2],"bins":[0.08037595193388873,0.09347096925840877,0.10656598658292879,0.11966100390744883,0.13275602123196886,0.1458510385564889,0.1589460558810089,0.17204107320552894,0.18513609053004898,0.19823110785456902,0.21132612517908905,0.22442114250360906,0.23751615982812913,0.25061117715264913,0.26370619447716914,0.2768012118016892,0.2898962291262092,0.3029912464507293,0.3160862637752493,0.3291812810997693,0.34227629842428936,0.3553713157488094,0.36846633307332943,0.38156135039784944,0.3946563677223695,0.4077513850468895,0.4208464023714096,0.4339414196959296,0.4470364370204496,0.46013145434496966,0.47322647166948967,0.48632148899400973,0.49941650631852974,0.5125115236430497,0.5256065409675698,0.5387015582920898,0.5517965756166099,0.5648915929411299,0.5779866102656499,0.5910816275901699,0.6041766449146899,0.6172716622392099,0.63036667956373,0.6434616968882501,0.6565567142127701,0.6696517315372901,0.6827467488618101,0.6958417661863302,0.7089367835108502,0.7220318008353702,0.7351268181598902,0.7482218354844102,0.7613168528089304,0.7744118701334504,0.7875068874579704,0.8006019047824904,0.8136969221070104,0.8267919394315305,0.8398869567560505,0.8529819740805705,0.8660769914050905,0.8791720087296105,0.8922670260541307,0.9053620433786507,0.9184570607031707]},"test_accuracy":0.1152,"_runtime":27,"test_f1":0.02065997130559541,"grad_neuron_4":0.0028900902889827996,"_step":6,"grad_neuron_1":0.0038861388760798926,"class_samples":{"path":"media/table/class_samples_0_bf1bad6fae2bb7eb4f63.table.json","size":741,"nrows":50,"artifact_path":"wandb-client-artifact://axlmfq7koqvgdx0c5y0m8al71tdy5ch4zacwahv9yr497h5ax6szifvmewrs3w1jacwc33ahvzhg5fm29y2oi2stxprwzy2uso09lzw4qlg19zbdrq7t7np5th4h43o2/class_samples.table.json","_latest_artifact_path":"wandb-client-artifact://3dq4miz3djyzvyap23zhudzy31cfyzn2800yn96c08lhoi7sv8xlbf5qjecsq4mhpwm7706crt1clfnfx21yy83ollwgsovqgl7f4z5e40c2lokqdzcay8lvfkkeujkc:latest/class_samples.table.json","log_mode":"IMMUTABLE","_type":"table-file","sha256":"bf1bad6fae2bb7eb4f63c64de5751c6c34c6eab3552119fba968a202bc3e1d7f","ncols":2},"_timestamp":1.7729842432945788e+09,"train_accuracy":0.1058,"grad_neuron_3":0.0036046695455776677,"grad_neuron_0":0.00340170832920835}