{"train_loss":0.39621852605293223,"epoch":10,"train_accuracy":0.8930833333333333,"_runtime":47,"activation_hist_layer1":{"_type":"histogram","values":[4394,319,284,253,263,267,244,226,232,133,203,191,137,146,103,94,91,88,61,52,63,44,40,31,28,28,31,21,15,20,8,10,10,12,10,6,5,4,7,4,2,0,3,1,1,0,2,0,1,1,0,1,0,0,1,0,0,0,0,0,0,0,0,1],"bins":[0,0.03976838120878959,0.07953676241757918,0.11930514362636876,0.15907352483515835,0.19884190604394794,0.23861028725273753,0.27837866846152715,0.3181470496703167,0.35791543087910627,0.3976838120878959,0.4374521932966855,0.47722057450547506,0.5169889557142646,0.5567573369230543,0.5965257181318439,0.6362940993406334,0.676062480549423,0.7158308617582125,0.7555992429670022,0.7953676241757918,0.8351360053845813,0.874904386593371,0.9146727678021606,0.9544411490109501,0.9942095302197397,1.0339779114285292,1.073746292637319,1.1135146738461086,1.153283055054898,1.1930514362636877,1.2328198174724772,1.2725881986812668,1.3123565798900565,1.352124961098846,1.3918933423076356,1.431661723516425,1.4714301047252147,1.5111984859340044,1.5509668671427939,1.5907352483515835,1.6305036295603732,1.6702720107691627,1.7100403919779523,1.749808773186742,1.7895771543955314,1.8293455356043211,1.8691139168131106,1.9088822980219002,1.94865067923069,1.9884190604394794,2.028187441648269,2.0679558228570585,2.1077242040658484,2.147492585274638,2.1872609664834273,2.227029347692217,2.2667977289010066,2.306566110109796,2.3463344913185855,2.3861028725273754,2.425871253736165,2.4656396349449543,2.505408016153744,2.5451763973625336]},"_wandb":{"runtime":47},"test_accuracy":0.8913,"grad_neuron_2":0.07983086380650765,"_step":56292,"grad_neuron_1":0.09382353210255642,"class_samples":{"size":741,"sha256":"bf1bad6fae2bb7eb4f63c64de5751c6c34c6eab3552119fba968a202bc3e1d7f","path":"media/table/class_samples_0_bf1bad6fae2bb7eb4f63.table.json","_type":"table-file","nrows":50,"log_mode":"IMMUTABLE","artifact_path":"wandb-client-artifact://7kvtcignog14zlex17km0xmmxp8zmrucfeymvvfq82tf85w2z468i3elti8ztm3re7l811olyc5c5y8jm1pxo6cu6200bsuqf5v60of593dxh3cnf87noxnhmjye9rfc/class_samples.table.json","_latest_artifact_path":"wandb-client-artifact://li1jiciqf49no656tx0bprj67d5ztcjnegfigyddisy7l5e14vkl8jqlbbsxo5vtj6yrye0eujtbwk96vwvi3ip0hl89az27i2tq9bzebuj41ki6dqiffwqc3jadapwi:latest/class_samples.table.json","ncols":2},"grad_neuron_0":0.06852481497714871,"_timestamp":1.7728965353558078e+09,"test_f1":0.8899411486734055,"grad_norm_layer1":0.8843075621838185,"grad_neuron_3":0.032722035466891744,"grad_neuron_4":0.15468828615427638}