{"grad_neuron_1":0.1533485194858015,"activation_hist_layer1":{"values":[464815,75736,74672,71149,67333,63172,57863,53762,48966,43890,38524,33579,29213,25259,21431,18182,15501,12755,10831,9047,7520,6271,5176,4413,3579,3008,2406,2072,1746,1415,1056,928,723,653,589,463,385,318,263,241,194,158,144,112,103,94,69,38,47,35,25,17,17,12,9,4,7,4,1,2,1,1,0,1],"bins":[0,0.10142868912294871,0.20285737824589742,0.3042860673688461,0.40571475649179484,0.5071434456147436,0.6085721347376922,0.710000823860641,0.8114295129835897,0.9128582021065383,1.0142868912294871,1.115715580352436,1.2171442694753845,1.3185729585983332,1.420001647721282,1.5214303368442306,1.6228590259671793,1.7242877150901281,1.8257164042130767,1.9271450933360255,2.0285737824589742,2.130002471581923,2.231431160704872,2.33285984982782,2.434288538950769,2.5357172280737177,2.6371459171966665,2.7385746063196152,2.840003295442564,2.9414319845655124,3.042860673688461,3.14428936281141,3.2457180519343587,3.3471467410573075,3.4485754301802563,3.550004119303205,3.6514328084261534,3.752861497549102,3.854290186672051,3.9557188757949997,4.0571475649179485,4.158576254040897,4.260004943163846,4.361433632286794,4.462862321409744,4.564291010532692,4.66571969965564,4.7671483887785895,4.868577077901538,4.970005767024487,5.071434456147435,5.172863145270385,5.274291834393333,5.375720523516281,5.4771492126392305,5.578577901762179,5.680006590885128,5.781435280008076,5.882863969131025,5.984292658253974,6.085721347376922,6.1871500364998715,6.28857872562282,6.390007414745769,6.491436103868717],"_type":"histogram"},"test_accuracy":0.8802,"epoch":5,"grad_neuron_2":0.14093047971439293,"_timestamp":1.7729847948221662e+09,"_runtime":29,"train_loss":0.4331973301728244,"grad_neuron_3":0,"_wandb":{"runtime":29},"_step":6,"grad_norm_layer1":1.1888330068700215,"class_samples":{"log_mode":"IMMUTABLE","_type":"table-file","nrows":50,"path":"media/table/class_samples_0_bf1bad6fae2bb7eb4f63.table.json","artifact_path":"wandb-client-artifact://wforvr4n1luxq8se69egmv8dbgs9rp2fvlnn5p6nqj0r88sr3y5d5601asskztk97o14y36647y5sjuahwqgy0l0kixmg47jvgw6rsl3s72p5mm09s4lztf3bu4l3u0i/class_samples.table.json","sha256":"bf1bad6fae2bb7eb4f63c64de5751c6c34c6eab3552119fba968a202bc3e1d7f","ncols":2,"_latest_artifact_path":"wandb-client-artifact://azs0cplsenj9meq1rt4wt8duk0xqupbs6tts8fkgrccur2svhggi85qh8gh74oruby5h4rtu3juz8w11vs23opbvm9275retua2kaw24ilb4xoe7apoggdo4kxicna52:latest/class_samples.table.json","size":741},"grad_neuron_4":0.12874992420792503,"train_accuracy":0.8844,"test_f1":0.8779450526915731,"grad_neuron_0":0.130836921917303}