{"test_accuracy":0.7838,"epoch":10,"_runtime":36,"test_f1":0.7692811552684227,"class_samples":{"_latest_artifact_path":"wandb-client-artifact://qk5i33finjct2ixpoga5bqm0tzhc38gkqvzt2pc5ahgbvl43ocoua20mll28kaicgv78h8lgs3dxc8jigyr5x835nydwlcuqxn87a37lu1ng881dwkvbja8hb6yjjsv2:latest/class_samples.table.json","sha256":"bf1bad6fae2bb7eb4f63c64de5751c6c34c6eab3552119fba968a202bc3e1d7f","nrows":50,"_type":"table-file","size":741,"path":"media/table/class_samples_0_bf1bad6fae2bb7eb4f63.table.json","ncols":2,"log_mode":"IMMUTABLE","artifact_path":"wandb-client-artifact://go9d3fw0m242zoqvg9f4xsiqrpb35m8k10wf99o9564wl26moy5i4nyj1ekpbb5t2jf6g6oymdbmx1s6ijooc0n6hj8xm911m48fce5n4aod75a3wubylpw2pqluct2m/class_samples.table.json"},"activation_hist_layer1":{"bins":[0.13388803662313428,0.14548852735562579,0.15708901808811732,0.16868950882060882,0.18028999955310032,0.19189049028559185,0.20349098101808336,0.21509147175057486,0.2266919624830664,0.23829245321555792,0.24989294394804942,0.2614934346805409,0.27309392541303246,0.28469441614552393,0.29629490687801546,0.307895397610507,0.31949588834299847,0.33109637907549,0.34269686980798153,0.354297360540473,0.3658978512729646,0.37749834200545607,0.38909883273794754,0.40069932347043913,0.4122998142029306,0.4239003049354221,0.43550079566791366,0.44710128640040514,0.4587017771328966,0.4703022678653882,0.4819027585978797,0.49350324933037115,0.5051037400628627,0.5167042307953542,0.5283047215278457,0.5399052122603373,0.5515057029928288,0.5631061937253202,0.5747066844578118,0.5863071751903033,0.5979076659227949,0.6095081566552863,0.6211086473877778,0.6327091381202694,0.6443096288527609,0.6559101195852524,0.667510610317744,0.6791111010502354,0.6907115917827269,0.7023120825152185,0.71391257324771,0.7255130639802015,0.737113554712693,0.7487140454451845,0.7603145361776761,0.7719150269101676,0.783515517642659,0.7951160083751506,0.8067164991076421,0.8183169898401336,0.8299174805726252,0.8415179713051166,0.8531184620376081,0.8647189527700997,0.8763194435025912],"_type":"histogram","values":[1,0,2,2,1,3,3,2,6,12,16,22,18,29,39,43,50,58,76,92,75,85,102,117,147,110,119,145,156,162,142,160,149,170,170,177,159,137,134,108,122,122,95,87,81,65,58,39,41,39,34,29,16,13,18,11,5,3,3,5,2,2,3,4]},"grad_neuron_1":0.09352499732648757,"train_loss":1.222839276421022,"_timestamp":1.7729025396358926e+09,"train_accuracy":0.78525,"grad_norm_layer1":0.5041442496351181,"grad_neuron_4":0.06427164957306533,"grad_neuron_2":0.04935668874654798,"grad_neuron_0":0.06269398110008581,"_step":56292,"_wandb":{"runtime":36},"grad_neuron_3":0.06299837222021304}