{"_wandb":{"runtime":26},"grad_neuron_1":0.004083503534089105,"_runtime":26,"grad_neuron_2":0.062074172621848285,"grad_neuron_3":0.052940932252530125,"activation_hist_layer1":{"bins":[0,0.05986720072354108,0.11973440144708215,0.17960160217062324,0.2394688028941643,0.2993360036177054,0.3592032043412465,0.41907040506478754,0.4789376057883286,0.5388048065118697,0.5986720072354108,0.6585392079589518,0.718406408682493,0.778273609406034,0.8381408101295751,0.8980080108531161,0.9578752115766572,1.0177424123001984,1.0776096130237394,1.1374768137472804,1.1973440144708216,1.2572112151943626,1.3170784159179036,1.3769456166414447,1.436812817364986,1.496680018088527,1.556547218812068,1.6164144195356092,1.6762816202591502,1.7361488209826912,1.7960160217062322,1.8558832224297734,1.9157504231533145,1.9756176238768555,2.0354848246003967,2.0953520253239377,2.1552192260474787,2.2150864267710197,2.2749536274945608,2.3348208282181018,2.3946880289416432,2.4545552296651842,2.5144224303887253,2.5742896311122663,2.6341568318358073,2.6940240325593483,2.7538912332828893,2.8137584340064308,2.873625634729972,2.933492835453513,2.993360036177054,3.053227236900595,3.113094437624136,3.172961638347677,3.2328288390712183,3.2926960397947593,3.3525632405183003,3.4124304412418414,3.4722976419653824,3.5321648426889234,3.5920320434124644,3.651899244136006,3.711766444859547,3.771633645583088,3.831500846306629],"_type":"histogram","values":[483647,52303,52514,51378,50461,49187,47131,45464,43138,40977,39022,36218,33178,30529,28036,25523,22676,20435,18154,15959,13957,12231,10445,9207,7589,6518,5531,4693,3947,3379,2866,2295,2030,1651,1446,1200,960,817,667,571,418,352,312,225,197,138,127,80,51,50,31,22,15,14,10,2,7,6,5,3,4,0,0,1]},"_timestamp":1.7729833750879276e+09,"class_samples":{"ncols":2,"path":"media/table/class_samples_0_bf1bad6fae2bb7eb4f63.table.json","artifact_path":"wandb-client-artifact://vj7yszrbqu73alc0kgkk5n7qfmj82q3ejdhwan6kv6zwjv5kfk1ctry8qag0h1xcdcz830l40oefvb4q62tegsg28aownkqxn8bq3dxzdnghdkixih0wuwvr6mpgik7j/class_samples.table.json","nrows":50,"sha256":"bf1bad6fae2bb7eb4f63c64de5751c6c34c6eab3552119fba968a202bc3e1d7f","_type":"table-file","_latest_artifact_path":"wandb-client-artifact://ud8auf5h592st47cc1x1on9zhdhor7dwahlra5vp4z05i8fltske7ahw09bghz801acww75f5fvya2srrrojbqb20fvpj3iq7n0n0u48c4izuqvhzk7a5gd52kjwmchq:latest/class_samples.table.json","log_mode":"IMMUTABLE","size":741},"grad_norm_layer1":0.7301665356816972,"test_accuracy":0.8204,"grad_neuron_4":0.026660916891646885,"train_accuracy":0.818,"train_loss":0.37859694784784825,"epoch":5,"_step":6,"test_f1":0.8149331074985376,"grad_neuron_0":0.09759411980632163}