{"grad_neuron_2":0.03561389704943728,"epoch":10,"test_f1":0.9597225955627179,"grad_neuron_0":0.03487591048145395,"_wandb":{"runtime":52},"activation_hist_layer1":{"bins":[-0.945939108669852,-0.9165069087784932,-0.8870747088871342,-0.8576425089957754,-0.8282103091044165,-0.7987781092130577,-0.7693459093216988,-0.73991370943034,-0.7104815095389811,-0.6810493096476222,-0.6516171097562634,-0.6221849098649046,-0.5927527099735457,-0.5633205100821868,-0.533888310190828,-0.5044561102994691,-0.47502391040811026,-0.4455917105167514,-0.4161595106253926,-0.38672731073403366,-0.35729511084267485,-0.3278629109513159,-0.2984307110599571,-0.2689985111685983,-0.23956631127723937,-0.21013411138588056,-0.18070191149452164,-0.15126971160316283,-0.12183751171180401,-0.09240531182044509,-0.06297311192908628,-0.033540912037727355,-0.004108712146368543,0.02532348774499027,0.05475568763634919,0.08418788752770812,0.11362008741906682,0.14305228731042574,0.17248448720178466,0.20191668709314337,0.2313488869845023,0.2607810868758612,0.29021328676722014,0.31964548665857884,0.34907768654993776,0.3785098864412967,0.4079420863326554,0.4373742862240143,0.46680648611537323,0.49623868600673193,0.5256708858980909,0.5551030857894498,0.5845352856808087,0.6139674855721674,0.6433996854635263,0.6728318853548853,0.702264085246244,0.7316962851376029,0.7611284850289618,0.7905606849203205,0.8199928848116794,0.8494250847030383,0.8788572845943973,0.908289484485756,0.9377216843771149],"_type":"histogram","values":[5,8,13,15,29,39,41,50,60,77,89,97,104,128,111,153,155,150,159,197,165,197,204,209,243,225,210,244,205,249,240,217,226,210,232,221,211,212,201,198,195,192,179,203,142,154,133,122,121,107,83,88,90,79,58,61,44,43,30,28,17,15,5,4]},"_step":56292,"grad_neuron_4":0.04948926055665828,"_timestamp":1.7728999601225255e+09,"_runtime":52,"grad_neuron_3":0.06403953328242502,"test_accuracy":0.96,"class_samples":{"artifact_path":"wandb-client-artifact://30xwxjmt7fwyv57aenz1z9en1jjtgcddpok74ao3dy6r4eg1bitrjkp6dge82jaw5lz1qfmh15g7rzyogvz1txym6v5fx2b766xswfigrrl7fabvhex6dxn7g5ymabio/class_samples.table.json","log_mode":"IMMUTABLE","_type":"table-file","_latest_artifact_path":"wandb-client-artifact://z98owt53zaw2nu0xvridev6hpw7ixua91arnpy87wvboh0yxqfybo11o6f4452ujg9yuf6wdbzjifn2mzxcxfwmh6zpahjh85hnyrjf6xboko3scjq6aeenb6pjdk6g8:latest/class_samples.table.json","size":741,"sha256":"bf1bad6fae2bb7eb4f63c64de5751c6c34c6eab3552119fba968a202bc3e1d7f","path":"media/table/class_samples_0_bf1bad6fae2bb7eb4f63.table.json","ncols":2,"nrows":50},"train_accuracy":0.9709833333333333,"grad_norm_layer1":1.0395676678569246,"grad_neuron_1":0.06425784829082001,"train_loss":0.004976305679193225}