{"train_loss":0.14000044339829693,"class_samples":{"log_mode":"IMMUTABLE","size":741,"ncols":2,"path":"media/table/class_samples_0_bf1bad6fae2bb7eb4f63.table.json","artifact_path":"wandb-client-artifact://30o959ixsccq27u52kr7as1119aw1y4pnxryqvx3uy4qh9ijfpb0at91736dul7x8ri4fyv18s3dm11q6yxcyvkkg6j7eljaebb7wqlvbc24smb41vpj27uekhlm8fhd/class_samples.table.json","nrows":50,"sha256":"bf1bad6fae2bb7eb4f63c64de5751c6c34c6eab3552119fba968a202bc3e1d7f","_type":"table-file","_latest_artifact_path":"wandb-client-artifact://hjwcbksc8os5cs3xl075wuhuh5lq1gh9h25k7bgm0pg1zfzoepb2l64h4gyoo75xk38y8ko4muna8chy67g6amge2mr0ye6djy2730pey02cgjagioetblh325w7hcih:latest/class_samples.table.json"},"grad_neuron_3":0.04216708914981041,"train_accuracy":0.9615666666666667,"test_f1":0.9521373373706442,"_timestamp":1.7728954384109485e+09,"_runtime":68,"epoch":10,"activation_hist_layer1":{"values":[4167,217,208,215,210,175,212,188,194,164,188,173,154,171,128,112,120,105,89,107,95,82,81,65,58,59,60,45,36,30,27,36,27,28,23,21,17,11,12,12,10,9,10,7,7,6,3,2,3,2,0,5,1,0,0,2,0,0,0,0,0,0,1,2],"bins":[0,0.029882149201293454,0.05976429840258691,0.08964644760388037,0.11952859680517382,0.14941074600646728,0.17929289520776073,0.20917504440905418,0.23905719361034763,0.2689393428116411,0.29882149201293456,0.328703641214228,0.35858579041552147,0.3884679396168149,0.41835008881810837,0.4482322380194018,0.47811438722069527,0.5079965364219887,0.5378786856232822,0.5677608348245756,0.5976429840258691,0.6275251332271625,0.657407282428456,0.6872894316297494,0.7171715808310429,0.7470537300323363,0.7769358792336298,0.8068180284349232,0.8367001776362167,0.8665823268375101,0.8964644760388036,0.926346625240097,0.9562287744413905,0.986110923642684,1.0159930728439774,1.045875222045271,1.0757573712465645,1.1056395204478577,1.1355216696491512,1.1654038188504448,1.1952859680517383,1.2251681172530315,1.255050266454325,1.2849324156556186,1.314814564856912,1.3446967140582053,1.3745788632594989,1.4044610124607924,1.4343431616620859,1.4642253108633794,1.4941074600646727,1.5239896092659662,1.5538717584672597,1.5837539076685532,1.6136360568698465,1.64351820607114,1.6734003552724335,1.703282504473727,1.7331646536750203,1.7630468028763138,1.7929289520776073,1.8228111012789008,1.852693250480194,1.8825753996814876,1.912457548882781],"_type":"histogram"},"grad_neuron_0":0.04810869120272013,"test_accuracy":0.9525,"grad_neuron_1":0.0413285531213915,"grad_norm_layer1":1.8375559556490955,"grad_neuron_2":0.11678683596172096,"_wandb":{"runtime":68},"_step":56292,"grad_neuron_4":0.044124512937426176}