{"train_accuracy":0.9386,"grad_neuron_0":0.028565143655973596,"epoch":5,"_step":6,"class_samples":{"ncols":2,"sha256":"bf1bad6fae2bb7eb4f63c64de5751c6c34c6eab3552119fba968a202bc3e1d7f","size":741,"artifact_path":"wandb-client-artifact://8oeu952q7x0vwe5qfsbux6thu10ses8mhcfyocur1hy6zmr4i9jtews2n9n3dhlq5l0xyyu2fxnhy4eq51rvnf426pkz99q5634lefkf7uu6lt5chjtmwqjwexuwopsc/class_samples.table.json","path":"media/table/class_samples_0_bf1bad6fae2bb7eb4f63.table.json","nrows":50,"log_mode":"IMMUTABLE","_type":"table-file","_latest_artifact_path":"wandb-client-artifact://i3127eplsmx0k7lq30u9zpslppjcdugzwt2kepk0rm9cfqvgjw5sylz1qtcme7p4fe8plz1o4sl3ggirqdato1mtzxit33tnjr1kuu953rknaql39j2pt6p73esvl9rb:latest/class_samples.table.json"},"grad_neuron_2":0.007687546373206948,"test_accuracy":0.9315,"test_f1":0.931240852305576,"_wandb":{"runtime":63},"grad_neuron_1":0.025865613329669804,"activation_hist_layer1":{"_type":"histogram","values":[365905,68438,43512,32490,25779,21537,18756,16332,14560,13132,11746,10905,9981,9212,8623,7932,7644,7261,6924,6690,6341,6279,5939,5828,5550,5433,5473,5308,5173,5048,5268,5144,5276,5056,5140,5259,5197,5356,5242,5510,5688,5649,5858,6146,6256,6403,6623,6908,7285,7628,8028,8598,9209,9752,10666,11624,12750,14140,16440,19453,23767,30675,46320,177955],"bins":[9.256699537299648e-14,0.015625000000022184,0.0312499999999518,0.046874999999881414,0.062499999999811026,0.07812499999974064,0.09374999999967026,0.10937499999959988,0.12499999999952949,0.1406249999994591,0.1562499999993887,0.17187499999931832,0.18749999999924796,0.20312499999917757,0.2187499999991072,0.2343749999990368,0.2499999999989664,0.26562499999889605,0.28124999999882566,0.2968749999987553,0.3124999999986849,0.3281249999986145,0.3437499999985441,0.3593749999984737,0.3749999999984034,0.390624999998333,0.4062499999982626,0.4218749999981922,0.43749999999812184,0.45312499999805145,0.46874999999798106,0.48437499999791067,0.4999999999978403,0.5156249999977699,0.5312499999976995,0.5468749999976291,0.5624999999975587,0.5781249999974883,0.593749999997418,0.6093749999973476,0.6249999999972772,0.6406249999972068,0.6562499999971364,0.671874999997066,0.6874999999969956,0.7031249999969252,0.7187499999968548,0.7343749999967845,0.7499999999967142,0.7656249999966438,0.7812499999965734,0.796874999996503,0.8124999999964326,0.8281249999963622,0.8437499999962919,0.8593749999962215,0.8749999999961511,0.8906249999960807,0.9062499999960103,0.9218749999959399,0.9374999999958695,0.9531249999957991,0.9687499999957287,0.9843749999956584,0.999999999995588]},"_runtime":63,"grad_norm_layer1":0.5437438324005451,"_timestamp":1.7729876741893492e+09,"grad_neuron_4":0.03603245335411165,"grad_neuron_3":0.11669565922015654,"train_loss":0.24959267494267373}