{"grad_neuron_0":0.03706292570487101,"class_samples":{"nrows":50,"_type":"table-file","path":"media/table/class_samples_0_bf1bad6fae2bb7eb4f63.table.json","sha256":"bf1bad6fae2bb7eb4f63c64de5751c6c34c6eab3552119fba968a202bc3e1d7f","ncols":2,"_latest_artifact_path":"wandb-client-artifact://ltyu784yztbm2iowhgx3ncck1zecnu4oznjfzbotkclkbwxfd5gphuffqlfapoydue2d0z87t7b1xv69li8tdc5c58b0sb5swwy3w02ghfxu0geky3eucgf22dxjg7v8:latest/class_samples.table.json","log_mode":"IMMUTABLE","size":741,"artifact_path":"wandb-client-artifact://nmfttoe23e5vhzth0yzyc9y5a6rvli8c1u6l6vnucgfynp6tjth5bstuhprgaiua3ye610nmr11ucfj8t6fzhu146fc173akps5bjf0tlnxbxq7z1qdfzm39ipg6gc3t/class_samples.table.json"},"_wandb":{"runtime":24},"_step":6,"grad_neuron_3":0.021863549495126353,"test_accuracy":0.7926,"test_f1":0.7867583836133141,"grad_norm_layer1":0.6090418049507905,"grad_neuron_4":0.06733168140591331,"train_accuracy":0.7832,"_runtime":24,"grad_neuron_1":0,"_timestamp":1.7729834107581394e+09,"activation_hist_layer1":{"_type":"histogram","values":[578969,62980,60856,57130,54408,50710,46819,43292,39563,36049,32091,28964,26399,23178,20544,18086,15889,13694,11794,10092,8664,7430,6108,5073,4122,3533,2785,2265,1776,1461,1118,939,696,548,450,339,251,232,134,107,84,72,64,52,35,40,26,22,13,19,9,5,5,1,7,1,2,2,0,1,0,0,0,2],"bins":[0,0.07034613506781633,0.14069227013563265,0.21103840520344896,0.2813845402712653,0.35173067533908164,0.42207681040689793,0.49242294547471427,0.5627690805425306,0.6331152156103469,0.7034613506781633,0.7738074857459796,0.8441536208137959,0.9144997558816123,0.9848458909494285,1.055192026017245,1.1255381610850612,1.1958842961528775,1.2662304312206938,1.3365765662885103,1.4069227013563266,1.4772688364241429,1.5476149714919591,1.6179611065597754,1.6883072416275917,1.7586533766954082,1.8289995117632245,1.8993456468310408,1.969691781898857,2.0400379169666736,2.11038405203449,2.180730187102306,2.2510763221701224,2.3214224572379387,2.391768592305755,2.4621147273735713,2.5324608624413876,2.602806997509204,2.6731531325770206,2.743499267644837,2.813845402712653,2.8841915377804694,2.9545376728482857,3.024883807916102,3.0952299429839183,3.1655760780517346,3.235922213119551,3.306268348187367,3.3766144832551834,3.446960618323,3.5173067533908164,3.5876528884586327,3.657999023526449,3.7283451585942653,3.7986912936620816,3.869037428729898,3.939383563797714,4.009729698865531,4.080075833933347,4.1504219690011634,4.22076810406898,4.291114239136796,4.361460374204612,4.431806509272429,4.502152644340245]},"grad_neuron_2":0.052197119736211814,"train_loss":0.45169638282740304,"epoch":5}