{"train_accuracy":0.8920666666666667,"grad_neuron_4":0.09161022654253713,"_wandb":{"runtime":36},"_step":56292,"_timestamp":1.7729007351710675e+09,"grad_neuron_0":0.14868733637181858,"test_accuracy":0.8882,"test_f1":0.8863862843957074,"grad_neuron_3":0.14196270219897456,"class_samples":{"_latest_artifact_path":"wandb-client-artifact://1a8ktkfjzzh2pbrqnpllnwdhe2jpgtpj5sh7cvgrnxf68rg7zmca6urnh8gp85q3gje7myksbhkgl24kzeuqzmfi3lyozz6dda5vezx9rhz4d1p52xmiib85xb02tnx3:latest/class_samples.table.json","_type":"table-file","size":741,"sha256":"bf1bad6fae2bb7eb4f63c64de5751c6c34c6eab3552119fba968a202bc3e1d7f","nrows":50,"log_mode":"IMMUTABLE","artifact_path":"wandb-client-artifact://y4mg95chmi7pdko3x9grjme5of7jlli9kp51j8rkgbk366phs6x2rwfdhcmn1zocq8m9w4j94pi10sv0760b9sf0soeyihccbmo1koalyd2y3etlsh04ehbbe6qhd5af/class_samples.table.json","path":"media/table/class_samples_0_bf1bad6fae2bb7eb4f63.table.json","ncols":2},"activation_hist_layer1":{"bins":[-0.9379721181735999,-0.9081265880427399,-0.87828105791188,-0.84843552778102,-0.8185899976501602,-0.7887444675193002,-0.7588989373884403,-0.7290534072575803,-0.6992078771267203,-0.6693623469958604,-0.6395168168650005,-0.6096712867341405,-0.5798257566032805,-0.5499802264724205,-0.5201346963415606,-0.4902891662107007,-0.46044363607984073,-0.43059810594898074,-0.40075257581812085,-0.37090704568726085,-0.34106151555640096,-0.31121598542554096,-0.2813704552946811,-0.2515249251638211,-0.22167939503296108,-0.1918338649021012,-0.1619883347712412,-0.1321428046403813,-0.10229727450952131,-0.07245174437866142,-0.04260621424780142,-0.012760684116941534,0.017084846013918464,0.04693037614477846,0.07677590627563846,0.10662143640649824,0.13646696653735824,0.16631249666821823,0.19615802679907823,0.226003556929938,0.255849087060798,0.285694617191658,0.315540147322518,0.345385677453378,0.3752312075842378,0.4050767377150978,0.4349222678459578,0.4647677979768178,0.4946133281076778,0.5244588582385376,0.5543043883693975,0.5841499185002575,0.6139954486311175,0.6438409787619773,0.6736865088928373,0.7035320390236973,0.7333775691545573,0.7632230992854173,0.7930686294162771,0.8229141595471371,0.8527596896779971,0.8826052198088571,0.9124507499397169,0.9422962800705769,0.9721418102014369],"_type":"histogram","values":[3,2,11,10,18,20,27,32,33,25,38,51,52,54,78,77,87,75,97,89,98,81,98,90,109,110,99,105,108,122,119,109,101,127,104,103,132,104,96,99,105,88,83,78,87,87,66,72,57,59,54,54,45,34,30,24,18,10,7,16,10,8,7,4]},"_runtime":36,"epoch":10,"train_loss":0.41566473227064643,"grad_neuron_1":0.23206880296390697,"grad_neuron_2":0.1553351211749069,"grad_norm_layer1":1.10608122011289}