{"epoch":10,"_step":56292,"train_loss":0.210948976319513,"activation_hist_layer1":{"_type":"histogram","values":[1,1,3,6,7,5,19,17,15,34,28,31,37,53,77,92,94,113,132,152,163,172,199,246,244,253,270,270,300,320,348,309,339,303,312,313,313,251,244,252,249,211,191,187,155,149,128,115,94,94,69,52,34,28,28,14,20,17,8,4,4,2,0,1],"bins":[0.16291755078530473,0.1733153808674195,0.18371321094953424,0.194111041031649,0.20450887111376376,0.2149067011958785,0.22530453127799327,0.23570236136010803,0.24610019144222278,0.25649802152433754,0.2668958516064523,0.27729368168856705,0.2876915117706818,0.29808934185279656,0.3084871719349113,0.3188850020170261,0.32928283209914083,0.3396806621812556,0.35007849226337034,0.3604763223454851,0.37087415242759986,0.3812719825097146,0.39166981259182937,0.4020676426739441,0.4124654727560589,0.42286330283817364,0.4332611329202884,0.44365896300240315,0.4540567930845179,0.46445462316663266,0.4748524532487474,0.4852502833308622,0.49564811341297693,0.5060459434950917,0.5164437735772065,0.5268416036593212,0.5372394337414359,0.5476372638235507,0.5580350939056655,0.5684329239877802,0.5788307540698949,0.5892285841520097,0.5996264142341245,0.6100242443162393,0.620422074398354,0.6308199044804688,0.6412177345625836,0.6516155646446983,0.662013394726813,0.6724112248089278,0.6828090548910426,0.6932068849731572,0.703604715055272,0.7140025451373868,0.7244003752195016,0.7347982053016162,0.745196035383731,0.7555938654658458,0.7659916955479606,0.7763895256300752,0.78678735571219,0.7971851857943049,0.8075830158764197,0.8179808459585343,0.8283786760406491]},"grad_neuron_2":0.012841298075786465,"grad_neuron_1":0.020856662660721934,"test_f1":0.934828411908366,"grad_neuron_3":0.07842384035593125,"_runtime":53,"grad_neuron_0":0.010060677048528888,"test_accuracy":0.9356,"grad_norm_layer1":0.28668483959277696,"train_accuracy":0.94025,"_timestamp":1.7728983112938676e+09,"_wandb":{"runtime":53},"grad_neuron_4":0.004760751195354445,"class_samples":{"size":741,"log_mode":"IMMUTABLE","ncols":2,"artifact_path":"wandb-client-artifact://swxf8k74vt5fibrxoybdh1fexsn4lg27euwrrs9mmjkinzymcz3hhnjyphdbmkrqrrnb7g89ozrkucd8lhtuink5wxhbu5hug4hyhcchpd1oyi5j5kwznkfhesb8zbwj/class_samples.table.json","path":"media/table/class_samples_0_bf1bad6fae2bb7eb4f63.table.json","nrows":50,"sha256":"bf1bad6fae2bb7eb4f63c64de5751c6c34c6eab3552119fba968a202bc3e1d7f","_latest_artifact_path":"wandb-client-artifact://vwhny6bu8a7p8zu3e1fftf2eo2ojtt8yo06h4vqkvzzhc0am141rig1wa87l87346o9kj7pp2yrmbhud4cgya5elyp3jyg7qtix7ucwvgkf01yygoh59dgp3dl6xrnci:latest/class_samples.table.json","_type":"table-file"}}