{"test_f1":0.8340772635695546,"_runtime":21,"train_loss":0.7317352668556876,"test_accuracy":0.8381,"class_samples":{"sha256":"bf1bad6fae2bb7eb4f63c64de5751c6c34c6eab3552119fba968a202bc3e1d7f","nrows":50,"size":741,"_latest_artifact_path":"wandb-client-artifact://zp5tjap902gc3wst8oq3g38m4gbrlrl50p71aiawy9zrpp5wqh2wlfd5ajo0kkxt462094rmcuayg35t4wsy6xi9o7hd5fiecnrxphmxg97gb5k9w9c5momotqp1blud:latest/class_samples.table.json","_type":"table-file","log_mode":"IMMUTABLE","path":"media/table/class_samples_0_bf1bad6fae2bb7eb4f63.table.json","ncols":2,"artifact_path":"wandb-client-artifact://vddezhkmtb7wp78uutkkkknk4319yghpplmmahv2456cogdbghfvnamwe1lsvx6eah8xmihxdf8tpupd9vtmjymd7esmszzig25bfsl1f8g1bv79mptifptdbt9qvhcm/class_samples.table.json"},"grad_neuron_4":0.1436704410968682,"grad_neuron_0":0.16393057624401328,"_step":6,"grad_neuron_3":0.3052074931819802,"grad_norm_layer1":1.1469548754706655,"_wandb":{"runtime":21},"train_accuracy":0.8414,"epoch":5,"activation_hist_layer1":{"values":[217713,29313,29146,28412,27829,26742,25616,24524,23294,21689,20420,18638,17309,15616,14283,12873,11449,10315,9007,7957,7026,5977,5251,4483,3776,3275,2889,2356,2048,1643,1513,1223,1018,855,752,648,558,453,386,323,268,211,175,161,103,95,86,71,48,41,37,26,18,18,14,9,7,3,3,4,2,1,0,1],"bins":[0,0.08706055291718835,0.1741211058343767,0.26118165875156507,0.3482422116687534,0.43530276458594175,0.5223633175031301,0.6094238704203184,0.6964844233375068,0.7835449762546952,0.8706055291718835,0.9576660820890719,1.0447266350062603,1.1317871879234487,1.2188477408406369,1.3059082937578252,1.3929688466750136,1.480029399592202,1.5670899525093904,1.6541505054265786,1.741211058343767,1.8282716112609554,1.9153321641781438,2.002392717095332,2.0894532700125206,2.1765138229297087,2.2635743758468974,2.3506349287640855,2.4376954816812737,2.5247560345984623,2.6118165875156505,2.698877140432839,2.7859376933500273,2.8729982462672154,2.960058799184404,3.0471193521015922,3.134179905018781,3.221240457935969,3.308301010853157,3.395361563770346,3.482422116687534,3.5694826696047226,3.6565432225219108,3.743603775439099,3.8306643283562876,3.9177248812734757,4.004785434190664,4.0918459871078525,4.178906540025041,4.265967092942229,4.3530276458594175,4.440088198776606,4.527148751693795,4.614209304610982,4.701269857528171,4.78833041044536,4.875390963362547,4.962451516279736,5.049512069196925,5.136572622114112,5.223633175031301,5.31069372794849,5.397754280865678,5.484814833782866,5.5718753867000546],"_type":"histogram"},"grad_neuron_1":0.18208375087323067,"grad_neuron_2":0.21619423965058138,"_timestamp":1.772984086793041e+09}