{"_runtime":40,"test_accuracy":0.9665,"_step":56292,"activation_hist_layer1":{"values":[2,4,1,1,2,8,5,5,9,10,16,21,32,30,49,54,63,72,77,92,111,128,115,142,152,161,169,159,188,175,189,192,176,158,151,165,125,129,115,97,80,72,66,77,35,37,37,33,27,20,16,9,9,8,4,5,5,2,1,2,0,0,0,1],"bins":[0.16630178756367872,0.17756197930287587,0.18882217104207305,0.2000823627812702,0.21134255452046738,0.22260274625966453,0.2338629379988617,0.24512312973805886,0.256383321477256,0.2676435132164532,0.27890370495565037,0.29016389669484755,0.30142408843404467,0.31268428017324185,0.323944471912439,0.33520466365163615,0.3464648553908333,0.3577250471300305,0.3689852388692276,0.3802454306084248,0.391505622347622,0.4027658140868191,0.41402600582601634,0.42528619756521346,0.4365463893044106,0.4478065810436078,0.45906677278280494,0.47032696452200207,0.4815871562611993,0.4928473480003964,0.5041075397395937,0.5153677314787908,0.5266279232179879,0.5378881149571851,0.5491483066963823,0.5604084984355794,0.5716686901747766,0.5829288819139737,0.5941890736531709,0.6054492653923681,0.6167094571315652,0.6279696488707623,0.6392298406099596,0.6504900323491567,0.6617502240883539,0.6730104158275511,0.6842706075667483,0.6955307993059454,0.7067909910451425,0.7180511827843398,0.7293113745235369,0.740571566262734,0.7518317580019312,0.7630919497411284,0.7743521414803255,0.7856123332195227,0.7968725249587199,0.808132716697917,0.8193929084371142,0.8306531001763113,0.8419132919155086,0.8531734836547057,0.8644336753939028,0.8756938671331,0.8869540588722972],"_type":"histogram"},"_timestamp":1.772899184824202e+09,"grad_neuron_3":0.01162924457591566,"grad_norm_layer1":0.6533274873667861,"class_samples":{"sha256":"bf1bad6fae2bb7eb4f63c64de5751c6c34c6eab3552119fba968a202bc3e1d7f","size":741,"artifact_path":"wandb-client-artifact://o4x8rbppprazayya8mofy4a0r5e7tbwkd066vjfabiv74pfpixtup7pyneeud3zs0cjfog2p8fqrbjyt1k0kycwe9u0iyzt4xmce6hgxq7bpggeicxolhulscl1mdmxv/class_samples.table.json","ncols":2,"nrows":50,"log_mode":"IMMUTABLE","_type":"table-file","path":"media/table/class_samples_0_bf1bad6fae2bb7eb4f63.table.json","_latest_artifact_path":"wandb-client-artifact://7btt81d72mbf7zjko3t0egfbdnfyup8qni7qup6p77m74w0jyq3rudhd7hlx5yhbdexs9jcubthejwxbbka6ow49583rijpzynj62ctqnsbnou1i188tptqd0hkxl4rn:latest/class_samples.table.json"},"grad_neuron_2":0.009252227102050134,"train_accuracy":0.9786166666666667,"test_f1":0.9663032099563861,"_wandb":{"runtime":40},"train_loss":0.07604493197454901,"epoch":10,"grad_neuron_4":0.02207874477476444,"grad_neuron_0":0.10954143075788517,"grad_neuron_1":0.1663137459091978}