{"class_samples":{"_type":"table-file","log_mode":"IMMUTABLE","nrows":50,"sha256":"bf1bad6fae2bb7eb4f63c64de5751c6c34c6eab3552119fba968a202bc3e1d7f","artifact_path":"wandb-client-artifact://hl7mkpi20zmitun5zgxf53ydufkp9n49c1w6sdur1r4nsdfqa4gwy2t6sr817aky6y7ktmgblot9i5bklhr6dgwzwkdlf1vqxvaku9qbib3tx9bg41in8q03mm9bg0pr/class_samples.table.json","_latest_artifact_path":"wandb-client-artifact://jjratfpuhrc8brrxjevyhzi1y444wanj241ko0v1dy5yax86ozybe88ep05wx1b1t1ddd5h5cm8h0ggozjju9qn365598q3atokhtqv72afn9rnxpzj3uht1dt85dsqg:latest/class_samples.table.json","size":741,"ncols":2,"path":"media/table/class_samples_0_bf1bad6fae2bb7eb4f63.table.json"},"grad_neuron_0":0.3219709014915777,"grad_neuron_4":0.24461348189870868,"epoch":10,"train_loss":0.01371716127775183,"grad_norm_layer1":2.606970490362048,"grad_neuron_1":0.15942921931267504,"grad_neuron_2":0.23229584300606235,"activation_hist_layer1":{"bins":[-0.9296275255412684,-0.900543890674966,-0.8714602558086637,-0.8423766209423613,-0.8132929860760589,-0.7842093512097565,-0.7551257163434542,-0.7260420814771519,-0.6969584466108495,-0.6678748117445471,-0.6387911768782448,-0.6097075420119424,-0.58062390714564,-0.5515402722793377,-0.5224566374130353,-0.493373002546733,-0.4642893676804306,-0.4352057328141282,-0.40612209794782583,-0.37703846308152356,-0.34795482821522117,-0.3188711933489188,-0.2897875584826165,-0.2607039236163141,-0.23162028875001173,-0.20253665388370934,-0.17345301901740695,-0.14436938415110467,-0.11528574928480229,-0.0862021144184999,-0.05711847955219762,-0.028034844685895233,0.0010487901804071553,0.030132425046709543,0.05921605991301193,0.08829969477931432,0.11738332964561671,0.14646696451191887,0.17555059937822126,0.20463423424452365,0.23371786911082604,0.2628015039771284,0.2918851388434308,0.3209687737097332,0.35005240857603537,0.37913604344233776,0.40821967830864014,0.43730331317494253,0.4663869480412449,0.4954705829075473,0.5245542177738497,0.5536378526401521,0.5827214875064545,0.6118051223727566,0.640888757239059,0.6699723921053614,0.6990560269716638,0.7281396618379662,0.7572232967042686,0.786306931570571,0.8153905664368731,0.8444742013031755,0.8735578361694779,0.9026414710357803,0.9317251059020827],"_type":"histogram","values":[7,11,9,18,23,34,36,65,64,87,78,98,93,123,120,152,150,137,140,165,173,175,206,197,232,234,212,213,214,206,241,220,238,244,262,227,219,194,213,200,205,193,187,177,186,146,140,125,121,92,89,91,80,82,72,65,57,37,40,26,23,15,6,7]},"test_accuracy":0.9116,"grad_neuron_3":0.098758989778165,"_timestamp":1.7729024231391733e+09,"_runtime":47,"_wandb":{"runtime":47},"train_accuracy":0.9119,"test_f1":0.9104474018180987,"_step":56292}