{"activation_hist_layer1":{"_type":"histogram","values":[3,2,6,9,19,14,21,26,29,24,25,42,43,43,55,55,58,72,80,73,81,88,89,105,112,108,106,98,104,122,100,126,130,129,102,120,119,114,85,117,102,98,111,88,77,76,82,83,70,70,64,44,41,60,39,32,36,18,20,8,11,8,3,1],"bins":[-0.9859768781236983,-0.9556765695333386,-0.9253762609429789,-0.8950759523526192,-0.8647756437622595,-0.8344753351718998,-0.80417502658154,-0.7738747179911803,-0.7435744094008206,-0.713274100810461,-0.6829737922201014,-0.6526734836297416,-0.6223731750393819,-0.5920728664490222,-0.5617725578586625,-0.5314722492683028,-0.5011719406779431,-0.4708716320875834,-0.4405713234972237,-0.410271014906864,-0.3799707063165043,-0.3496703977261446,-0.3193700891357849,-0.2890697805454252,-0.2587694719550655,-0.2284691633647058,-0.1981688547743461,-0.1678685461839864,-0.13756823759362669,-0.10726792900326698,-0.07696762041290728,-0.046667311822547575,-0.01636700323218787,0.013933305358171832,0.044233613948531425,0.07453392253889113,0.10483423112925083,0.13513453971961054,0.16543484830997024,0.19573515690032994,0.22603546549068965,0.25633577408104935,0.28663608267140905,0.31693639126176876,0.34723669985212846,0.37753700844248816,0.40783731703284787,0.43813762562320757,0.4684379342135673,0.498738242803927,0.5290385513942867,0.5593388599846464,0.5896391685750061,0.6199394771653658,0.6502397857557255,0.6805400943460852,0.7108404029364449,0.7411407115268046,0.7714410201171643,0.801741328707524,0.8320416372978837,0.8623419458882434,0.8926422544786031,0.9229425630689628,0.9532428716593225]},"train_loss":0.3851292290165292,"_wandb":{"runtime":39},"grad_neuron_2":0.12128511065315922,"_step":56292,"grad_neuron_1":0.12984262073330535,"grad_norm_layer1":1.4937802608027047,"epoch":10,"grad_neuron_0":0.3082746069832738,"class_samples":{"size":741,"ncols":2,"_type":"table-file","artifact_path":"wandb-client-artifact://qpjzieshfl8j9k32pl5jaoqm9aae49hsmooafskh6ed0nc4c0e13mab4m51psqb1kol1zmv9knc6n6s09xesjzog5buar7ht3mq2avd9eb53qsvbohj9xoumupgjhsg7/class_samples.table.json","_latest_artifact_path":"wandb-client-artifact://3lmijfw1k0aluzm5deodx7q6gzhwb69o0dv1mtu2cxt04pr5jv61rnkiqik3f6maqrzf8rxjwp6m4f5nddj46u7le58y9ct8rj4bvfuotmof6uyt4xk5avtzfv11gd1d:latest/class_samples.table.json","path":"media/table/class_samples_0_bf1bad6fae2bb7eb4f63.table.json","sha256":"bf1bad6fae2bb7eb4f63c64de5751c6c34c6eab3552119fba968a202bc3e1d7f","nrows":50,"log_mode":"IMMUTABLE"},"test_accuracy":0.8976,"train_accuracy":0.8991333333333333,"grad_neuron_4":0.2173741016839383,"grad_neuron_3":0.2759086407185558,"_runtime":39,"_timestamp":1.7728977671778524e+09,"test_f1":0.8960469518432616}