{"grad_neuron_1":0.0028929153195671833,"_runtime":40,"_timestamp":1.7728981431086702e+09,"activation_hist_layer1":{"bins":[0.1478759823231992,0.1586768527917305,0.16947772326026175,0.18027859372879304,0.19107946419732433,0.2018803346658556,0.21268120513438687,0.22348207560291816,0.23428294607144945,0.2450838165399807,0.25588468700851197,0.26668555747704326,0.27748642794557454,0.28828729841410583,0.2990881688826371,0.3098890393511684,0.3206899098196997,0.331490780288231,0.3422916507567622,0.3530925212252935,0.3638933916938248,0.374694262162356,0.3854951326308873,0.3962960030994186,0.4070968735679499,0.41789774403648117,0.42869861450501245,0.43949948497354374,0.45030035544207503,0.46110122591060626,0.47190209637913755,0.48270296684766884,0.4935038373162001,0.5043047077847314,0.5151055782532628,0.5259064487217939,0.5367073191903252,0.5475081896588565,0.5583090601273878,0.5691099305959191,0.5799108010644504,0.5907116715329817,0.6015125420015128,0.6123134124700442,0.6231142829385754,0.6339151534071068,0.644716023875638,0.6555168943441693,0.6663177648127006,0.6771186352812318,0.6879195057497631,0.6987203762182944,0.7095212466868257,0.720322117155357,0.7311229876238883,0.7419238580924196,0.7527247285609509,0.7635255990294821,0.7743264694980133,0.7851273399665446,0.7959282104350759,0.8067290809036072,0.8175299513721385,0.8283308218406698,0.839131692309201],"_type":"histogram","values":[3,2,3,1,2,5,3,7,8,13,12,16,26,22,34,34,44,49,67,75,74,110,107,104,111,140,157,153,132,165,170,132,168,174,168,177,148,142,150,124,120,92,91,86,87,80,58,48,33,30,26,30,19,18,10,13,7,6,2,3,0,0,3,2]},"grad_neuron_2":0.0018679172577506535,"train_loss":2.299367468864724,"grad_neuron_3":0.003333126419259307,"_wandb":{"runtime":40},"grad_neuron_0":0.003952156498090899,"test_accuracy":0.1152,"epoch":10,"_step":56292,"grad_norm_layer1":0.02672500487652995,"grad_neuron_4":0.0033338337804657693,"test_f1":0.02065997130559541,"train_accuracy":0.11208333333333333,"class_samples":{"sha256":"bf1bad6fae2bb7eb4f63c64de5751c6c34c6eab3552119fba968a202bc3e1d7f","ncols":2,"nrows":50,"size":741,"path":"media/table/class_samples_0_bf1bad6fae2bb7eb4f63.table.json","_type":"table-file","_latest_artifact_path":"wandb-client-artifact://55rq5wyp27mp5tkv21owlkh1g7ffn9f7u1dct78h2y1fwor4469fvvdsdv0fga8dgytdac3a483rs8ptzvndpiskc3c5bpi0z0uechx3ucxmaz8ppz645facwlcjupr1:latest/class_samples.table.json","artifact_path":"wandb-client-artifact://7ancffnnroqrdt5dm94lohb5wd03tk13f2mw7rdf0akwbm1n924xbl84q4rw4539lejhdticjefn0lz55nv31eq6j8ycxul2dqln7pmb4i1lpyy9o9l604pvolgsed1b/class_samples.table.json","log_mode":"IMMUTABLE"}}