{"activation_hist_layer1":{"_type":"histogram","values":[4,2,2,1,4,3,3,11,7,12,8,16,12,20,23,22,42,43,48,67,90,74,87,105,122,129,162,157,160,161,185,201,196,182,191,160,171,151,124,137,126,116,80,89,77,77,56,33,32,26,22,20,8,12,7,11,3,1,0,1,1,2,0,1],"bins":[0.10844396910976505,0.12057783201673367,0.13271169492370227,0.14484555783067088,0.15697942073763949,0.16911328364460812,0.18124714655157673,0.19338100945854536,0.20551487236551397,0.21764873527248257,0.22978259817945118,0.2419164610864198,0.2540503239933884,0.266184186900357,0.27831804980732566,0.29045191271429427,0.3025857756212629,0.3147196385282315,0.3268535014352001,0.3389873643421687,0.3511212272491373,0.36325509015610596,0.37538895306307457,0.3875228159700432,0.3996566788770118,0.4117905417839804,0.423924404690949,0.4360582675979176,0.44819213050488627,0.4603259934118549,0.4724598563188235,0.4845937192257921,0.4967275821327607,0.5088614450397293,0.5209953079466979,0.5331291708536665,0.5452630337606351,0.5573968966676037,0.5695307595745723,0.5816646224815409,0.5937984853885095,0.6059323482954782,0.6180662112024469,0.6302000741094155,0.6423339370163841,0.6544677999233527,0.6666016628303213,0.6787355257372899,0.6908693886442585,0.7030032515512271,0.7151371144581957,0.7272709773651643,0.7394048402721329,0.7515387031791015,0.7636725660860701,0.7758064289930388,0.7879402919000075,0.8000741548069761,0.8122080177139447,0.8243418806209133,0.8364757435278819,0.8486096064348505,0.8607434693418191,0.8728773322487877,0.8850111951557563]},"_timestamp":1.7728994078493783e+09,"grad_neuron_2":0.0011784169537399217,"test_accuracy":0.1152,"grad_neuron_3":0.0037957793806797247,"epoch":10,"train_accuracy":0.11208333333333333,"test_f1":0.02065997130559541,"grad_norm_layer1":0.02997279991709832,"train_loss":2.2982238985018113,"grad_neuron_1":0.005201949071417171,"_runtime":39,"class_samples":{"log_mode":"IMMUTABLE","artifact_path":"wandb-client-artifact://ufw0xrr34h52l1s0uvc656gj0jeswmw8wghtzzauoddr1a7f3vbaexuj2yyq9zep7t9if3iwhggrxmw9vwa5n5fdtoti8m9p6d4xg0mgcwz8fr4f779qv7u1c5r6m4xe/class_samples.table.json","_type":"table-file","size":741,"path":"media/table/class_samples_0_bf1bad6fae2bb7eb4f63.table.json","sha256":"bf1bad6fae2bb7eb4f63c64de5751c6c34c6eab3552119fba968a202bc3e1d7f","ncols":2,"_latest_artifact_path":"wandb-client-artifact://n0e20zik1r7ou56s0wlc54bwhj7eslwtte0onq6jx341bmak73rfu88d6zwg6nxzn7y4iz0nx0q5vtlq7tvdndf5xvkud06yjwi04dltiq8978vvt6pnydian3la3u8n:latest/class_samples.table.json","nrows":50},"grad_neuron_4":0.0019875557672276883,"grad_neuron_0":0.006639840943207165,"_wandb":{"runtime":39},"_step":56292}