{"grad_neuron_0":0.036448190858086205,"grad_neuron_4":0.007439885215114695,"_step":6,"_runtime":39,"test_f1":0.955798543242263,"class_samples":{"_latest_artifact_path":"wandb-client-artifact://rla7vosthvw32vg38xl25cc237afnoi37pb8t7r7vgqqcugrl7t8hfri9heopn6jeqt93i498b27klmd48n4h2opngfl83gobxjjbugmpps1v9mpgx5o4f125lb7dhd6:latest/class_samples.table.json","sha256":"bf1bad6fae2bb7eb4f63c64de5751c6c34c6eab3552119fba968a202bc3e1d7f","ncols":2,"_type":"table-file","path":"media/table/class_samples_0_bf1bad6fae2bb7eb4f63.table.json","artifact_path":"wandb-client-artifact://2q60457yctlqmm6pz0aqgs6xxj3lb4sz68usj1qox23vaobqz2jn3ls1d607acsvbpy9qkuwtb0gk2sxeedo1iyeotf41j5co43f54us0147absi9zm93m5ru5nztlur/class_samples.table.json","nrows":50,"size":741,"log_mode":"IMMUTABLE"},"test_accuracy":0.9561,"train_loss":0.06244766624829498,"epoch":5,"grad_neuron_2":0.018450222994814965,"_wandb":{"runtime":39},"grad_neuron_1":0.03240379250625382,"_timestamp":1.772981645762123e+09,"grad_norm_layer1":0.17044402514354584,"activation_hist_layer1":{"_type":"histogram","values":[137113,33387,21845,16747,13606,11566,10146,9257,8203,7475,7000,6457,6157,5824,5522,5464,4874,4979,4682,4429,4283,4259,4079,3935,3978,3878,3757,3745,3640,3718,3649,3502,3578,3503,3571,3615,3681,3655,3590,3724,3747,3937,3921,4055,4154,4267,4350,4507,4634,5021,5309,5420,5875,6058,6722,7157,7866,8561,9473,11045,13110,15976,22383,72379],"bins":[1.0425416298849188e-13,0.015625000000102578,0.0312500000001009,0.046875000000099226,0.06250000000009755,0.07812500000009587,0.09375000000009419,0.10937500000009251,0.12500000000009084,0.14062500000008915,0.15625000000008749,0.1718750000000858,0.18750000000008413,0.20312500000008243,0.21875000000008077,0.23437500000007908,0.25000000000007744,0.2656250000000757,0.28125000000007405,0.2968750000000724,0.3125000000000707,0.328125000000069,0.34375000000006734,0.35937500000006567,0.375000000000064,0.39062500000006234,0.4062500000000606,0.42187500000005895,0.4375000000000573,0.4531250000000556,0.4687500000000539,0.48437500000005224,0.5000000000000506,0.5156250000000488,0.5312500000000472,0.5468750000000455,0.5625000000000439,0.5781250000000422,0.5937500000000405,0.6093750000000389,0.6250000000000372,0.6406250000000355,0.6562500000000338,0.6718750000000321,0.6875000000000304,0.7031250000000288,0.7187500000000271,0.7343750000000254,0.7500000000000238,0.7656250000000221,0.7812500000000204,0.7968750000000187,0.812500000000017,0.8281250000000153,0.8437500000000137,0.859375000000012,0.8750000000000103,0.8906250000000087,0.906250000000007,0.9218750000000053,0.9375000000000036,0.9531250000000019,0.9687500000000002,0.9843749999999986,0.9999999999999969]},"grad_neuron_3":0.016768942369472472,"train_accuracy":0.9636}