{"_step":6,"grad_neuron_1":0.07824930121468482,"grad_neuron_4":0.03940632877130245,"activation_hist_layer1":{"bins":[0,0.1189779560526431,0.2379559121052862,0.35693386815792927,0.4759118242105724,0.5948897802632155,0.7138677363158585,0.8328456923685017,0.9518236484211448,1.0708016044737878,1.189779560526431,1.3087575165790741,1.427735472631717,1.5467134286843602,1.6656913847370034,1.7846693407896463,1.9036472968422895,2.0226252528949327,2.1416032089475756,2.260581165000219,2.379559121052862,2.498537077105505,2.6175150331581483,2.736492989210791,2.855470945263434,2.9744489013160775,3.0934268573687205,3.2124048134213634,3.331382769474007,3.4503607255266497,3.5693386815792927,3.688316637631936,3.807294593684579,3.926272549737222,4.045250505789865,4.164228461842509,4.283206417895151,4.402184373947795,4.521162330000438,4.6401402860530805,4.759118242105724,4.878096198158367,4.99707415421101,5.116052110263653,5.2350300663162965,5.354008022368939,5.472985978421582,5.591963934474226,5.710941890526868,5.829919846579512,5.948897802632155,6.067875758684798,6.186853714737441,6.305831670790084,6.424809626842727,6.54378758289537,6.662765538948014,6.781743495000656,6.9007214510532995,7.019699407105943,7.138677363158585,7.257655319211229,7.376633275263872,7.495611231316515,7.614589187369158],"_type":"histogram","values":[420932,78000,75823,72540,69261,65487,61325,56810,52120,47477,42313,37124,32554,28349,24160,20633,17444,14328,12107,9846,8081,6506,5152,4385,3422,2791,2304,1765,1436,1105,912,739,566,454,347,304,241,169,143,106,93,65,46,39,38,32,24,21,19,13,13,10,9,3,1,6,1,1,0,1,2,1,0,1]},"grad_norm_layer1":0.8068624932055009,"test_accuracy":0.9171,"class_samples":{"ncols":2,"size":741,"path":"media/table/class_samples_0_bf1bad6fae2bb7eb4f63.table.json","log_mode":"IMMUTABLE","sha256":"bf1bad6fae2bb7eb4f63c64de5751c6c34c6eab3552119fba968a202bc3e1d7f","artifact_path":"wandb-client-artifact://e91tl098ldbtfv9q2sc85isdwsy61brrlknzdz2jrayu0zhr39u740gx95267ndbmn5my5fttdnjayxwce7h9ircb9ub3c2ilibn9s2q0ai9ttpkpgirvi0ujks6cvam/class_samples.table.json","_type":"table-file","nrows":50,"_latest_artifact_path":"wandb-client-artifact://cgnlic00japihc0tgncqtx1sijvulkck1mgvpe3e8g9v17wd054c1r3llxfpvgjlxuwd30pt29f1ux6o5p90u63f8qedwx8a3z45n8hg8s1mq2irbtfmt29psvw3jpxy:latest/class_samples.table.json"},"test_f1":0.9161187776918082,"grad_neuron_2":0.028839107665175123,"grad_neuron_0":0.017502515708737516,"train_accuracy":0.9176,"_runtime":36,"_timestamp":1.7729823638303285e+09,"train_loss":0.30093353470005213,"_wandb":{"runtime":36},"grad_neuron_3":0.08214362818829025,"epoch":5}