{"grad_neuron_0":0,"grad_neuron_2":0,"grad_neuron_1":0,"grad_neuron_4":0,"activation_hist_layer1":{"_type":"histogram","values":[1235760,3082,3360,2531,2349,2484,2759,2768,2796,2543,2200,1852,1610,1288,1159,969,771,756,662,574,611,582,591,585,534,551,496,496,449,387,403,343,290,261,201,182,151,121,122,74,68,46,38,30,29,21,21,11,9,5,7,4,2,3,0,1,0,0,1,0,0,0,0,1],"bins":[0,3.255385312613965,6.51077062522793,9.766155937841894,13.02154125045586,16.276926563069825,19.53231187568379,22.787697188297756,26.04308250091172,29.298467813525683,32.55385312613965,35.80923843875362,39.06462375136758,42.320009063981544,45.57539437659551,48.83077968920947,52.08616500182344,55.341550314437406,58.596935627051366,61.85232093966533,65.1077062522793,68.36309156489327,71.61847687750723,74.87386219012119,78.12924750273515,81.38463281534912,84.64001812796309,87.89540344057706,91.15078875319102,94.40617406580498,97.66155937841894,100.91694469103291,104.17233000364688,107.42771531626084,110.68310062887481,113.93848594148878,117.19387125410273,120.4492565667167,123.70464187933067,126.96002719194463,130.2154125045586,133.47079781717255,136.72618312978653,139.9815684424005,143.23695375501447,146.49233906762842,149.74772438024237,153.00310969285636,156.2584950054703,159.5138803180843,162.76926563069824,166.02465094331222,169.28003625592618,172.53542156854013,175.7908068811541,179.04619219376806,182.30157750638205,185.556962818996,188.81234813160995,192.06773344422393,195.32311875683789,198.57850406945187,201.83388938206582,205.0892746946798,208.34466000729375]},"test_accuracy":0.0906,"train_accuracy":0.0986,"grad_neuron_3":0,"_wandb":{"runtime":41},"_timestamp":1.7729890615038002e+09,"epoch":5,"grad_norm_layer1":0,"_step":5,"class_samples":{"path":"media/table/class_samples_0_bf1bad6fae2bb7eb4f63.table.json","ncols":2,"nrows":50,"artifact_path":"wandb-client-artifact://3qyb0yyebn51q26mn7djaqqexootnjuljy052ufqc1zf00dm30g1bsiys5uc1goujuxnvrzglokm2y79rslswe2syqk50axyy0nsdhd61c6hgs3qsmrk22fqp4kvzfxn/class_samples.table.json","size":741,"_latest_artifact_path":"wandb-client-artifact://o3svrhezv6xqm83d2d6wnsi35eykdwyqthn2cij25bzyil395bpln8o0ngflr052ocdug78dnx5zi50vs5u0rst519s9qdin6re49utcet6tvnjctvv1quhgkyr30a9t:latest/class_samples.table.json","_type":"table-file","log_mode":"IMMUTABLE","sha256":"bf1bad6fae2bb7eb4f63c64de5751c6c34c6eab3552119fba968a202bc3e1d7f"},"train_loss":2.3108337379524406,"_runtime":41}