{"_timestamp":1.7729832971621494e+09,"_runtime":44,"train_loss":0.8973871028106933,"grad_neuron_1":0.0031483612198466527,"_wandb":{"runtime":44},"grad_neuron_0":0.0017239661822446878,"_step":6,"test_f1":0.03565852731366399,"train_accuracy":0.1184,"grad_norm_layer1":0.028715011261358305,"class_samples":{"path":"media/table/class_samples_0_bf1bad6fae2bb7eb4f63.table.json","nrows":50,"log_mode":"IMMUTABLE","sha256":"bf1bad6fae2bb7eb4f63c64de5751c6c34c6eab3552119fba968a202bc3e1d7f","size":741,"_type":"table-file","artifact_path":"wandb-client-artifact://ent35j20gwlqjmoyaj8m5mnfzzp0figq9p2d2vc93mjomqgo5vpbwqfzgp8jq3n3wvwzdclbma65c7k4tbko7hjg893zdebk4q8fgwsog83hiq0mj3226okk4whx1idz/class_samples.table.json","_latest_artifact_path":"wandb-client-artifact://gile99tjwwj0wg2vrdygth9ht60on5ns7uksztrnpyu4g74k1n4xlhwhgezuppg5xs7s3si375hyxb6ajmsevx1rl5g4rdsqab7l6i3w0aginh7vcrtm86x1dcihkx3l:latest/class_samples.table.json","ncols":2},"grad_neuron_3":0.0034305343577546664,"grad_neuron_4":0.002401946836155958,"test_accuracy":0.124,"grad_neuron_2":0.002349051784060901,"epoch":5,"activation_hist_layer1":{"bins":[0.0651851363561255,0.07920212216681231,0.09321910797749913,0.10723609378818597,0.12125307959887278,0.1352700654095596,0.14928705122024644,0.16330403703093327,0.17732102284162007,0.1913380086523069,0.2053549944629937,0.21937198027368054,0.23338896608436738,0.24740595189505418,0.261422937705741,0.2754399235164278,0.28945690932711465,0.3034738951378015,0.3174908809484883,0.3315078667591751,0.34552485256986193,0.35954183838054876,0.3735588241912356,0.3875758100019224,0.40159279581260926,0.41560978162329604,0.42962676743398287,0.4436437532446697,0.45766073905535654,0.47167772486604337,0.48569471067673015,0.499711696487417,0.5137286822981038,0.5277456681087906,0.5417626539194775,0.5557796397301642,0.5697966255408511,0.583813611351538,0.5978305971622246,0.6118475829729115,0.6258645687835984,0.6398815545942853,0.653898540404972,0.6679155262156589,0.6819325120263457,0.6959494978370324,0.7099664836477193,0.7239834694584062,0.7380004552690931,0.7520174410797797,0.7660344268904666,0.7800514127011535,0.7940683985118402,0.8080853843225271,0.822102370133214,0.8361193559439006,0.8501363417545875,0.8641533275652744,0.8781703133759613,0.892187299186648,0.9062042849973349,0.9202212708080217,0.9342382566187084,0.9482552424293953,0.9622722282400822],"_type":"histogram","values":[2,2,7,12,40,102,245,373,599,1001,1433,1988,2749,3861,5249,6797,8921,11534,14584,18069,21606,25881,30758,35723,40533,45710,50763,55310,60061,63390,65987,67420,67142,67019,65104,61726,57911,52465,47099,41628,35722,30446,24929,20616,16181,12857,9831,7642,5696,4156,3126,2078,1479,1207,861,611,502,362,352,244,152,90,43,13]}}