{"test_accuracy":0.9602,"train_accuracy":0.9688,"_step":6,"grad_neuron_1":0.011943221244005296,"class_samples":{"size":741,"artifact_path":"wandb-client-artifact://akt886rmj9n4c0pcv47reoqx04l8zfeiwv0qtt9blhd5rx2dfkybmbtvx4f4893av52322t20yv3apskffxjjnbg7j66zly0n0o9gjx2re1ehm7bakfowa8jqzguc2so/class_samples.table.json","path":"media/table/class_samples_0_bf1bad6fae2bb7eb4f63.table.json","nrows":50,"_type":"table-file","_latest_artifact_path":"wandb-client-artifact://61l6auahr6kcazzso5p3gy3knaz24qtn09dxqm985a2gvaerp168jltsjdp0zg2s38i1vabtritc3rw604v720ahiif6ih2m28nl0xsrqea1z0lxuw8jd6xsijwgy084:latest/class_samples.table.json","log_mode":"IMMUTABLE","ncols":2,"sha256":"bf1bad6fae2bb7eb4f63c64de5751c6c34c6eab3552119fba968a202bc3e1d7f"},"grad_neuron_2":0.0013457410399661733,"_runtime":22,"train_loss":0.11513921477242907,"epoch":5,"activation_hist_layer1":{"bins":[3.9110989402937574e-19,0.015625,0.03125,0.046875,0.0625,0.078125,0.09375,0.109375,0.125,0.140625,0.15625,0.171875,0.1875,0.203125,0.21875,0.234375,0.25,0.265625,0.28125,0.296875,0.3125,0.328125,0.34375,0.359375,0.375,0.390625,0.40625,0.421875,0.4375,0.453125,0.46875,0.484375,0.5,0.515625,0.53125,0.546875,0.5625,0.578125,0.59375,0.609375,0.625,0.640625,0.65625,0.671875,0.6875,0.703125,0.71875,0.734375,0.75,0.765625,0.78125,0.796875,0.8125,0.828125,0.84375,0.859375,0.875,0.890625,0.90625,0.921875,0.9375,0.953125,0.96875,0.984375,1],"_type":"histogram","values":[199365,53925,38220,30650,25452,22370,19870,17967,16553,15159,14220,13374,12664,12023,11312,10674,10589,10127,9468,9374,9103,8856,8629,8500,8388,8051,8008,7814,7884,7738,7700,7771,7560,7649,7899,7815,7906,7924,8046,8117,8148,8617,8616,8804,9280,9495,9710,10085,10572,11287,11811,12196,13057,13676,14688,15934,17476,18931,21187,24508,28632,35986,51699,190891]},"_timestamp":1.7729875550290034e+09,"test_f1":0.9598859958232611,"_wandb":{"runtime":22},"grad_neuron_0":0.0034233518571944958,"grad_neuron_3":0.03172891417130487,"grad_neuron_4":0.014565819974197067,"grad_norm_layer1":0.14857431563779538}