{"activation_hist_layer1":{"_type":"histogram","values":[2,2,5,10,15,18,17,19,34,46,35,49,61,53,71,89,84,87,102,95,89,106,108,100,115,108,134,123,106,103,110,136,116,108,105,104,114,95,95,97,100,106,81,72,83,61,64,59,58,58,41,45,27,28,28,28,22,8,16,12,14,8,6,5],"bins":[-0.970460269587428,-0.9405390426216784,-0.9106178156559287,-0.8806965886901791,-0.8507753617244295,-0.8208541347586797,-0.7909329077929301,-0.7610116808271805,-0.7310904538614309,-0.7011692268956812,-0.6712479999299316,-0.6413267729641818,-0.6114055459984322,-0.5814843190326826,-0.551563092066933,-0.5216418651011834,-0.49172063813543365,-0.46179941116968404,-0.4318781842039343,-0.4019569572381847,-0.3720357302724351,-0.34211450330668536,-0.31219327634093574,-0.28227204937518613,-0.2523508224094364,-0.2224295954436868,-0.19250836847793718,-0.16258714151218756,-0.13266591454643784,-0.10274468758068822,-0.0728234606149386,-0.04290223364918888,-0.012981006683439267,0.016940220282310348,0.04686144724805996,0.07678267421380958,0.10670390117955941,0.13662512814530903,0.16654635511105864,0.19646758207680826,0.22638880904255787,0.2563100360083075,0.2862312629740573,0.31615248993980694,0.34607371690555655,0.37599494387130616,0.4059161708370558,0.4358373978028054,0.46575862476855523,0.49567985173430484,0.5256010787000545,0.5555223056658041,0.5854435326315537,0.6153647595973033,0.6452859865630529,0.6752072135288028,0.7051284404945524,0.735049667460302,0.7649708944260516,0.7948921213918012,0.8248133483575508,0.8547345753233007,0.8846558022890503,0.9145770292547999,0.9444982562205495]},"grad_neuron_4":0.02819310289583752,"grad_neuron_2":0.07277050258620192,"grad_neuron_1":0.02175130495613974,"epoch":10,"_wandb":{"runtime":41},"grad_neuron_3":0.014157602399537374,"test_accuracy":0.9677,"_timestamp":1.7729018717729135e+09,"grad_norm_layer1":0.5890782655002412,"_runtime":41,"train_loss":0.0033364059763852827,"test_f1":0.9675493678165124,"grad_neuron_0":0.08514806103032369,"_step":56292,"class_samples":{"nrows":50,"_type":"table-file","ncols":2,"artifact_path":"wandb-client-artifact://sf44abzcpq0epueh55ooqnrwrw4sqs2vfqxdan1v6wuenu9cimyw4yg6bv5p9st6e53mul4cft9jf34j9zu5yoff076c0xiifxi4y09x3zgtzame41077v70fmvjvukw/class_samples.table.json","path":"media/table/class_samples_0_bf1bad6fae2bb7eb4f63.table.json","sha256":"bf1bad6fae2bb7eb4f63c64de5751c6c34c6eab3552119fba968a202bc3e1d7f","log_mode":"IMMUTABLE","size":741,"_latest_artifact_path":"wandb-client-artifact://yjc46yozy7ss1vx3tnohruqjjmlpqnko2nad7k9ttra0yw7ujhbcmj7fqfdfwdorcbjpqdvhgezh01yzyqxjlrao7a42vkzu4fb3ck3y46jcb1g5juotfh905vz3lbp3:latest/class_samples.table.json"},"train_accuracy":0.9819666666666667}