{"_timestamp":1.7729856277832932e+09,"class_samples":{"nrows":50,"_latest_artifact_path":"wandb-client-artifact://8k1ymcxgkb0a5c4sr1hk11ns2w5zxhgkxlcbia4t08n1o344dted8rbz7vy63xeiio3unxmjcehi8u5trq7vsrvxf7wupmj8qs1a3bszuag58a82l2uayb1rw38td6a2:latest/class_samples.table.json","size":741,"ncols":2,"log_mode":"IMMUTABLE","_type":"table-file","artifact_path":"wandb-client-artifact://1hs2h6csvb9pd3nfyqwi7bp1xvhakol8i2hpd2cidjoourxng2es8d8z2orwq9dvri71507m1rjamnjznj11cd8ku42dpgduvmul1hsir6zugko8g2rjazaxvotd370t/class_samples.table.json","sha256":"bf1bad6fae2bb7eb4f63c64de5751c6c34c6eab3552119fba968a202bc3e1d7f","path":"media/table/class_samples_0_bf1bad6fae2bb7eb4f63.table.json"},"grad_neuron_3":0.11892207477498665,"grad_neuron_1":0.02986191325147573,"test_f1":0.9668346866508477,"activation_hist_layer1":{"values":[817543,51877,46707,42269,37912,34113,30634,27542,24618,22702,19916,17835,15330,13210,11741,10224,8671,7452,6385,5465,4619,3934,3259,2726,2232,1922,1629,1297,1077,891,715,613,496,430,358,291,261,205,172,147,125,96,68,58,59,37,31,27,27,7,11,7,5,6,6,2,2,0,1,2,0,1,0,2],"bins":[0,0.09235142116251926,0.18470284232503853,0.2770542634875578,0.36940568465007706,0.4617571058125963,0.5541085269751156,0.6464599481376349,0.7388113693001541,0.8311627904626734,0.9235142116251926,1.0158656327877118,1.1082170539502312,1.2005684751127506,1.2929198962752697,1.3852713174377889,1.4776227386003082,1.5699741597628276,1.6623255809253468,1.754677002087866,1.8470284232503853,1.9393798444129047,2.0317312655754236,2.124082686737943,2.2164341079004624,2.3087855290629817,2.401136950225501,2.49348837138802,2.5858397925505394,2.678191213713059,2.7705426348755777,2.862894056038097,2.9552454772006165,3.047596898363136,3.1399483195256552,3.232299740688174,3.3246511618506935,3.417002583013213,3.509354004175732,3.601705425338251,3.6940568465007706,3.78640826766329,3.8787596888258093,3.9711111099883283,4.063462531150847,4.155813952313367,4.248165373475886,4.340516794638406,4.432868215800925,4.525219636963444,4.6175710581259635,4.709922479288482,4.802273900451002,4.894625321613521,4.98697674277604,5.07932816393856,5.171679585101079,5.264031006263598,5.356382427426118,5.4487338485886365,5.5410852697511555,5.633436690913675,5.725788112076194,5.818139533238714,5.910490954401233],"_type":"histogram"},"_wandb":{"runtime":54},"grad_neuron_2":0.022040533633427208,"_step":6,"test_accuracy":0.9671,"train_accuracy":0.973,"train_loss":0.08312171181817392,"_runtime":54,"grad_norm_layer1":1.5069342048233028,"epoch":5,"grad_neuron_4":0,"grad_neuron_0":0.01766707815112872}