{"grad_neuron_3":0.11236392460143374,"train_loss":0.4511051952425585,"_step":6,"test_f1":0.8778469921616839,"_wandb":{"runtime":23},"class_samples":{"_type":"table-file","size":741,"_latest_artifact_path":"wandb-client-artifact://wgxi3xp98k04gd33rjgk7xqnimonhtp9p3dctgj8mkgcgu9l18wf2tb2jmpxrdhcn7m7nu0b1cdt3hc0f4sgus6hvyj419q5mi2d2o1arklxsd30tt9luz39676olozg:latest/class_samples.table.json","ncols":2,"nrows":50,"sha256":"bf1bad6fae2bb7eb4f63c64de5751c6c34c6eab3552119fba968a202bc3e1d7f","artifact_path":"wandb-client-artifact://dc5b90u33jlobhe5imw5i3jtr287har12amajp89c66fbvnqju2l3vcbhc26yuqehnvk7o20ucwq7knh7hh7purqtseq7c6jdbodd3i5fsu6wsvonwyht2lu9m4mu1bx/class_samples.table.json","path":"media/table/class_samples_0_bf1bad6fae2bb7eb4f63.table.json","log_mode":"IMMUTABLE"},"grad_neuron_0":0.0819431832744797,"grad_neuron_4":0.2297490197327591,"grad_neuron_1":0.009551310724487927,"activation_hist_layer1":{"bins":[0,0.10784283749136041,0.21568567498272082,0.3235285124740812,0.43137134996544163,0.539214187456802,0.6470570249481624,0.7548998624395229,0.8627426999308833,0.9705855374222436,1.078428374913604,1.1862712124049646,1.2941140498963248,1.4019568873876853,1.5097997248790458,1.617642562370406,1.7254853998617665,1.833328237353127,1.9411710748444873,2.0490139123358477,2.156856749827208,2.2646995873185687,2.372542424809929,2.480385262301289,2.5882280997926497,2.69607093728401,2.8039137747753706,2.911756612266731,3.0195994497580916,3.1274422872494516,3.235285124740812,3.3431279622321726,3.450970799723533,3.5588136372148935,3.666656474706254,3.7744993121976145,3.8823421496889745,3.990184987180335,4.0980278246716955,4.205870662163056,4.313713499654416,4.421556337145777,4.529399174637137,4.637242012128498,4.745084849619858,4.852927687111218,4.960770524602578,5.068613362093939,5.176456199585299,5.28429903707666,5.39214187456802,5.499984712059381,5.607827549550741,5.715670387042102,5.823513224533462,5.931356062024823,6.039198899516183,6.147041737007544,6.254884574498903,6.362727411990264,6.470570249481624,6.578413086972985,6.686255924464345,6.794098761955706,6.901941599447066],"_type":"histogram","values":[248147,30226,28519,27678,26236,24583,23126,21760,20400,19182,17324,16094,14567,13277,12167,11126,9981,8945,7954,7169,6485,5787,5257,4552,4083,3538,3083,2745,2364,2104,1837,1459,1317,1171,901,819,703,537,460,427,324,292,251,197,157,118,128,96,72,55,58,42,22,30,22,8,9,10,5,5,3,3,1,2]},"grad_norm_layer1":1.317551351312725,"grad_neuron_2":0.09865120626176829,"test_accuracy":0.8795,"epoch":5,"_runtime":23,"_timestamp":1.7729851745758913e+09,"train_accuracy":0.8702}