{"activation_hist_layer1":{"values":[6,26,56,128,272,478,712,1092,1575,2172,3037,3995,5236,6798,8635,10626,12908,16251,19414,22838,26611,30753,34581,38866,42812,47268,50090,54229,57403,59096,60304,60603,60188,58896,56591,54227,50232,46211,41678,37456,33221,29215,24751,21365,17961,14845,12201,9977,7964,6395,5033,3782,2811,2042,1517,999,681,444,231,122,62,21,8,2],"bins":[0.06253815662192305,0.07660435544722463,0.0906705542725262,0.10473675309782778,0.11880295192312934,0.13286915074843092,0.1469353495737325,0.16100154839903408,0.17506774722433566,0.1891339460496372,0.2032001448749388,0.21726634370024037,0.23133254252554195,0.24539874135084352,0.2594649401761451,0.27353113900144665,0.28759733782674823,0.3016635366520498,0.3157297354773514,0.32979593430265297,0.34386213312795455,0.35792833195325613,0.3719945307785577,0.3860607296038593,0.40012692842916087,0.41419312725446245,0.428259326079764,0.4423255249050655,0.45639172373036707,0.47045792255566865,0.48452412138097023,0.4985903202062718,0.5126565190315734,0.526722717856875,0.5407889166821765,0.5548551155074781,0.5689213143327797,0.5829875131580813,0.5970537119833829,0.6111199108086844,0.625186109633986,0.6392523084592876,0.6533185072845892,0.6673847061098908,0.6814509049351923,0.6955171037604939,0.7095833025857955,0.7236495014110971,0.7377157002363987,0.7517818990617002,0.7658480978870018,0.7799142967123034,0.793980495537605,0.8080466943629065,0.822112893188208,0.8361790920135096,0.8502452908388112,0.8643114896641128,0.8783776884894143,0.8924438873147159,0.9065100861400175,0.9205762849653191,0.9346424837906206,0.9487086826159222,0.9627748814412238],"_type":"histogram"},"grad_neuron_0":0.0024801268415726202,"test_f1":0.22790498008606336,"grad_neuron_3":0.004395114956797502,"train_loss":2.2491851355676333,"_runtime":49,"grad_neuron_4":0.006337310738417973,"grad_norm_layer1":0.06929766044278554,"_step":6,"test_accuracy":0.3686,"_wandb":{"runtime":49},"class_samples":{"nrows":50,"size":741,"artifact_path":"wandb-client-artifact://nlx3313tp1j3rtbj0ete5vu9ycwitlcl6ao46p9oz21f3pw63mka5ndqjnm6f0cjvp5hfv2b9dtsj9wrh7tjunl61f181wnodufed3tuo06waifqtqp7kgf8ri9rke7g/class_samples.table.json","ncols":2,"path":"media/table/class_samples_0_bf1bad6fae2bb7eb4f63.table.json","_type":"table-file","log_mode":"IMMUTABLE","_latest_artifact_path":"wandb-client-artifact://2x1uh1regx5971rmb5xf6094fwj1hlqu9nva87x0pln7d85eirlkmdyamshrh47lf207x8wt1useu8tgdbq6pn92mj83yllv2u85ccsmohhincutk0fwfx3625gfb8my:latest/class_samples.table.json","sha256":"bf1bad6fae2bb7eb4f63c64de5751c6c34c6eab3552119fba968a202bc3e1d7f"},"grad_neuron_2":0.0059694431212976105,"grad_neuron_1":0.007702422326307859,"train_accuracy":0.356,"epoch":5,"_timestamp":1.7729819441168787e+09}