{"_runtime":37,"_timestamp":1.7728978186263697e+09,"grad_neuron_4":0.14937214587694536,"test_f1":0.9057020134227877,"train_accuracy":0.9092166666666667,"grad_norm_layer1":0.7801141733304059,"activation_hist_layer1":{"values":[2193,99,108,94,98,105,100,80,80,95,69,65,63,66,74,57,52,44,46,49,33,49,28,35,32,20,31,17,25,21,28,18,11,12,8,15,7,9,6,9,4,3,14,2,3,2,3,4,0,1,1,1,2,1,0,1,0,0,1,0,0,0,0,2],"bins":[0,0.027507802927414747,0.055015605854829494,0.08252340878224423,0.11003121170965899,0.13753901463707374,0.16504681756448847,0.19255462049190322,0.22006242341931798,0.24757022634673273,0.2750780292741475,0.3025858322015622,0.33009363512897694,0.3576014380563917,0.38510924098380644,0.4126170439112212,0.44012484683863595,0.4676326497660507,0.49514045269346546,0.5226482556208802,0.550156058548295,0.5776638614757097,0.6051716644031244,0.6326794673305391,0.6601872702579539,0.6876950731853687,0.7152028761127834,0.7427106790401982,0.7702184819676129,0.7977262848950276,0.8252340878224425,0.8527418907498572,0.8802496936772719,0.9077574966046866,0.9352652995321014,0.9627731024595162,0.9902809053869309,1.0177887083143455,1.0452965112417605,1.0728043141691752,1.10031211709659,1.1278199200240047,1.1553277229514194,1.1828355258788341,1.2103433288062488,1.2378511317336636,1.2653589346610783,1.292866737588493,1.3203745405159077,1.3478823434433227,1.3753901463707374,1.4028979492981521,1.4304057522255669,1.4579135551529816,1.4854213580803963,1.512929161007811,1.5404369639352258,1.5679447668626405,1.5954525697900552,1.6229603727174702,1.650468175644885,1.6779759785722996,1.7054837814997144,1.732991584427129,1.7604993873545438],"_type":"histogram"},"test_accuracy":0.9069,"grad_neuron_2":0.09110393256126174,"grad_neuron_3":0.08664936872417037,"train_loss":0.32459583575552636,"epoch":10,"grad_neuron_1":0.05829512104589665,"_step":56292,"_wandb":{"runtime":37},"class_samples":{"path":"media/table/class_samples_0_bf1bad6fae2bb7eb4f63.table.json","sha256":"bf1bad6fae2bb7eb4f63c64de5751c6c34c6eab3552119fba968a202bc3e1d7f","ncols":2,"_latest_artifact_path":"wandb-client-artifact://zhalt0ysq6kicyv5vka2k2ar0zry3dozyidfqawatyy5xvk6nyjyci6yrmsaa8dj9e0puclffzvewwlps394p0ilywxaqhtnjdzv4czro81sleg83pzck1u2vlyhwa6b:latest/class_samples.table.json","artifact_path":"wandb-client-artifact://mi43tj1g216hr0w3qu429l7aj21qfl8rra71lrx35oogfmfnfdmxsakv9qs46hsmxl2dlyylziw4pg2oqba614j4ihkdgn1hs2pmdf78f48fqcu75z4xogr07nsy0jxq/class_samples.table.json","nrows":50,"size":741,"log_mode":"IMMUTABLE","_type":"table-file"},"grad_neuron_0":0.10623048351913918}