{"_wandb":{"runtime":41},"test_f1":0.8986825908702597,"epoch":10,"test_accuracy":0.9001,"grad_neuron_1":0.1380726185400804,"class_samples":{"nrows":50,"ncols":2,"path":"media/table/class_samples_0_bf1bad6fae2bb7eb4f63.table.json","log_mode":"IMMUTABLE","_latest_artifact_path":"wandb-client-artifact://2ax1rmzng5fp3lhkheha8rdv4keawxw4f4za43q6ixh8xfaqrgr5rsoxuu1ke8l0x7wc89x8ewlrmd55hlap5k1n19oh7446kk016867yhxlji5ioa6g8n81bo6v1m7h:latest/class_samples.table.json","_type":"table-file","artifact_path":"wandb-client-artifact://ve9a3n0o1474nril27kx1v9uwjefgj74agsaig2cvnnam4t9gq184ipmxo3hdx1t0bi5ccvm6yzhdoe3xfcrtleov7c1ngsp442iebci9kce4v9kdnt5le12esdc3g6w/class_samples.table.json","size":741,"sha256":"bf1bad6fae2bb7eb4f63c64de5751c6c34c6eab3552119fba968a202bc3e1d7f"},"_runtime":41,"_step":56292,"grad_neuron_0":0.32796541258798584,"grad_norm_layer1":2.3284271618628694,"_timestamp":1.7729016533185985e+09,"activation_hist_layer1":{"_type":"histogram","values":[3,7,10,15,20,37,32,43,50,74,59,74,60,88,118,110,120,135,139,182,165,183,181,191,190,178,219,222,240,226,240,255,240,221,238,224,222,225,243,204,204,203,197,209,166,157,169,171,126,130,100,117,105,95,88,65,46,45,37,22,28,16,9,4],"bins":[-0.9380082799908293,-0.9086545047521626,-0.8793007295134958,-0.8499469542748291,-0.8205931790361625,-0.7912394037974958,-0.7618856285588291,-0.7325318533201624,-0.7031780780814957,-0.673824302842829,-0.6444705276041622,-0.6151167523654956,-0.5857629771268289,-0.5564092018881622,-0.5270554266494956,-0.4977016514108288,-0.4683478761721621,-0.43899410093349545,-0.4096403256948288,-0.380286550456162,-0.35093277521749533,-0.32157899997882866,-0.2922252247401619,-0.2628714495014952,-0.23351767426282855,-0.20416389902416188,-0.1748101237854952,-0.14545634854682843,-0.11610257330816176,-0.08674879806949509,-0.05739502283082831,-0.028041247592161644,0.001312527646505024,0.030666302885171692,0.06002007812383836,0.08937385336250514,0.1187276286011717,0.14808140383983848,0.17743517907850526,0.2067889543171718,0.2361427295558386,0.2654965047945054,0.29485028003317193,0.3242040552718387,0.3535578305105055,0.38291160574917205,0.4122653809878388,0.4416191562265054,0.47097293146517216,0.5003267067038389,0.5296804819425055,0.5590342571811723,0.5883880324198388,0.6177418076585056,0.6470955828971724,0.676449358135839,0.7058031333745057,0.7351569086131725,0.7645106838518391,0.7938644590905058,0.8232182343291726,0.8525720095678392,0.881925784806506,0.9112795600451725,0.9406333352838394]},"grad_neuron_3":0.23385692954583795,"train_accuracy":0.9040166666666667,"train_loss":0.015371064166298081,"grad_neuron_2":0.2310564249663152,"grad_neuron_4":0.11319458898133121}