{"grad_neuron_0":0.0043894004927899155,"_runtime":32,"grad_neuron_1":0.021366233647398016,"test_f1":0.38760537212694096,"grad_neuron_4":0.045112227664722594,"train_accuracy":0.507,"grad_neuron_2":0.005874707631123989,"grad_neuron_3":0.045656899520512356,"epoch":5,"test_accuracy":0.5039,"_wandb":{"runtime":32},"train_loss":0.748937871837603,"_timestamp":1.7729849000546937e+09,"grad_norm_layer1":0.37996866655855643,"_step":6,"class_samples":{"_type":"table-file","sha256":"bf1bad6fae2bb7eb4f63c64de5751c6c34c6eab3552119fba968a202bc3e1d7f","nrows":50,"artifact_path":"wandb-client-artifact://6a32wcvobhqdqqfnx390rwqij2boqpb9dtq91gqqc0u6144468xeeamlpvv6ebiz81165xb7ssjqqm9wxpgs966k0utcevggyb7aewrhmp8vxg7hxhe7ew1nj74axiln/class_samples.table.json","ncols":2,"log_mode":"IMMUTABLE","_latest_artifact_path":"wandb-client-artifact://rhkvqa40mpx2p0414cpcr9yno6nytpv8wr9vp8x05z1644hrrjiuduqys6o2h16p7s91ne8y0tknj454felyltww3vvhwmvm6oh868rtoy3nad9la4jnivbknyhl5lyo:latest/class_samples.table.json","path":"media/table/class_samples_0_bf1bad6fae2bb7eb4f63.table.json","size":741},"activation_hist_layer1":{"values":[622703,64982,63135,60010,56340,52172,47456,43526,38876,34206,29791,25819,22363,19043,16296,13701,11647,9510,8070,6865,5790,4915,4165,3330,2815,2381,1988,1638,1308,1063,879,682,574,426,326,259,225,156,117,98,88,62,50,30,28,28,19,11,4,6,6,5,4,2,5,1,2,2,0,0,0,0,0,1],"bins":[0,0.05904244593885797,0.11808489187771594,0.17712733781657392,0.23616978375543188,0.29521222969428984,0.35425467563314783,0.41329712157200577,0.47233956751086376,0.5313820134497217,0.5904244593885797,0.6494669053274377,0.7085093512662957,0.7675517972051537,0.8265942431440115,0.8856366890828695,0.9446791350217275,1.0037215809605855,1.0627640268994434,1.1218064728383015,1.1808489187771594,1.2398913647160175,1.2989338106548753,1.3579762565937332,1.4170187025325913,1.4760611484714492,1.5351035944103073,1.5941460403491652,1.653188486288023,1.7122309322268812,1.771273378165739,1.8303158241045971,1.889358270043455,1.948400715982313,2.007443161921171,2.066485607860029,2.1255280537988868,2.184570499737745,2.243612945676603,2.3026553916154606,2.3616978375543187,2.420740283493177,2.479782729432035,2.5388251753708926,2.5978676213097507,2.656910067248609,2.7159525131874664,2.7749949591263245,2.8340374050651826,2.8930798510040403,2.9521222969428984,3.0111647428817565,3.0702071888206146,3.1292496347594723,3.1882920806983304,3.2473345266371885,3.306376972576046,3.3654194185149042,3.4244618644537623,3.48350431039262,3.542546756331478,3.601589202270336,3.6606316482091943,3.719674094148052,3.77871654008691],"_type":"histogram"}}