{"grad_neuron_4":0.042809718976756686,"_wandb":{"runtime":39},"grad_neuron_1":0.028579458023715757,"_runtime":39,"_timestamp":1.7729012778774858e+09,"grad_norm_layer1":0.5101128653226973,"test_f1":0.825602141181399,"epoch":10,"train_loss":0.909220952221206,"class_samples":{"nrows":50,"_type":"table-file","ncols":2,"log_mode":"IMMUTABLE","sha256":"bf1bad6fae2bb7eb4f63c64de5751c6c34c6eab3552119fba968a202bc3e1d7f","size":741,"path":"media/table/class_samples_0_bf1bad6fae2bb7eb4f63.table.json","artifact_path":"wandb-client-artifact://8fiay4g8cop2us2h57phrnfsz5bwb23z7xagmi97818uj9vo93z2d6njt18fanfjz6mvioegpur5rvk0el5tbbkcu3mdpcwslggu5xhmo33hk8ivjqbb379kw6atc3z7/class_samples.table.json","_latest_artifact_path":"wandb-client-artifact://1q260qpad7w75eey53eic1str4x3o6kbmhhcw3ohpfbdfo8ubhxdmarsuo2nlsgt0eq9978y8snjpke4xz99sti0ivr16jv3t54tv2vjp954hk8u7nj5vxaleafv8o9z:latest/class_samples.table.json"},"grad_neuron_2":0.08421314718993325,"grad_neuron_3":0.05341597223024483,"grad_neuron_0":0.020793653339289363,"train_accuracy":0.83115,"_step":56292,"activation_hist_layer1":{"values":[2,2,1,4,1,6,2,11,16,28,48,39,39,69,69,103,95,124,175,165,170,211,250,229,281,309,336,322,361,344,324,343,326,327,323,303,267,266,232,205,207,206,186,144,117,112,95,70,55,61,52,36,14,25,24,23,10,7,5,9,1,0,2,3],"bins":[0.14556253618945364,0.15673902560305114,0.16791551501664867,0.17909200443024617,0.1902684938438437,0.2014449832574412,0.2126214726710387,0.2237979620846362,0.23497445149823373,0.24615094091183126,0.25732743032542876,0.26850391973902626,0.27968040915262377,0.2908568985662213,0.3020333879798188,0.3132098773934163,0.3243863668070138,0.3355628562206113,0.34673934563420883,0.35791583504780633,0.3690923244614039,0.3802688138750014,0.3914453032885989,0.4026217927021964,0.4137982821157939,0.42497477152939145,0.43615126094298895,0.44732775035658645,0.45850423977018395,0.46968072918378145,0.480857218597379,0.4920337080109765,0.503210197424574,0.5143866868381715,0.525563176251769,0.5367396656653666,0.5479161550789641,0.5590926444925616,0.5702691339061591,0.5814456233197566,0.5926221127333542,0.6037986021469517,0.6149750915605492,0.6261515809741467,0.6373280703877442,0.6485045598013417,0.6596810492149392,0.6708575386285367,0.6820340280421342,0.6932105174557317,0.7043870068693292,0.7155634962829267,0.7267399856965242,0.7379164751101217,0.7490929645237192,0.7602694539373167,0.7714459433509142,0.7826224327645117,0.7937989221781092,0.8049754115917069,0.8161519010053044,0.8273283904189019,0.8385048798324994,0.8496813692460969,0.8608578586596943],"_type":"histogram"},"test_accuracy":0.8289}