{"grad_neuron_4":0.033936655254586924,"test_f1":0.8489771797396749,"_timestamp":1.7729025947488976e+09,"activation_hist_layer1":{"bins":[0.12309713629344583,0.13427346365143947,0.14544979100943312,0.15662611836742676,0.1678024457254204,0.17897877308341406,0.1901551004414077,0.20133142779940133,0.212507755157395,0.22368408251538863,0.2348604098733823,0.24603673723137592,0.25721306458936954,0.2683893919473632,0.27956571930535684,0.2907420466633505,0.30191837402134414,0.3130947013793378,0.32427102873733143,0.3354473560953251,0.34662368345331873,0.35780001081131235,0.36897633816930603,0.38015266552729965,0.39132899288529327,0.40250532024328695,0.41368164760128057,0.42485797495927424,0.43603430231726786,0.44721062967526154,0.45838695703325516,0.46956328439124884,0.48073961174924246,0.4919159391072361,0.5030922664652298,0.5142685938232234,0.5254449211812171,0.5366212485392107,0.5477975758972043,0.558973903255198,0.5701502306131917,0.5813265579711853,0.5925028853291789,0.6036792126871726,0.6148555400451662,0.6260318674031599,0.6372081947611535,0.6483845221191472,0.6595608494771408,0.6707371768351345,0.6819135041931281,0.6930898315511218,0.7042661589091154,0.715442486267109,0.7266188136251027,0.7377951409830964,0.74897146834109,0.7601477956990836,0.7713241230570773,0.7825004504150709,0.7936767777730646,0.8048531051310582,0.8160294324890519,0.8272057598470455,0.8383820872050392],"_type":"histogram","values":[1,1,1,3,1,3,6,12,13,18,19,23,34,38,61,63,80,79,92,120,146,158,187,215,206,227,240,262,260,289,322,268,301,327,323,304,331,297,296,276,273,252,229,233,174,178,116,138,112,103,103,70,67,54,50,29,37,17,17,16,9,4,4,4]},"grad_neuron_1":0.11735014231708171,"train_accuracy":0.8506333333333334,"epoch":10,"grad_norm_layer1":0.977684810526394,"_runtime":43,"class_samples":{"_latest_artifact_path":"wandb-client-artifact://u9tm8dshittp203i45rg1mrro6cud5c477ab0ht0p8cvgcvrd878xaq6upr1swhos50atryen2efcdqrjlb5e0xqtn9pp7plidrgk87vum7ukgbel4granj4emglo6ni:latest/class_samples.table.json","size":741,"nrows":50,"sha256":"bf1bad6fae2bb7eb4f63c64de5751c6c34c6eab3552119fba968a202bc3e1d7f","_type":"table-file","artifact_path":"wandb-client-artifact://dpwns4bi58esz8ymv8kyo4r53ed3jhk19n84dwykqneuntidq0xgw7erhcvpaubmyfr9ww0tekepwtgx1q90pg2v8jt1wc22oy0u3gszr1rkfblij7e5r0pjkbip1jik/class_samples.table.json","ncols":2,"log_mode":"IMMUTABLE","path":"media/table/class_samples_0_bf1bad6fae2bb7eb4f63.table.json"},"grad_neuron_2":0.051421693572336086,"train_loss":0.030869334905260382,"_wandb":{"runtime":43},"grad_neuron_3":0.0580832154849058,"_step":56292,"test_accuracy":0.8512,"grad_neuron_0":0.04974555571761504}