{"test_accuracy":0.9102,"_step":56292,"grad_norm_layer1":2.7446840131624906,"grad_neuron_2":0.0857462725169771,"grad_neuron_3":0.05569017959485536,"epoch":10,"train_accuracy":0.9125166666666666,"grad_neuron_4":0.19359022481573263,"class_samples":{"log_mode":"IMMUTABLE","sha256":"bf1bad6fae2bb7eb4f63c64de5751c6c34c6eab3552119fba968a202bc3e1d7f","nrows":50,"path":"media/table/class_samples_0_bf1bad6fae2bb7eb4f63.table.json","artifact_path":"wandb-client-artifact://eu5oxckmz5s16lq1pmxgn0x2e2oaex5s3djpd59ynbjw0djlui9etp17s6fm9bshd6obs0aq8htb9igi8j9ixqncr0blm1b2hggqivvqi6bvqxtuts6jfxbq6lzhklau/class_samples.table.json","size":741,"ncols":2,"_type":"table-file","_latest_artifact_path":"wandb-client-artifact://ik5k4s2wm4llbxjvxwfzyn3a9zlmttdwrt4i2soun2dt0fo0h5xrjk26uci2ki9eezxfsyox2a0hn8v6ev6bj8jsp5w3vv5hpbeqwjq8bzxa4ue1fx6h8qftgykam0eo:latest/class_samples.table.json"},"test_f1":0.9089344789934122,"activation_hist_layer1":{"values":[4104,225,190,199,211,237,171,196,181,198,180,153,170,158,137,108,126,110,120,93,95,85,63,72,70,70,45,48,36,41,38,35,42,19,34,21,23,15,13,15,6,6,6,5,2,2,2,5,3,1,1,1,0,0,0,3,0,0,0,0,0,0,0,2],"bins":[0,0.0279174704343975,0.055834940868795,0.0837524113031925,0.11166988173759,0.1395873521719875,0.167504822606385,0.1954222930407825,0.22333976347518,0.2512572339095775,0.279174704343975,0.30709217477837253,0.33500964521277,0.3629271156471675,0.390844586081565,0.4187620565159625,0.44667952695036,0.4745969973847575,0.502514467819155,0.5304319382535525,0.55834940868795,0.5862668791223475,0.6141843495567451,0.6421018199911425,0.67001929042554,0.6979367608599375,0.725854231294335,0.7537717017287325,0.78168917216313,0.8096066425975275,0.837524113031925,0.8654415834663225,0.89335905390072,0.9212765243351175,0.949193994769515,0.9771114652039126,1.00502893563831,1.0329464060727076,1.060863876507105,1.0887813469415024,1.1166988173759,1.1446162878102975,1.172533758244695,1.2004512286790925,1.2283686991134901,1.2562861695478875,1.284203639982285,1.3121211104166826,1.34003858085108,1.3679560512854776,1.395873521719875,1.4237909921542726,1.45170846258867,1.4796259330230674,1.507543403457465,1.5354608738918625,1.56337834432626,1.5912958147606575,1.619213285195055,1.6471307556294525,1.67504822606385,1.7029656964982476,1.730883166932645,1.7588006373670426,1.78671810780144],"_type":"histogram"},"_wandb":{"runtime":43},"grad_neuron_0":0.24470908115112602,"train_loss":0.01352835361272967,"_timestamp":1.7729017090361292e+09,"_runtime":43,"grad_neuron_1":0.04556140764964314}