{"class_samples":{"_type":"table-file","size":741,"nrows":50,"_latest_artifact_path":"wandb-client-artifact://jo1y9738knt57s3jwgfj4axujbknhi4i422y9tewwsj363i50cb1scor1liuc28vlrm2wgff6wp6z3eg0vycvs7n3y5sm43t4wn5hrigi9sowqo2gk2zfx529jw4jsej:latest/class_samples.table.json","artifact_path":"wandb-client-artifact://65qmc7dhm61wzpf6cbquj266pqnyrgrdw9heg6b2yn5j4kl6aqvx5xl4hn3bl0yx0grakiyk65bpyw8rjofled1ll35jrik0yv9f8mlon96yq5xqqszg4oe9ibjheokp/class_samples.table.json","log_mode":"IMMUTABLE","path":"media/table/class_samples_0_bf1bad6fae2bb7eb4f63.table.json","ncols":2,"sha256":"bf1bad6fae2bb7eb4f63c64de5751c6c34c6eab3552119fba968a202bc3e1d7f"},"test_accuracy":0.9662,"activation_hist_layer1":{"_type":"histogram","values":[4331,264,263,238,267,243,247,236,225,213,175,152,158,137,138,117,114,85,76,55,66,52,48,53,43,33,25,20,16,18,13,13,13,6,6,6,7,3,2,2,2,2,0,0,1,0,1,2,0,1,1,1,0,0,1,0,0,0,0,0,0,0,0,1],"bins":[0,0.03336349252470265,0.0667269850494053,0.10009047757410795,0.1334539700988106,0.16681746262351327,0.2001809551482159,0.23354444767291854,0.2669079401976212,0.30027143272232387,0.33363492524702654,0.36699841777172915,0.4003619102964318,0.4337254028211345,0.4670888953458371,0.5004523878705398,0.5338158803952424,0.567179372919945,0.6005428654446477,0.6339063579693504,0.6672698504940531,0.7006333430187557,0.7339968355434583,0.767360328068161,0.8007238205928636,0.8340873131175662,0.867450805642269,0.9008142981669716,0.9341777906916742,0.9675412832163769,1.0009047757410796,1.0342682682657822,1.0676317607904848,1.1009952533151874,1.13435874583989,1.1677222383645929,1.2010857308892955,1.234449223413998,1.2678127159387007,1.3011762084634033,1.3345397009881061,1.3679031935128088,1.4012666860375114,1.434630178562214,1.4679936710869166,1.5013571636116192,1.534720656136322,1.5680841486610246,1.6014476411857272,1.6348111337104299,1.6681746262351325,1.7015381187598353,1.734901611284538,1.7682651038092405,1.8016285963339431,1.8349920888586457,1.8683555813833483,1.9017190739080512,1.9350825664327538,1.9684460589574564,2.001809551482159,2.0351730440068616,2.0685365365315644,2.101900029056267,2.1352635215809697]},"_wandb":{"runtime":43},"test_f1":0.9660074952690009,"grad_neuron_3":0.04537771317289091,"grad_norm_layer1":2.6366562883991125,"grad_neuron_0":0.071647390853749,"train_loss":0.003744095856935164,"grad_neuron_1":0.6528801929575098,"_runtime":43,"_step":56292,"epoch":10,"train_accuracy":0.97895,"grad_neuron_4":0.37963879016618035,"_timestamp":1.7729023658448012e+09,"grad_neuron_2":0.0941010751367207}