{"test_f1":0.9232143308821306,"grad_neuron_2":0.13183621010074437,"grad_neuron_1":0.24383905421366375,"grad_neuron_3":0.2811192915812593,"grad_norm_layer1":2.461565191521919,"_runtime":41,"_step":56292,"train_accuracy":0.9259333333333334,"grad_neuron_4":0.15933329541390132,"_wandb":{"runtime":41},"train_loss":0.011676949476312579,"grad_neuron_0":0.161989709334494,"epoch":10,"activation_hist_layer1":{"_type":"histogram","values":[4270,280,278,256,261,239,203,248,207,212,170,165,135,163,127,132,129,92,71,97,86,63,45,38,33,40,23,24,24,21,8,9,5,8,5,3,7,2,1,2,2,1,0,0,1,1,0,0,0,0,2,1,1,0,0,0,0,0,0,0,0,0,0,1],"bins":[0,0.03468030602668952,0.06936061205337904,0.10404091808006856,0.13872122410675808,0.1734015301334476,0.20808183616013712,0.24276214218682662,0.27744244821351616,0.3121227542402057,0.3468030602668952,0.3814833662935847,0.41616367232027424,0.45084397834696377,0.48552428437365325,0.5202045904003428,0.5548848964270323,0.5895652024537218,0.6242455084804114,0.6589258145071009,0.6936061205337904,0.7282864265604799,0.7629667325871694,0.797647038613859,0.8323273446405485,0.867007650667238,0.9016879566939275,0.936368262720617,0.9710485687473065,1.005728874773996,1.0404091808006857,1.075089486827375,1.1097697928540646,1.1444500988807542,1.1791304049074436,1.2138107109341332,1.2484910169608228,1.2831713229875121,1.3178516290142017,1.3525319350408913,1.387212241067581,1.4218925470942703,1.4565728531209599,1.4912531591476494,1.5259334651743388,1.5606137712010284,1.595294077227718,1.6299743832544074,1.664654689281097,1.6993349953077865,1.734015301334476,1.7686956073611655,1.803375913387855,1.8380562194145444,1.872736525441234,1.9074168314679236,1.942097137494613,1.9767774435213026,2.011457749547992,2.0461380555746818,2.0808183616013713,2.1154986676280605,2.15017897365475,2.1848592796814397,2.2195395857081293]},"test_accuracy":0.9241,"class_samples":{"artifact_path":"wandb-client-artifact://s2z3ow6ogbtz050fpf4lu38c4bemdzpck64mg3yakaz9tpo3ql074kz0dakrhnepeketgv4kuhrhzmx8ie5k4gs9ak0shpad8simthtcwdb8hvzhlee9n9v9p8ti97zp/class_samples.table.json","sha256":"bf1bad6fae2bb7eb4f63c64de5751c6c34c6eab3552119fba968a202bc3e1d7f","ncols":2,"_type":"table-file","path":"media/table/class_samples_0_bf1bad6fae2bb7eb4f63.table.json","log_mode":"IMMUTABLE","_latest_artifact_path":"wandb-client-artifact://2lithos2izou1jmv2f2e6x7w5k8l54j4m5b835hezbtv6ssjvqsegm3i8u090bycx4huxcj9ps0c6vqhzrjqfbapxamo3x6r0lgc7ttcchsil1ar94zf1q1tqtw75ay5:latest/class_samples.table.json","nrows":50,"size":741},"_timestamp":1.77290216494608e+09}