{"_wandb":{"runtime":28},"_step":6,"test_accuracy":0.9675,"grad_neuron_0":0.018334675856308078,"test_f1":0.9673728907209715,"epoch":5,"grad_neuron_2":0.05952518978263756,"grad_neuron_1":0.0006442764744284457,"train_accuracy":0.9744,"grad_neuron_4":0.0690504461711869,"grad_norm_layer1":0.4516297249234704,"_timestamp":1.7729832007211368e+09,"train_loss":0.0989749340530798,"activation_hist_layer1":{"bins":[0,0.12550228745442674,0.2510045749088535,0.37650686236328024,0.502009149817707,0.6275114372721337,0.7530137247265605,0.8785160121809872,1.004018299635414,1.1295205870898406,1.2550228745442673,1.380525161998694,1.506027449453121,1.6315297369075477,1.7570320243619744,1.882534311816401,2.008036599270828,2.1335388867252547,2.259041174179681,2.384543461634108,2.5100457490885346,2.6355480365429615,2.761050323997388,2.886552611451815,3.012054898906242,3.1375571863606684,3.2630594738150953,3.388561761269522,3.5140640487239487,3.639566336178375,3.765068623632802,3.8905709110872286,4.016073198541656,4.141575485996082,4.267077773450509,4.392580060904936,4.518082348359362,4.643584635813789,4.769086923268216,4.894589210722643,5.020091498177069,5.145593785631497,5.271096073085923,5.39659836054035,5.522100647994776,5.647602935449203,5.77310522290363,5.898607510358056,6.024109797812484,6.14961208526691,6.275114372721337,6.400616660175763,6.526118947630191,6.651621235084617,6.777123522539044,6.90262580999347,7.0281280974478975,7.153630384902324,7.27913267235675,7.404634959811178,7.530137247265604,7.655639534720031,7.781141822174457,7.906644109628885,8.032146397083311],"_type":"histogram","values":[331673,26049,24687,23102,21610,20724,19548,18420,16879,15489,14145,12742,11537,10464,9233,8269,7406,6556,5798,5188,4448,3872,3259,2960,2549,2233,1877,1591,1355,1099,978,807,623,519,426,361,303,227,209,152,157,100,88,60,59,52,27,23,17,20,10,5,3,4,3,2,0,1,0,0,1,0,0,1]},"grad_neuron_3":0.008634415142941177,"_runtime":28,"class_samples":{"log_mode":"IMMUTABLE","_type":"table-file","sha256":"bf1bad6fae2bb7eb4f63c64de5751c6c34c6eab3552119fba968a202bc3e1d7f","artifact_path":"wandb-client-artifact://pspr601tfcy6jc8x7q3vt57b85spjnrtn9aj42kypuocoi80rgure3ithv6sgraouxmfuhf1v9vhdoxc78u17e5evgezu57py2wl8uys59xwnz981j9whnjpp3gtyb9g/class_samples.table.json","nrows":50,"path":"media/table/class_samples_0_bf1bad6fae2bb7eb4f63.table.json","_latest_artifact_path":"wandb-client-artifact://eron5n13qcbnh7d49cdt792ozzj8r195pfrqnzfzqcqobol5hct59bux04jmr88focijqi5w1t9c797rqvyqty1n3motpxb0gpr3xiow4n2n0eqk68zipckfqntiko7u:latest/class_samples.table.json","ncols":2,"size":741}}