{"grad_neuron_2":0.04889777268027796,"train_accuracy":0.9867833333333333,"_wandb":{"runtime":38},"grad_norm_layer1":0.27906181621058446,"grad_neuron_0":0.02233898649470609,"_runtime":38,"grad_neuron_1":0.008119557606130364,"grad_neuron_4":0.011019828367053466,"test_f1":0.969263885386297,"test_accuracy":0.9695,"_step":56292,"activation_hist_layer1":{"bins":[0,0.0359593061767586,0.0719186123535172,0.10787791853027578,0.1438372247070344,0.179796530883793,0.21575583706055157,0.2517151432373102,0.2876744494140688,0.32363375559082735,0.359593061767586,0.39555236794434456,0.43151167412110314,0.46747098029786177,0.5034302864746204,0.539389592651379,0.5753488988281376,0.6113082050048961,0.6472675111816547,0.6832268173584134,0.719186123535172,0.7551454297119305,0.7911047358886891,0.8270640420654477,0.8630233482422063,0.898982654418965,0.9349419605957235,0.9709012667724821,1.0068605729492408,1.0428198791259993,1.078779185302758,1.1147384914795164,1.1506977976562751,1.1866571038330338,1.2226164100097923,1.258575716186551,1.2945350223633094,1.330494328540068,1.3664536347168268,1.4024129408935853,1.438372247070344,1.4743315532471024,1.510290859423861,1.5462501656006198,1.5822094717773783,1.618168777954137,1.6541280841308954,1.690087390307654,1.7260466964844126,1.7620060026611712,1.79796530883793,1.8339246150146884,1.869883921191447,1.9058432273682056,1.9418025335449642,1.977761839721723,2.0137211458984816,2.04968045207524,2.0856397582519985,2.1215990644287572,2.157558370605516,2.1935176767822746,2.229476982959033,2.2654362891357915,2.3013955953125502],"_type":"histogram","values":[2117,160,126,119,121,134,115,96,95,89,103,87,75,64,67,44,65,38,46,40,38,28,32,21,20,17,19,21,10,13,10,6,14,7,3,5,9,5,3,2,2,1,0,1,1,1,1,0,1,1,1,0,0,0,0,0,0,0,0,1,0,0,0,1]},"epoch":10,"train_loss":0.042619580702489016,"grad_neuron_3":0.09204603170088003,"_timestamp":1.7729006835489054e+09,"class_samples":{"_latest_artifact_path":"wandb-client-artifact://j5wisrl4dv5cwpdons9s0yfnybx88eof3xv4rma68iw59qnbsptrv0raw86ety4jyjldmxm0s6rdfn2ytf7u1qbsoo0orhneo2ymnytldcj8snwku7dyxbb1y5m8hw5u:latest/class_samples.table.json","log_mode":"IMMUTABLE","sha256":"bf1bad6fae2bb7eb4f63c64de5751c6c34c6eab3552119fba968a202bc3e1d7f","_type":"table-file","nrows":50,"path":"media/table/class_samples_0_bf1bad6fae2bb7eb4f63.table.json","ncols":2,"size":741,"artifact_path":"wandb-client-artifact://r89n2e61i1pckc84ubkkmkduut85v4bgrb46nv647ubq9wedf2n71tfb6u2shp5hq3i94lk6ms5zj9qrn831jevy1tmc0gfk82z9ij8hxl554xmua8mnpwsjzlhfvdv3/class_samples.table.json"}}