{"grad_neuron_1":0.0271939231625368,"grad_neuron_4":0.03869608424806041,"test_accuracy":0.9656,"grad_neuron_2":0.013325598182858818,"grad_neuron_0":0.031466018141569636,"train_loss":0.038096417446805385,"train_accuracy":0.9754,"_timestamp":1.7729850611750774e+09,"_step":6,"activation_hist_layer1":{"values":[318829,28364,26785,25278,24271,23025,22184,20444,19168,17777,16251,14570,12954,11365,9631,8193,6939,6017,5051,4157,3471,2750,2369,2014,1565,1282,981,831,666,560,450,365,310,223,167,143,130,103,81,65,47,29,35,23,17,15,21,10,3,6,1,6,1,2,0,2,1,0,1,0,0,0,0,1],"bins":[0,0.2773300133938171,0.5546600267876342,0.8319900401814513,1.1093200535752683,1.3866500669690853,1.6639800803629026,1.9413100937567196,2.2186401071505366,2.495970120544354,2.7733001339381707,3.050630147331988,3.327960160725805,3.605290174119622,3.882620187513439,4.159950200907256,4.437280214301073,4.71461022769489,4.991940241088708,5.2692702544825245,5.546600267876341,5.823930281270159,6.101260294663976,6.378590308057793,6.65592032145161,6.933250334845427,7.210580348239244,7.487910361633061,7.765240375026878,8.042570388420696,8.319900401814513,8.59723041520833,8.874560428602146,9.151890441995963,9.42922045538978,9.706550468783597,9.983880482177415,10.261210495571232,10.538540508965049,10.815870522358866,11.093200535752683,11.3705305491465,11.647860562540318,11.925190575934135,12.202520589327952,12.479850602721768,12.757180616115585,13.034510629509402,13.31184064290322,13.589170656297037,13.866500669690854,14.143830683084671,14.421160696478488,14.698490709872305,14.975820723266121,15.25315073665994,15.530480750053757,15.807810763447574,16.085140776841392,16.362470790235207,16.639800803629026,16.91713081702284,17.19446083041666,17.471790843810474,17.749120857204293],"_type":"histogram"},"epoch":5,"grad_neuron_3":0.036787931205143155,"class_samples":{"artifact_path":"wandb-client-artifact://0by2bsamje5t15a0b1nwtvkykseqe9j8gvry2e3y987u1p1mo16nbtizazc3ljjrwylda2aqocln9suvxkaytvbtc6y5oogomqtibzefwxkctuqcg92bev2961fhr21q/class_samples.table.json","ncols":2,"path":"media/table/class_samples_0_bf1bad6fae2bb7eb4f63.table.json","nrows":50,"_latest_artifact_path":"wandb-client-artifact://mkadlpuk2zas378feepibpj3w49head6qr8rdxcvs8yyzuz78y6mk2wpvu2j6q8oj1ov03uvz13ngv3v59ag1ag7p25o9kzulp9ocgg96emdwwsrwiu5yno0vd5taspr:latest/class_samples.table.json","_type":"table-file","sha256":"bf1bad6fae2bb7eb4f63c64de5751c6c34c6eab3552119fba968a202bc3e1d7f","size":741,"log_mode":"IMMUTABLE"},"_wandb":{"runtime":23},"test_f1":0.965359893166811,"_runtime":23,"grad_norm_layer1":0.42257212529862936}