{"activation_hist_layer1":{"_type":"histogram","values":[100,404,970,1882,2957,4108,5569,7211,8807,10274,12290,14385,16253,17791,19557,21348,23050,24493,25845,27021,28088,29118,30182,31059,31885,32808,33350,33888,34200,34570,34672,34843,35573,35144,34767,34619,34393,33826,33261,32367,31466,30602,29624,28313,27211,25820,24718,23259,21687,20024,18116,16393,14844,13092,11109,9614,7913,6438,4816,3532,2368,1397,593,123],"bins":[-0.9789919910034703,-0.948293504117048,-0.9175950172306258,-0.8868965303442033,-0.856198043457781,-0.8254995565713588,-0.7948010696849364,-0.7641025827985141,-0.7334040959120918,-0.7027056090256695,-0.6720071221392472,-0.6413086352528248,-0.6106101483664025,-0.5799116614799802,-0.5492131745935578,-0.5185146877071355,-0.4878162008207132,-0.4571177139342909,-0.4264192270478686,-0.3957207401614462,-0.3650222532750239,-0.3343237663886016,-0.3036252795021792,-0.2729267926157569,-0.24222830572933463,-0.21152981884291233,-0.18083133195649004,-0.15013284507006763,-0.11943435818364534,-0.08873587129722305,-0.05803738441080064,-0.027338897524378347,0.0033595893620439465,0.03405807624846635,0.06475656313488853,0.09545505002131094,0.12615353690773312,0.15685202379415553,0.18755051068057793,0.2182489975670001,0.24894748445342252,0.2796459713398449,0.3103444582262671,0.3410429451126895,0.3717414319991119,0.4024399188855341,0.4331384057719565,0.4638368926583787,0.4945353795448011,0.5252338664312235,0.5559323533176457,0.5866308402040681,0.6173293270904903,0.6480278139769127,0.6787263008633351,0.7094247877497573,0.7401232746361797,0.7708217615226021,0.8015202484090242,0.8322187352954467,0.8629172221818691,0.8936157090682912,0.9243141959547136,0.9550126828411358,0.9857111697275582]},"train_accuracy":0.789,"grad_neuron_2":0.033743387020715304,"grad_neuron_1":0.07935757194172743,"test_accuracy":0.7771,"grad_neuron_0":0.09203714421381805,"grad_neuron_3":0.059046883125876595,"epoch":5,"_runtime":41,"grad_norm_layer1":0.6620198668959237,"_wandb":{"runtime":41},"test_f1":0.7361964258016963,"train_loss":0.3822010381532994,"class_samples":{"nrows":50,"log_mode":"IMMUTABLE","_type":"table-file","sha256":"bf1bad6fae2bb7eb4f63c64de5751c6c34c6eab3552119fba968a202bc3e1d7f","artifact_path":"wandb-client-artifact://6jr7rgx4lsmzh3kcnxov9iujmu6dgs0ugfzpu4mzag0ylrhrpn26nqqh644q48zcty66cbdugjufd1iz4kej9qjcclvl0i56mu6ujddnmzp1rg4le5nnmkf9mlvyepzn/class_samples.table.json","_latest_artifact_path":"wandb-client-artifact://xlyt19ju7q1eplwo93ber2omdarxf994mb0lvbz86llvn8wo6pgjpkcxkyxo1aoyt5frv1uigpzxg6yiv6rzh14y4fuw3w7zm5t4kh8sbgpumoe62x624e400hyyb8gf:latest/class_samples.table.json","path":"media/table/class_samples_0_bf1bad6fae2bb7eb4f63.table.json","ncols":2,"size":741},"_step":6,"_timestamp":1.7729825621295807e+09,"grad_neuron_4":0.0641002433382652}