{"grad_neuron_1":0.010520341523801819,"grad_neuron_4":0.0055718341237916014,"class_samples":{"nrows":50,"ncols":2,"size":741,"_type":"table-file","_latest_artifact_path":"wandb-client-artifact://32jmoasbpme2nipaqvgu7yk61z451w6ti580xho0y80sd6b1scsyfkxhsn83t0be7u65okj9kxzd18xw5l68lgh9f1a65fy94kpwg0dhynp9oftyp8s0ii0gr2wgg78i:latest/class_samples.table.json","sha256":"bf1bad6fae2bb7eb4f63c64de5751c6c34c6eab3552119fba968a202bc3e1d7f","log_mode":"IMMUTABLE","artifact_path":"wandb-client-artifact://kn6vw813vtvpbyz4j5vbrtshlbk5m2kj9svodyhuxu88turk0kfckmxzanpwjyquclujqkvpe53jwp7meijyt5hfdcii21oedgr0j7bi6eh3c4xb8xoqe71a5sodbw9z/class_samples.table.json","path":"media/table/class_samples_0_bf1bad6fae2bb7eb4f63.table.json"},"_wandb":{"runtime":34},"_runtime":34,"_timestamp":1.7729844317751565e+09,"activation_hist_layer1":{"_type":"histogram","values":[746332,47945,45753,43576,41244,38804,35785,32977,30288,27709,24773,22663,20209,17788,15727,13490,11860,10082,8562,7231,6286,5175,4439,3739,3015,2517,2083,1783,1429,1172,990,873,697,603,462,380,313,256,203,163,128,105,69,69,57,33,36,30,24,22,8,7,10,6,7,3,4,1,2,1,1,0,0,1],"bins":[0,0.22616546154941264,0.4523309230988253,0.6784963846482379,0.9046618461976506,1.1308273077470632,1.3569927692964758,1.5831582308458885,1.809323692395301,2.035489153944714,2.2616546154941264,2.487820077043539,2.7139855385929517,2.9401510001423645,3.166316461691777,3.3924819232411894,3.618647384790602,3.844812846340015,4.070978307889428,4.29714376943884,4.523309230988253,4.749474692537666,4.975640154087078,5.2018056156364905,5.427971077185903,5.654136538735316,5.880302000284729,6.106467461834141,6.332632923383554,6.558798384932967,6.784963846482379,7.011129308031792,7.237294769581204,7.463460231130617,7.68962569268003,7.915791154229442,8.141956615778856,8.368122077328268,8.59428753887768,8.820453000427094,9.046618461976506,9.272783923525918,9.498949385075331,9.725114846624743,9.951280308174155,10.177445769723569,10.403611231272981,10.629776692822395,10.855942154371807,11.082107615921219,11.308273077470632,11.534438539020044,11.760604000569458,11.98676946211887,12.212934923668282,12.439100385217696,12.665265846767108,12.89143130831652,13.117596769865933,13.343762231415345,13.569927692964757,13.796093154514171,14.022258616063583,14.248424077612997,14.474589539162409]},"grad_neuron_2":0.008576498365494954,"train_accuracy":0.9884,"epoch":5,"grad_neuron_0":0.0120400482968832,"grad_norm_layer1":0.26364770157110207,"train_loss":0.05188771967952405,"test_f1":0.9726504403761714,"_step":6,"grad_neuron_3":0.003804193860188671,"test_accuracy":0.9728}