{"grad_neuron_4":0.1561980072126416,"grad_neuron_1":0.12638986862320906,"_runtime":29,"_step":6,"activation_hist_layer1":{"bins":[0,0.08167629569940366,0.1633525913988073,0.24502888709821097,0.3267051827976146,0.4083814784970183,0.49005777419642194,0.5717340698958255,0.6534103655952292,0.735086661294633,0.8167629569940366,0.8984392526934402,0.9801155483928439,1.0617918440922476,1.143468139791651,1.2251444354910548,1.3068207311904585,1.3884970268898622,1.470173322589266,1.5518496182886694,1.6335259139880731,1.7152022096874768,1.7968785053868803,1.878554801086284,1.9602310967856877,2.0419073924850912,2.123583688184495,2.2052599838838987,2.286936279583302,2.368612575282706,2.4502888709821096,2.5319651666815135,2.613641462380917,2.6953177580803205,2.7769940537797244,2.858670349479128,2.940346645178532,3.0220229408779353,3.103699236577339,3.1853755322767427,3.2670518279761462,3.3487281236755497,3.4304044193749537,3.512080715074357,3.5937570107737606,3.6754333064731646,3.757109602172568,3.838785897871972,3.9204621935713755,4.002138489270779,4.0838147849701825,4.165491080669587,4.24716737636899,4.328843672068394,4.410519967767797,4.492196263467201,4.573872559166604,4.655548854866009,4.737225150565412,4.818901446264816,4.900577741964219,4.982254037663623,5.063930333363027,5.1456066290624305,5.227282924761834],"_type":"histogram","values":[515392,58521,58048,57417,56514,53896,51352,48414,44383,40836,36915,33380,29738,26499,23192,21012,18446,16173,13780,11921,10444,8816,7372,6335,5360,4384,3669,3098,2525,2130,1740,1414,1199,1057,811,698,579,518,394,346,282,227,169,147,108,77,74,45,38,43,25,14,5,7,9,3,4,2,0,1,0,1,0,1]},"grad_norm_layer1":1.1117898173558547,"test_f1":0.8352682656025519,"grad_neuron_2":0.026260365577741956,"test_accuracy":0.8387,"grad_neuron_3":0.05161301248024575,"train_accuracy":0.8484,"epoch":5,"_wandb":{"runtime":29},"train_loss":0.6968637357121513,"grad_neuron_0":0.062143494155375276,"class_samples":{"ncols":2,"_latest_artifact_path":"wandb-client-artifact://uwrfz6olxwrgkw70z998o4q3ltx2q30vkdirz72w8uh1hgr0au71ulp51w39587pm6pv7wqd8aw082y7abz92enry01ayq4pj1ege3d3i3u1adncovi8k6nwjodubj17:latest/class_samples.table.json","size":741,"sha256":"bf1bad6fae2bb7eb4f63c64de5751c6c34c6eab3552119fba968a202bc3e1d7f","_type":"table-file","log_mode":"IMMUTABLE","path":"media/table/class_samples_0_bf1bad6fae2bb7eb4f63.table.json","nrows":50,"artifact_path":"wandb-client-artifact://lvpur8thzedwu8ucvpdy3gu9j8yneisobbeuu1uvf55tmof2feshilvt2jeryyzd2eyoutggw8h2vthlgp06nprdupjy6fp8my5hcy6uc1ytoiyuqipm3v4tfqqd3873/class_samples.table.json"},"_timestamp":1.7729870073840044e+09}