{"_runtime":34,"grad_norm_layer1":0.9752862022612141,"grad_neuron_2":0.14820687229853377,"test_accuracy":0.8878,"grad_neuron_4":0.04489886263956498,"_timestamp":1.7728982438069465e+09,"grad_neuron_3":0.06198560178183134,"train_loss":0.42052778891227,"test_f1":0.8862159563567202,"activation_hist_layer1":{"_type":"histogram","values":[2104,82,90,96,84,100,75,95,70,78,72,80,64,63,68,49,61,55,48,64,55,41,35,48,39,39,25,28,18,29,22,18,23,16,17,10,14,16,8,15,14,8,6,10,5,6,6,6,4,0,2,1,2,3,1,2,1,2,0,1,0,0,1,1],"bins":[0,0.023719330765158867,0.047438661530317734,0.0711579922954766,0.09487732306063547,0.11859665382579433,0.1423159845909532,0.16603531535611207,0.18975464612127094,0.2134739768864298,0.23719330765158866,0.26091263841674756,0.2846319691819064,0.3083512999470653,0.33207063071222415,0.355789961477383,0.3795092922425419,0.40322862300770074,0.4269479537728596,0.45066728453801846,0.47438661530317733,0.4981059460683362,0.5218252768334951,0.545544607598654,0.5692639383638128,0.5929832691289717,0.6167025998941306,0.6404219306592894,0.6641412614244483,0.6878605921896072,0.711579922954766,0.7352992537199249,0.7590185844850837,0.7827379152502426,0.8064572460154015,0.8301765767805603,0.8538959075457192,0.8776152383108781,0.9013345690760369,0.9250538998411958,0.9487732306063547,0.9724925613715135,0.9962118921366724,1.0199312229018314,1.0436505536669902,1.067369884432149,1.091089215197308,1.1148085459624668,1.1385278767276257,1.1622472074927845,1.1859665382579434,1.2096858690231023,1.2334051997882611,1.25712453055342,1.2808438613185789,1.3045631920837377,1.3282825228488966,1.3520018536140554,1.3757211843792143,1.3994405151443732,1.423159845909532,1.446879176674691,1.4705985074398498,1.4943178382050086,1.5180371689701675]},"train_accuracy":0.8912666666666667,"_wandb":{"runtime":34},"grad_neuron_1":0.1021755255277164,"grad_neuron_0":0.16860106391142926,"epoch":10,"_step":56292,"class_samples":{"path":"media/table/class_samples_0_bf1bad6fae2bb7eb4f63.table.json","nrows":50,"size":741,"sha256":"bf1bad6fae2bb7eb4f63c64de5751c6c34c6eab3552119fba968a202bc3e1d7f","ncols":2,"_latest_artifact_path":"wandb-client-artifact://r4gvb3esehvjspfqkini8c82ov6azuo6goq1ss591pd2d7m40s8rhewp3zio8z8nvbw8d0rq0bl6n1i3tb17a1gfoqivbj1rhh7o7t5i5epa46uxm79ltv28m00dgpaf:latest/class_samples.table.json","log_mode":"IMMUTABLE","_type":"table-file","artifact_path":"wandb-client-artifact://3lm3dsywdmm4kmfyw1zb6uxkvn3pnwl1rx9viuhc08tfca9hsyulg5y59aocsu7fq5l5kr4myig2h9mq5qyzu9pdszd6jmpclr6px32eo0ogms006nfqvua7bh31rmh1/class_samples.table.json"}}