{"class_samples":{"artifact_path":"wandb-client-artifact://zhgcj14jn4tm0woefgqkz381od6z74eddp7p6h260ags4wun1etp17e1y80fqind616siarew2vqfme2e7ipkv89dggpothyqqo7gu4fd7ywkgmnk88x3an43c80dla1/class_samples.table.json","log_mode":"IMMUTABLE","_latest_artifact_path":"wandb-client-artifact://nalc6ylcl7mpi1em8ikj7kzyrhi3gpbwfop9341o2bljwbctn3d20l5dlfah6i4o8ugg0jag4sqq231qiibwf4988rq8lmroxfcr9ag0c4vk33vqumd4bmq73ylj9ry4:latest/class_samples.table.json","ncols":2,"nrows":50,"size":741,"sha256":"bf1bad6fae2bb7eb4f63c64de5751c6c34c6eab3552119fba968a202bc3e1d7f","_type":"table-file","path":"media/table/class_samples_0_bf1bad6fae2bb7eb4f63.table.json"},"_timestamp":1.7728989831454644e+09,"test_accuracy":0.9702,"_wandb":{"runtime":42},"grad_neuron_4":0.0025480400008903977,"grad_neuron_2":0.020106632984681447,"train_accuracy":0.9932833333333333,"train_loss":0.030786210078417683,"grad_neuron_3":0.024428328584335288,"epoch":10,"grad_neuron_0":0.012873709209810272,"_step":56292,"_runtime":42,"grad_neuron_1":0.019855065693821217,"test_f1":0.9699399005578468,"grad_norm_layer1":0.06491941556278578,"activation_hist_layer1":{"_type":"histogram","values":[4,4,6,9,10,17,21,23,32,35,38,51,47,58,59,51,76,71,77,58,66,69,98,77,101,110,88,95,89,103,97,104,111,120,114,103,112,120,102,98,112,86,91,92,106,92,83,66,95,64,61,65,70,46,37,49,48,35,24,15,13,7,10,5],"bins":[-0.9191549849795563,-0.890040297591279,-0.8609256102030017,-0.8318109228147244,-0.8026962354264471,-0.7735815480381698,-0.7444668606498925,-0.7153521732616153,-0.686237485873338,-0.6571227984850607,-0.6280081110967833,-0.5988934237085061,-0.5697787363202288,-0.5406640489319514,-0.5115493615436741,-0.48243467415539687,-0.4533199867671196,-0.4242052993788423,-0.39509061199056505,-0.36597592460228767,-0.3368612372140104,-0.30774654982573313,-0.27863186243745586,-0.24951717504917859,-0.22040248766090131,-0.19128780027262393,-0.16217311288434666,-0.1330584254960694,-0.10394373810779212,-0.07482905071951484,-0.04571436333123746,-0.01659967594296019,0.012515011445317081,0.04162969883359435,0.07074438622187162,0.0998590736101489,0.12897376099842617,0.15808844838670344,0.18720313577498093,0.2163178231632582,0.24543251055153548,0.27454719793981275,0.30366188532809,0.3327765727163673,0.36189126010464456,0.39100594749292183,0.4201206348811991,0.4492353222694764,0.47835000965775365,0.5074646970460311,0.5365793844343084,0.5656940718225857,0.594808759210863,0.6239234465991402,0.6530381339874175,0.6821528213756948,0.711267508763972,0.7403821961522493,0.7694968835405266,0.7986115709288041,0.8277262583170814,0.8568409457053586,0.8859556330936359,0.9150703204819132,0.9441850078701903]}}