{"grad_neuron_4":0.16258307096029184,"class_samples":{"log_mode":"IMMUTABLE","_type":"table-file","nrows":50,"size":741,"artifact_path":"wandb-client-artifact://4529uikq5jzej70jcq5gdhiaiz7syr4fgtrq7z0ue6kuy2zb8xj77p96y9jzerttuvqh1v5qky56h1nelbsbp9ruog218wh9abqs9a5znfn24xf06fa8en8fqr5b93al/class_samples.table.json","sha256":"bf1bad6fae2bb7eb4f63c64de5751c6c34c6eab3552119fba968a202bc3e1d7f","ncols":2,"_latest_artifact_path":"wandb-client-artifact://uyb4030g5h9j8ele4a5jeb1ecuvlg28tw9pg204wdv33wu1et0orvbzaovuvjg0blp0vqb8tvkwqucb4jzdyplchog62qeizmaptwhfns9ykbh1n6j67iqe8mwe58ahe:latest/class_samples.table.json","path":"media/table/class_samples_0_bf1bad6fae2bb7eb4f63.table.json"},"_wandb":{"runtime":28},"grad_neuron_2":0.14137162586759572,"grad_neuron_3":0.17457064628439176,"test_accuracy":0.8595,"activation_hist_layer1":{"_type":"histogram","values":[200204,24831,25061,24947,24930,24409,23723,23156,22237,20991,20162,19117,18070,16982,15408,14599,13358,12246,10984,10118,9185,8214,7508,6737,5978,5235,4692,4121,3743,3114,2610,2327,1953,1625,1383,1184,956,762,646,520,414,319,242,205,171,134,90,81,61,50,38,36,23,17,24,14,14,14,6,5,7,2,3,4],"bins":[0,0.08465291058757564,0.16930582117515128,0.25395873176272693,0.33861164235030256,0.4232645529378782,0.5079174635254539,0.5925703741130295,0.6772232847006051,0.7618761952881807,0.8465291058757564,0.931182016463332,1.0158349270509077,1.1004878376384832,1.185140748226059,1.2697936588136345,1.3544465694012102,1.439099479988786,1.5237523905763615,1.6084053011639372,1.6930582117515127,1.7777111223390885,1.862364032926664,1.9470169435142397,2.0316698541018154,2.116322764689391,2.2009756752769665,2.285628585864542,2.370281496452118,2.4549344070396937,2.539587317627269,2.6242402282148447,2.7088931388024204,2.793546049389996,2.878198959977572,2.962851870565147,3.047504781152723,3.1321576917402987,3.2168106023278744,3.3014635129154497,3.3861164235030254,3.470769334090601,3.555422244678177,3.6400751552657526,3.724728065853328,3.8093809764409037,3.8940338870284794,3.978686797616055,4.063339708203631,4.147992618791206,4.232645529378782,4.317298439966358,4.401951350553933,4.486604261141509,4.571257171729084,4.65591008231666,4.740562992904236,4.825215903491811,4.909868814079387,4.994521724666963,5.079174635254538,5.163827545842114,5.248480456429689,5.333133367017266,5.417786277604841]},"test_f1":0.8574303759431448,"train_loss":0.595114152360806,"grad_neuron_1":0.010817672152443435,"grad_norm_layer1":1.3436114829761672,"epoch":5,"_runtime":28,"grad_neuron_0":0.16482892361373488,"train_accuracy":0.8602,"_step":6,"_timestamp":1.7729818433469322e+09}