{"grad_neuron_1":0.023821535580707688,"grad_neuron_0":0.03545375341741477,"_runtime":61,"grad_neuron_3":0.042564249200674364,"grad_neuron_2":0.036428548495078296,"train_loss":0.20498935514030583,"_timestamp":1.772983709796288e+09,"test_accuracy":0.9388,"_wandb":{"runtime":61},"train_accuracy":0.9416,"grad_norm_layer1":0.4949300705609807,"grad_neuron_4":0.03713299081646296,"class_samples":{"path":"media/table/class_samples_0_bf1bad6fae2bb7eb4f63.table.json","_type":"table-file","_latest_artifact_path":"wandb-client-artifact://f838k3p8ciys3bv96xnny4f9vlcepwzh5ywf74wk7pf584alx5mye4ikyumkfkjb41yyw8udi6mtnzyz4d01d84dxn874e1t8qb30i2xy312o6h5pf58lodfrja0a525:latest/class_samples.table.json","log_mode":"IMMUTABLE","ncols":2,"sha256":"bf1bad6fae2bb7eb4f63c64de5751c6c34c6eab3552119fba968a202bc3e1d7f","size":741,"artifact_path":"wandb-client-artifact://0yu2vl40utgse88ju4g7jqyf0v1hgqyjbsk44e040za8rboqwg2yublbih375nwqijws7l4qwuredys18giya5kxlk93mw1o4xdeqg5ehv429rx7pkolh400ndvaq0ss/class_samples.table.json","nrows":50},"test_f1":0.9381458423290703,"activation_hist_layer1":{"_type":"histogram","values":[2586,6327,8974,11102,12561,13876,14537,15612,16555,17353,18253,19206,19558,20636,21355,22163,22307,23073,23939,24221,24589,24842,25475,25312,25897,26146,25740,26218,26621,26321,25945,26461,26504,26369,26375,26299,25905,25915,25780,25847,25199,24971,25113,24582,24042,24013,23156,22677,21870,21046,20139,19368,18319,17791,16538,15855,14590,13992,12721,11609,9943,8581,6604,4526],"bins":[-0.9994339944906103,-0.9681983481118084,-0.9369627017330063,-0.9057270553542044,-0.8744914089754025,-0.8432557625966004,-0.8120201162177985,-0.7807844698389965,-0.7495488234601946,-0.7183131770813925,-0.6870775307025906,-0.6558418843237885,-0.6246062379449866,-0.5933705915661847,-0.5621349451873827,-0.5308992988085808,-0.4996636524297787,-0.4684280060509768,-0.43719235967217474,-0.4059567132933728,-0.37472106691457086,-0.3434854205357688,-0.31224977415696686,-0.2810141277781649,-0.24977848139936287,-0.21854283502056093,-0.187307188641759,-0.15607154226295705,-0.124835895884155,-0.09360024950535306,-0.06236460312655112,-0.03112895674774907,0.00010668963105286977,0.03134233600985481,0.06257798238865675,0.09381362876745869,0.12504927514626085,0.1562849215250628,0.18752056790386473,0.21875621428266667,0.2499918606614686,0.28122750704027055,0.3124631534190727,0.34369879979787465,0.3749344461766766,0.40617009255547853,0.4374057389342805,0.4686413853130824,0.4998770316918846,0.5311126780706865,0.5623483244494885,0.5935839708282904,0.6248196172070923,0.6560552635858943,0.6872909099646962,0.7185265563434984,0.7497622027223003,0.7809978491011023,0.8122334954799042,0.8434691418587061,0.8747047882375081,0.9059404346163102,0.9371760809951122,0.9684117273739141,0.999647373752716]},"_step":6,"epoch":5}