{"_wandb":{"runtime":35},"grad_neuron_4":0.10188649354734935,"train_loss":0.24471148250838984,"epoch":10,"grad_norm_layer1":1.1390141402226617,"_runtime":35,"_timestamp":1.772900360275729e+09,"_step":56292,"train_accuracy":0.9333666666666667,"grad_neuron_3":0.09732821164280037,"test_f1":0.929433041674882,"test_accuracy":0.9301,"class_samples":{"_type":"table-file","size":741,"path":"media/table/class_samples_0_bf1bad6fae2bb7eb4f63.table.json","log_mode":"IMMUTABLE","artifact_path":"wandb-client-artifact://evbdau4sn0hk7juyg3fmx05839lvaazmzhzz92t91vsdjnlpbchxqf9eo8bkdd8uhp16jb0opqvhhxp75umky3iikvp8sgvuyiau2xhptrgahwqa0hwdgewkzdq1kln7/class_samples.table.json","nrows":50,"ncols":2,"sha256":"bf1bad6fae2bb7eb4f63c64de5751c6c34c6eab3552119fba968a202bc3e1d7f","_latest_artifact_path":"wandb-client-artifact://yfmh934zjhh5zz9dm8trbnb1jgy2mxeqb9pygajdjvlw59hqgk4oy3evzx9ai2lul24faxm61wqb297z9c0gub7yy64d9k1jlpa7fbclwqqa0dtol4jpe77nopzbqukr:latest/class_samples.table.json"},"grad_neuron_0":0,"grad_neuron_2":0.13103749970802986,"activation_hist_layer1":{"_type":"histogram","values":[1985,84,115,90,95,90,110,103,90,84,86,69,71,71,94,50,65,57,70,62,50,44,43,42,26,37,38,28,34,19,17,14,18,16,11,11,10,12,9,5,8,3,7,3,6,2,6,7,5,3,6,6,2,0,2,0,1,0,0,0,1,0,1,2],"bins":[0,0.026154126786350897,0.052308253572701795,0.07846238035905269,0.10461650714540359,0.13077063393175448,0.15692476071810538,0.18307888750445628,0.20923301429080718,0.23538714107715808,0.26154126786350895,0.2876953946498599,0.31384952143621075,0.3400036482225617,0.36615777500891256,0.3923119017952635,0.41846602858161436,0.44462015536796523,0.47077428215431616,0.49692840894066703,0.5230825357270179,0.5492366625133689,0.5753907892997198,0.6015449160860706,0.6276990428724215,0.6538531696587724,0.6800072964451234,0.7061614232314742,0.7323155500178251,0.758469676804176,0.784623803590527,0.8107779303768778,0.8369320571632287,0.8630861839495796,0.8892403107359305,0.9153944375222814,0.9415485643086323,0.9677026910949832,0.9938568178813341,1.020010944667685,1.0461650714540358,1.0723191982403868,1.0984733250267378,1.1246274518130885,1.1507815785994395,1.1769357053857903,1.2030898321721413,1.2292439589584923,1.255398085744843,1.281552212531194,1.3077063393175448,1.3338604661038957,1.3600145928902467,1.3861687196765975,1.4123228464629485,1.4384769732492995,1.4646311000356502,1.4907852268220012,1.516939353608352,1.543093480394703,1.569247607181054,1.5954017339674047,1.6215558607537557,1.6477099875401064,1.6738641143264574]},"grad_neuron_1":0.11477018474519762}