{"activation_hist_layer1":{"_type":"histogram","values":[1003862,93687,54213,30410,17208,9678,6143,4010,3134,2515,2315,2200,2257,2429,2306,2269,2312,2278,2264,2231,2195,2078,1934,1832,1817,1793,1697,1658,1520,1481,1400,1331,1243,1187,1047,1027,980,826,767,738,658,606,483,408,328,256,216,204,140,97,89,71,51,28,30,13,15,8,11,6,3,1,2,4],"bins":[0,0.7878577465875968,1.5757154931751935,2.36357323976279,3.151430986350387,3.939288732937984,4.72714647952558,5.515004226113177,6.302861972700774,7.090719719288371,7.878577465875968,8.666435212463565,9.45429295905116,10.242150705638759,11.030008452226355,11.817866198813952,12.605723945401548,13.393581691989144,14.181439438576742,14.969297185164338,15.757154931751936,16.545012678339532,17.33287042492713,18.120728171514727,18.90858591810232,19.69644366468992,20.484301411277517,21.27215915786511,22.06001690445271,22.847874651040307,23.635732397627905,24.4235901442155,25.211447890803097,25.999305637390695,26.78716338397829,27.575021130565887,28.362878877153484,29.150736623741082,29.938594370328676,30.726452116916274,31.514309863503872,32.302167610091466,33.090025356679064,33.87788310326666,34.66574084985426,35.45359859644186,36.241456343029455,37.029314089617046,37.81717183620464,38.60502958279224,39.39288732937984,40.18074507596744,40.968602822555034,41.75646056914263,42.54431831573022,43.33217606231782,44.12003380890542,44.907891555493016,45.695749302080614,46.48360704866821,47.27146479525581,48.0593225418434,48.847180288431,49.635038035018596,50.422895781606194]},"test_f1":0.8838043809311442,"grad_neuron_2":0.04792855741312318,"grad_neuron_4":0.012064788851700314,"test_accuracy":0.8827,"grad_neuron_0":0,"train_loss":0.29138797909730413,"class_samples":{"artifact_path":"wandb-client-artifact://yif0ksef7bw3py9yvr90g4gclypuqx0rg6s47i5u09z8jv8xgr3cv3x2m663sr0ti5318fa7tlgop4wswsokmpx2652vk31e11tcmxq3zicowtagwhif2km5p28aptir/class_samples.table.json","sha256":"bf1bad6fae2bb7eb4f63c64de5751c6c34c6eab3552119fba968a202bc3e1d7f","log_mode":"IMMUTABLE","_type":"table-file","_latest_artifact_path":"wandb-client-artifact://u6h4q8pmc9pdgpvju82tbir4uopejtj06lhakfc8pwlrlijoxo6mpo76rib67t19kdjbvuon4hahdzo8wasgvnaz5ztjhzg6hwy7sxh78mo5jfwb1g2whwt5j5rlu8xj:latest/class_samples.table.json","path":"media/table/class_samples_0_bf1bad6fae2bb7eb4f63.table.json","size":741,"ncols":2,"nrows":50},"train_accuracy":0.8948,"_runtime":62,"_step":11,"grad_neuron_1":0.11869200881710144,"_timestamp":1.772992827520631e+09,"grad_neuron_3":0,"grad_norm_layer1":1.2337830186574366,"_wandb":{"runtime":62},"epoch":10}