{"test_accuracy":0.1818,"_step":56292,"class_samples":{"ncols":2,"nrows":50,"path":"media/table/class_samples_0_bf1bad6fae2bb7eb4f63.table.json","log_mode":"IMMUTABLE","_type":"table-file","sha256":"bf1bad6fae2bb7eb4f63c64de5751c6c34c6eab3552119fba968a202bc3e1d7f","size":741,"artifact_path":"wandb-client-artifact://w2wmccb0ystf7g1doqr5spy82t7n13h8qxax5k9yinaryh2euztycmzmsu2cru0vot2idr4345ylm1ko9nn5ajziv08owk32t790pawjo3tas8peir1yyi10xxi4xstl/class_samples.table.json","_latest_artifact_path":"wandb-client-artifact://6q168rq70fwq9v8qu7awr0z3uhll5paygy0vgunvh3zpx6e8vsbsdj610wzdonoin4a9guoh7b2r2p7ncwog89mtuzv58dkeltnoaq6s5hepc2ea5sh7ragbfj4c3298:latest/class_samples.table.json"},"grad_neuron_0":0.003836168643291272,"grad_neuron_3":0.006898039510090419,"_timestamp":1.7728979422911758e+09,"grad_neuron_4":0.005950460238540742,"_wandb":{"runtime":52},"grad_neuron_1":0.007338789678564919,"test_f1":0.10976741959595344,"epoch":10,"train_accuracy":0.17586666666666667,"train_loss":0.08954070583339586,"activation_hist_layer1":{"bins":[0.14934897910860914,0.16041020961896746,0.1714714401293258,0.18253267063968412,0.19359390115004244,0.20465513166040078,0.2157163621707591,0.2267775926811174,0.23783882319147576,0.2489000537018341,0.25996128421219244,0.27102251472255073,0.282083745232909,0.29314497574326737,0.3042062062536257,0.31526743676398405,0.3263286672743424,0.3373898977847007,0.34845112829505903,0.3595123588054173,0.37057358931577566,0.381634819826134,0.39269605033649235,0.4037572808468507,0.41481851135720893,0.4258797418675673,0.4369409723779256,0.44800220288828396,0.4590634333986423,0.47012466390900065,0.481185894419359,0.49224712492971723,0.5033083554400756,0.5143695859504339,0.5254308164607923,0.5364920469711506,0.547553277481509,0.5586145079918672,0.5696757385022255,0.5807369690125839,0.5917981995229422,0.6028594300333006,0.6139206605436589,0.6249818910540172,0.6360431215643755,0.6471043520747338,0.6581655825850922,0.6692268130954505,0.6802880436058087,0.6913492741161671,0.7024105046265254,0.7134717351368838,0.7245329656472421,0.7355941961576005,0.7466554266679588,0.757716657178317,0.7687778876886754,0.7798391181990337,0.7909003487093921,0.8019615792197504,0.8130228097301088,0.824084040240467,0.8351452707508253,0.8462065012611837,0.857267731771542],"_type":"histogram","values":[1,0,1,2,4,5,9,12,10,11,14,36,41,53,54,83,96,97,120,148,161,202,190,246,275,275,300,338,338,363,351,393,358,382,356,363,305,288,292,255,196,188,203,127,107,116,86,76,67,43,40,32,19,16,14,12,4,7,3,4,2,1,0,1]},"_runtime":52,"grad_neuron_2":0.0073349203637093005,"grad_norm_layer1":0.07517629570606763}