{"class_samples":{"_latest_artifact_path":"wandb-client-artifact://wpjmcsuihq13gyy6ixhxrs5xphug2j4f34bvelcov4z6vev97scxsr6ih17iyy0c3xkircoe7oln5csh60c6iugu5axerfcakarudqq0p28p7mza3hrd00egzdqv8sqs:latest/class_samples.table.json","ncols":2,"_type":"table-file","nrows":50,"sha256":"bf1bad6fae2bb7eb4f63c64de5751c6c34c6eab3552119fba968a202bc3e1d7f","log_mode":"IMMUTABLE","artifact_path":"wandb-client-artifact://rklc6mpl7yh4hnkkz1s6s8phjcx02b3r8o40oaldqdbd1sfqe811c5v0dvp9oyp5kvs5vzfl6sttbfxbwfgxwsr43u1ly5f45iu8wwdn6wc23cqanddch4yje04oiuzy/class_samples.table.json","path":"media/table/class_samples_0_bf1bad6fae2bb7eb4f63.table.json","size":741},"activation_hist_layer1":{"bins":[0,0.09218034373388168,0.18436068746776335,0.276541031201645,0.3687213749355267,0.4609017186694084,0.55308206240329,0.6452624061371717,0.7374427498710534,0.8296230936049351,0.9218034373388168,1.0139837810726984,1.10616412480658,1.1983444685404618,1.2905248122743433,1.382705156008225,1.4748854997421068,1.5670658434759885,1.6592461872098703,1.7514265309437518,1.8436068746776335,1.9357872184115152,2.0279675621453968,2.1201479058792785,2.21232824961316,2.304508593347042,2.3966889370809237,2.4888692808148054,2.5810496245486867,2.6732299682825684,2.76541031201645,2.857590655750332,2.9497709994842136,3.0419513432180953,3.134131686951977,3.226312030685859,3.3184923744197405,3.410672718153622,3.5028530618875036,3.5950334056213853,3.687213749355267,3.7793940930891488,3.8715744368230305,3.963754780556912,4.0559351242907935,4.148115468024676,4.240295811758557,4.332476155492439,4.42465649922632,4.516836842960202,4.609017186694084,4.701197530427965,4.793377874161847,4.885558217895729,4.977738561629611,5.069918905363492,5.162099249097373,5.254279592831256,5.346459936565137,5.438640280299019,5.5308206240329,5.6230009677667825,5.715181311500664,5.807361655234546,5.899541998968427],"_type":"histogram","values":[465360,65220,65245,64612,62867,60167,56736,52702,48543,43796,39020,35095,30586,27056,23355,20504,17644,15120,12957,10995,9438,8181,6921,6047,5052,4117,3687,3032,2605,2235,1883,1578,1310,1138,904,765,630,535,432,381,313,271,187,154,112,97,91,75,64,44,30,29,17,17,9,14,6,4,4,2,2,3,2,2]},"_step":11,"_wandb":{"runtime":39},"test_f1":0.8785611503568924,"grad_neuron_4":0.13561212530418595,"test_accuracy":0.8805,"train_loss":0.4255190485121909,"_runtime":39,"train_accuracy":0.8802,"_timestamp":1.772988366360519e+09,"grad_neuron_0":0.1899151916433461,"grad_neuron_1":0.04665602240149443,"grad_neuron_2":0,"grad_norm_layer1":1.5879173406447469,"grad_neuron_3":0.06005309538679664,"epoch":10}