{"grad_neuron_2":0.046931563472416934,"test_f1":0.9737084219052022,"grad_neuron_4":0.1537396184309552,"grad_neuron_0":0.14672656523385497,"_step":56292,"_timestamp":1.7728997284898534e+09,"activation_hist_layer1":{"values":[4303,208,181,209,182,198,170,164,168,179,177,176,132,142,136,132,124,116,96,101,79,81,66,71,81,81,59,44,41,37,28,35,25,20,11,19,17,14,9,19,9,6,5,7,2,4,3,5,3,2,2,1,1,3,1,0,1,1,2,0,1,1,0,1],"bins":[0,0.028080449661863904,0.05616089932372781,0.08424134898559171,0.11232179864745562,0.14040224830931952,0.16848269797118343,0.19656314763304733,0.22464359729491123,0.25272404695677514,0.28080449661863904,0.30888494628050295,0.33696539594236685,0.36504584560423076,0.39312629526609466,0.42120674492795857,0.44928719458982247,0.4773676442516864,0.5054480939135503,0.5335285435754142,0.5616089932372781,0.5896894428991419,0.6177698925610059,0.6458503422228699,0.6739307918847337,0.7020112415465976,0.7300916912084615,0.7581721408703255,0.7862525905321893,0.8143330401940532,0.8424134898559171,0.8704939395177811,0.8985743891796449,0.9266548388415088,0.9547352885033727,0.9828157381652367,1.0108961878271006,1.0389766374889644,1.0670570871508285,1.0951375368126923,1.1232179864745562,1.15129843613642,1.1793788857982839,1.207459335460148,1.2355397851220118,1.2636202347838756,1.2917006844457397,1.3197811341076036,1.3478615837694674,1.3759420334313313,1.404022483093195,1.4321029327550592,1.460183382416923,1.4882638320787869,1.516344281740651,1.5444247314025148,1.5725051810643786,1.6005856307262425,1.6286660803881063,1.6567465300499704,1.6848269797118343,1.712907429373698,1.7409878790355622,1.769068328697426,1.7971487783592899],"_type":"histogram"},"_runtime":50,"train_loss":0.0019471795354932648,"grad_neuron_3":0.00112002782108881,"grad_norm_layer1":3.423274153740556,"_wandb":{"runtime":50},"test_accuracy":0.9739,"train_accuracy":0.9909333333333333,"grad_neuron_1":0.011339390404528894,"class_samples":{"log_mode":"IMMUTABLE","sha256":"bf1bad6fae2bb7eb4f63c64de5751c6c34c6eab3552119fba968a202bc3e1d7f","_type":"table-file","artifact_path":"wandb-client-artifact://v3zetcrt3e96e1bsl0jp6gq33mmbwp8z920uysajbsq6rid8na4bjt2wfkv3p0kc0v79d970r2urhti4zmh19gr6tqf7kx2ae7euwmmi3yw44uuqqexlh4z7q5ko926t/class_samples.table.json","ncols":2,"path":"media/table/class_samples_0_bf1bad6fae2bb7eb4f63.table.json","_latest_artifact_path":"wandb-client-artifact://zhs5i1d8qrkzzrrwkje68m8nskf38dbklawd16ro7dsgyqog6em0g264mdyq4b0gzo0ijvoauuunt10tkhnjcb2h75jzsrrb8ogjhqteiq6xdqeghd9bn7tjzskoj641:latest/class_samples.table.json","size":741,"nrows":50},"epoch":10}