{"_wandb":{"runtime":36},"activation_hist_layer1":{"_type":"histogram","values":[1,2,1,1,0,6,3,6,7,12,14,20,17,27,39,43,49,48,77,92,77,89,92,120,102,112,144,163,137,159,187,185,165,161,160,156,147,130,122,121,102,88,99,91,86,59,51,46,53,47,31,21,25,19,17,20,11,7,9,6,3,5,3,3],"bins":[0.16199317269631539,0.17230070311894896,0.18260823354158254,0.1929157639642161,0.20322329438684966,0.21353082480948327,0.22383835523211681,0.2341458856547504,0.24445341607738397,0.25476094650001757,0.2650684769226511,0.27537600734528467,0.28568353776791827,0.2959910681905518,0.3062985986131854,0.316606129035819,0.3269136594584525,0.3372211898810861,0.34752872030371973,0.3578362507263533,0.3681437811489868,0.3784513115716204,0.388758841994254,0.3990663724168876,0.40937390283952113,0.4196814332621547,0.42998896368478823,0.4402964941074219,0.45060402453005544,0.460911554952689,0.47121908537532253,0.4815266157979562,0.49183414622058974,0.5021416766432233,0.5124492070658568,0.5227567374884904,0.533064267911124,0.5433717983337576,0.5536793287563911,0.5639868591790247,0.5742943896016584,0.5846019200242919,0.5949094504469254,0.605216980869559,0.6155245112921925,0.6258320417148262,0.6361395721374598,0.6464471025600933,0.6567546329827268,0.6670621634053605,0.6773696938279941,0.6876772242506276,0.6979847546732612,0.7082922850958948,0.7185998155185284,0.7289073459411619,0.7392148763637955,0.749522406786429,0.7598299372090627,0.7701374676316962,0.7804449980543298,0.7907525284769633,0.801060058899597,0.8113675893222305,0.8216751197448641]},"class_samples":{"size":741,"_type":"table-file","nrows":50,"_latest_artifact_path":"wandb-client-artifact://vin2dxbtntw4pm61dl3xl03wd7m92ecre14t4hz9uodk5rcw4cr5dwa2h4taetw58cfzvp2g518cjekdbnor5rbw1bi0oo3akx9iarl4wqt52wniigxdjery11mktgqq:latest/class_samples.table.json","log_mode":"IMMUTABLE","ncols":2,"path":"media/table/class_samples_0_bf1bad6fae2bb7eb4f63.table.json","artifact_path":"wandb-client-artifact://w3wpi1zgt0pgun67hij5goeq5w5xwoqiaz22lys22ud6j7nwmuhe6fel50qux8xiyb0see1g9xyqh5e5grjzxxtpsj1bvjhyb3tvcok32jwbn26t0kmnlst2y1gjg5fh/class_samples.table.json","sha256":"bf1bad6fae2bb7eb4f63c64de5751c6c34c6eab3552119fba968a202bc3e1d7f"},"grad_neuron_0":0.07530584759297695,"test_accuracy":0.9246,"grad_neuron_3":0.11791703107747824,"epoch":10,"grad_neuron_2":0.20742474219476334,"_timestamp":1.7729005321741772e+09,"train_accuracy":0.9275333333333333,"_step":56292,"grad_neuron_4":0.11010134361437915,"test_f1":0.923753431641107,"train_loss":0.011505587330491073,"_runtime":36,"grad_neuron_1":0.10240678111503022,"grad_norm_layer1":1.0000021820486138}