{"_timestamp":1.7729013308471591e+09,"grad_neuron_4":0.001067972077924202,"grad_neuron_0":0.004134928808087038,"grad_neuron_2":0.005709493603452534,"test_f1":0.9726035060646,"grad_norm_layer1":0.09803359859509907,"test_accuracy":0.9728,"_wandb":{"runtime":44},"activation_hist_layer1":{"bins":[0.14813174527517214,0.15955494438302245,0.17097814349087276,0.1824013425987231,0.1938245417065734,0.2052477408144237,0.21667093992227404,0.22809413903012435,0.23951733813797466,0.250940537245825,0.26236373635367527,0.2737869354615256,0.28521013456937594,0.2966333336772262,0.30805653278507655,0.3194797318929269,0.33090293100077717,0.34232613010862745,0.3537493292164778,0.3651725283243281,0.3765957274321784,0.38801892654002873,0.39944212564787906,0.41086532475572934,0.4222885238635797,0.43371172297143,0.4451349220792803,0.4565581211871306,0.46798132029498096,0.47940451940283124,0.4908277185106816,0.5022509176185319,0.5136741167263822,0.5250973158342325,0.5365205149420829,0.5479437140499331,0.5593669131577834,0.5707901122656338,0.5822133113734841,0.5936365104813344,0.6050597095891848,0.616482908697035,0.6279061078048853,0.6393293069127357,0.650752506020586,0.6621757051284363,0.6735989042362865,0.6850221033441369,0.6964453024519872,0.7078685015598375,0.7192917006676879,0.7307148997755382,0.7421380988833884,0.7535612979912388,0.7649844970990891,0.7764076962069394,0.7878308953147898,0.7992540944226401,0.8106772935304903,0.8221004926383406,0.833523691746191,0.8449468908540413,0.8563700899618916,0.867793289069742,0.8792164881775922],"_type":"histogram","values":[2,5,2,5,5,7,13,18,23,21,28,46,36,67,77,99,103,136,151,168,197,212,233,248,306,308,326,354,362,351,363,358,397,332,303,311,331,247,219,228,184,184,140,113,105,97,62,57,59,39,38,32,20,19,13,8,6,8,3,3,1,2,0,1]},"class_samples":{"nrows":50,"log_mode":"IMMUTABLE","_type":"table-file","_latest_artifact_path":"wandb-client-artifact://q83xo6fn5ekz3zj0cbbeu65gtrctuntg7se9v1g008x76frskzkhvtpi9cj59p38hrnptgczhrgkb1w27asgbu0m9amfxjektqhbg5gi2ix82v6a8uue73ycxi82xbtc:latest/class_samples.table.json","artifact_path":"wandb-client-artifact://3fo8cmo57sh2culu4z97sv0b6vun4uv2l48ewwjp2err668pyzlijs94hpdgvt8com0wbie8dj4rdvhuihoscv3qkcwjkoth4efl7742ykuftle7mk080vs8m7id7fqp/class_samples.table.json","ncols":2,"sha256":"bf1bad6fae2bb7eb4f63c64de5751c6c34c6eab3552119fba968a202bc3e1d7f","size":741,"path":"media/table/class_samples_0_bf1bad6fae2bb7eb4f63.table.json"},"train_loss":0.04778827619085226,"train_accuracy":0.9895333333333334,"_step":56292,"grad_neuron_3":0.0008936999058558861,"epoch":10,"grad_neuron_1":0.006016192814499726,"_runtime":44}