{"test_f1":0.9562082883667067,"train_loss":0.14014380166319398,"train_accuracy":0.9616,"_step":6,"grad_norm_layer1":0.9283670180151176,"grad_neuron_0":0.12498223772322578,"grad_neuron_1":0.034885201795685834,"class_samples":{"artifact_path":"wandb-client-artifact://xcw4m3z8tjjeosfq6d3n61lt0xpssw9074vrspemtdd84b5809kvbwbletbqmqy3z4paiv4zvlo27clgomvntcfox2ktau10opht2asrlw2be7urbeytxmz0mswd1y8t/class_samples.table.json","_type":"table-file","size":741,"_latest_artifact_path":"wandb-client-artifact://z854x2qrc0uv2plm7snxcbidmd2omw5gs0p9mde82uj9vw4q8mfb4zjysdh6m7plc8izl4cetqnevec52fzfkgiwlitewsbplwm5djey2i16va43a1srv7s4w2efodg3:latest/class_samples.table.json","nrows":50,"path":"media/table/class_samples_0_bf1bad6fae2bb7eb4f63.table.json","log_mode":"IMMUTABLE","ncols":2,"sha256":"bf1bad6fae2bb7eb4f63c64de5751c6c34c6eab3552119fba968a202bc3e1d7f"},"test_accuracy":0.9565,"grad_neuron_2":0.10174179626764843,"grad_neuron_3":0.039726798820813994,"activation_hist_layer1":{"values":[52365,24746,19479,16521,14427,12719,11810,10732,9739,8923,8574,8180,7742,7329,6966,6661,6321,6207,5790,5596,5354,5181,4971,4973,4755,4743,4623,4481,4442,4485,4366,4430,4464,4387,4603,4608,4826,4797,5003,4974,5177,5149,5310,5477,5603,5986,6101,6456,6639,7027,7469,7972,8419,8859,9473,10133,11042,12048,13204,14824,17013,20139,26764,68423],"bins":[-0.9999999540305499,-0.9687499548230283,-0.9374999556155066,-0.9062499564079849,-0.8749999572004633,-0.8437499579929417,-0.81249995878542,-0.7812499595778983,-0.7499999603703768,-0.7187499611628552,-0.6874999619553335,-0.6562499627478118,-0.6249999635402902,-0.5937499643327686,-0.5624999651252469,-0.5312499659177252,-0.49999996671020364,-0.46874996750268194,-0.43749996829516036,-0.4062499690876388,-0.3749999698801171,-0.3437499706725954,-0.3124999714650738,-0.2812499722575522,-0.24999997305003052,-0.21874997384250883,-0.18749997463498724,-0.15624997542746566,-0.12499997621994396,-0.09374997701242227,-0.062499977804900686,-0.031249978597379102,2.061014259258087e-08,0.03125001981766429,0.06250001902518598,0.09375001823270745,0.12500001744022915,0.15625001664775084,0.18750001585527232,0.218750015062794,0.2500000142703157,0.2812500134778374,0.3125000126853591,0.34375001189288057,0.37500001110040226,0.40625001030792396,0.43750000951544543,0.4687500087229671,0.5000000079304888,0.5312500071380105,0.5625000063455322,0.5937500055530537,0.6250000047605754,0.6562500039680971,0.6875000031756185,0.7187500023831402,0.7500000015906619,0.7812500007981836,0.8125000000057053,0.8437499992132268,0.8749999984207485,0.9062499976282702,0.9374999968357917,0.9687499960433134,0.9999999952508349],"_type":"histogram"},"_wandb":{"runtime":24},"grad_neuron_4":0.1310579264413656,"_timestamp":1.7729838866987576e+09,"_runtime":24,"epoch":5}