{"test_f1":0.9763651889860923,"epoch":10,"grad_neuron_1":0.007861670483501672,"train_loss":0.021891828306289163,"grad_norm_layer1":0.1566112741345803,"_step":11,"_wandb":{"runtime":34},"train_accuracy":0.9966,"grad_neuron_0":0.011002686386028023,"grad_neuron_3":0.005378322229552717,"_timestamp":1.772988866946591e+09,"class_samples":{"path":"media/table/class_samples_0_bf1bad6fae2bb7eb4f63.table.json","log_mode":"IMMUTABLE","nrows":50,"sha256":"bf1bad6fae2bb7eb4f63c64de5751c6c34c6eab3552119fba968a202bc3e1d7f","size":741,"_latest_artifact_path":"wandb-client-artifact://lq6591iiljhudvc6cpbr7m7y9tujdjx2d9zyhpxd8o9uqi5lbzp5doezje1fp250lslaq4jpb1q52hw8e7icupqh48aok7twh9oyxmxphaixvdmxfrf8xxm2rip0tuhp:latest/class_samples.table.json","artifact_path":"wandb-client-artifact://9o8i4lmh008ynaojvzn29iyo0ye56q95aie4g1jnkjy55wpy0wdq9azetqo7o4bthf295ignsl7mhfks5vpwx4ybap2qbkltaaj6w9rr2ihdfq8x24yq2sf1c0db2u88/class_samples.table.json","ncols":2,"_type":"table-file"},"grad_neuron_2":0.0013823388446888027,"_runtime":34,"test_accuracy":0.9766,"grad_neuron_4":0.042545990762758404,"activation_hist_layer1":{"bins":[0,0.09637415891499336,0.19274831782998672,0.2891224767449801,0.38549663565997344,0.4818707945749668,0.5782449534899602,0.6746191124049535,0.7709932713199469,0.8673674302349402,0.9637415891499336,1.060115748064927,1.1564899069799204,1.2528640658949137,1.349238224809907,1.4456123837249004,1.5419865426398938,1.6383607015548871,1.7347348604698805,1.8311090193848738,1.9274831782998672,2.0238573372148605,2.120231496129854,2.216605655044847,2.3129798139598408,2.409353972874834,2.5057281317898275,2.6021022907048206,2.698476449619814,2.7948506085348073,2.891224767449801,2.987598926364794,3.0839730852797875,3.180347244194781,3.2767214031097742,3.373095562024768,3.469469720939761,3.5658438798547545,3.6622180387697476,3.758592197684741,3.8549663565997343,3.951340515514728,4.047714674429721,4.144088833344714,4.240462992259708,4.336837151174701,4.433211310089694,4.5295854690046875,4.6259596279196815,4.722333786834675,4.818707945749668,4.915082104664662,5.011456263579655,5.107830422494648,5.204204581409641,5.300578740324635,5.396952899239628,5.493327058154621,5.5897012170696145,5.6860753759846085,5.782449534899602,5.878823693814595,5.975197852729588,6.071572011644582,6.167946170559575],"_type":"histogram","values":[785573,47097,44263,41239,38004,35130,32298,29566,27154,24783,22682,20339,18260,15886,14338,12557,10729,9127,7942,6789,5834,4970,4265,3556,3099,2561,2174,1747,1513,1185,992,810,664,554,422,371,296,246,178,163,120,118,79,63,47,52,31,28,24,17,14,9,10,11,5,6,1,1,4,1,2,0,0,1]}}