{"class_samples":{"nrows":50,"path":"media/table/class_samples_0_bf1bad6fae2bb7eb4f63.table.json","log_mode":"IMMUTABLE","_latest_artifact_path":"wandb-client-artifact://7pph5vjjkdmih2gstscunfky98auhm0i79g473g5v0zecvwv2dqm1z58wbpcxn6cf7d8bsvxqziyc9kw13w8k7qycj2h4rcd56ghbskw8u4rgssuwem3cze6nnrbpvqu:latest/class_samples.table.json","size":741,"ncols":2,"_type":"table-file","artifact_path":"wandb-client-artifact://e1jmbuvccfjt3wpiwok74uxqbhhui143bnzhpwr4k86gc5iccsp9n13xey21i489ud6hgewafmen8xxwzj8bz08at706zn1my5ddx4m69f5wgfgwti3exrfq9lvv3vp9/class_samples.table.json","sha256":"bf1bad6fae2bb7eb4f63c64de5751c6c34c6eab3552119fba968a202bc3e1d7f"},"grad_norm_layer1":2.1259349631265554,"grad_neuron_3":0.12341120587047268,"_timestamp":1.7728984853780787e+09,"grad_neuron_4":0.1339622163904751,"epoch":10,"grad_neuron_1":0.31454354269185936,"_step":56292,"grad_neuron_0":0.15318613573188752,"train_accuracy":0.9108,"train_loss":0.014043176478682038,"activation_hist_layer1":{"bins":[0,0.030506776001769258,0.061013552003538515,0.09152032800530777,0.12202710400707703,0.1525338800088463,0.18304065601061553,0.2135474320123848,0.24405420801415406,0.2745609840159233,0.3050677600176926,0.33557453601946186,0.36608131202123106,0.39658808802300033,0.4270948640247696,0.45760164002653886,0.4881084160283081,0.5186151920300773,0.5491219680318467,0.5796287440336159,0.6101355200353852,0.6406422960371544,0.6711490720389237,0.7016558480406929,0.7321626240424621,0.7626694000442314,0.7931761760460007,0.82368295204777,0.8541897280495392,0.8846965040513085,0.9152032800530777,0.945710056054847,0.9762168320566162,1.0067236080583855,1.0372303840601547,1.067737160061924,1.0982439360636933,1.1287507120654625,1.1592574880672317,1.1897642640690012,1.2202710400707704,1.2507778160725396,1.2812845920743088,1.311791368076078,1.3422981440778474,1.3728049200796166,1.4033116960813858,1.433818472083155,1.4643252480849243,1.4948320240866937,1.525338800088463,1.555845576090232,1.5863523520920013,1.6168591280937707,1.64736590409554,1.6778726800973092,1.7083794560990784,1.7388862321008476,1.769393008102617,1.7998997841043862,1.8304065601061554,1.8609133361079246,1.891420112109694,1.9219268881114633,1.9524336641132325],"_type":"histogram","values":[2074,106,118,108,100,118,100,102,102,80,98,74,86,66,72,58,61,46,54,46,48,45,41,38,30,22,24,20,18,19,26,10,11,6,14,8,10,3,2,1,3,7,3,4,1,0,2,1,1,1,0,0,2,1,0,0,0,2,0,0,0,0,1,2]},"test_accuracy":0.9104,"_runtime":35,"grad_neuron_2":0.32104631383733456,"test_f1":0.9092577208969626,"_wandb":{"runtime":35}}