{"_runtime":39,"grad_neuron_3":0.1172470896967672,"grad_norm_layer1":0.768162044717764,"activation_hist_layer1":{"_type":"histogram","values":[1,3,1,6,5,8,9,10,22,18,29,27,30,38,37,71,54,70,81,102,104,114,127,105,127,151,168,142,162,177,187,156,172,170,138,148,125,121,119,110,85,81,79,70,60,44,54,40,29,23,11,20,9,6,8,6,7,6,5,4,2,1,0,1],"bins":[0.16650530915690606,0.17760683384977174,0.1887083585426374,0.19980988323550308,0.21091140792836877,0.22201293262123445,0.2331144573141001,0.2442159820069658,0.25531750669983144,0.2664190313926971,0.2775205560855628,0.2886220807784285,0.2997236054712942,0.3108251301641598,0.32192665485702554,0.33302817954989117,0.34412970424275685,0.35523122893562253,0.36633275362848816,0.3774342783213539,0.3885358030142195,0.3996373277070852,0.4107388523999509,0.4218403770928165,0.43294190178568226,0.4440434264785479,0.4551449511714136,0.46624647586427925,0.477348000557145,0.4884495252500106,0.49955104994287625,0.510652574635742,0.5217540993286076,0.5328556240214734,0.543957148714339,0.5550586734072047,0.5661601981000703,0.577261722792936,0.5883632474858017,0.5994647721786673,0.6105662968715331,0.6216678215643987,0.6327693462572643,0.6438708709501301,0.6549723956429957,0.6660739203358614,0.6771754450287271,0.6882769697215928,0.6993784944144584,0.7104800191073242,0.7215815438001898,0.7326830684930555,0.7437845931859212,0.7548861178787868,0.7659876425716525,0.7770891672645182,0.7881906919573839,0.7992922166502495,0.8103937413431151,0.8214952660359809,0.8325967907288465,0.8436983154217123,0.8547998401145779,0.8659013648074436,0.8770028895003092]},"class_samples":{"ncols":2,"size":741,"path":"media/table/class_samples_0_bf1bad6fae2bb7eb4f63.table.json","nrows":50,"_latest_artifact_path":"wandb-client-artifact://12yfg1ottt06fnf7ob4vswuaj6nw3yic3xl34p5eylbonpynkfjgvxcno4102q1so7qy8si56xv1zphflr2t8cc0unrcxxqpyyfdm2nokbre04wl6jbeemxop7efn3vq:latest/class_samples.table.json","sha256":"bf1bad6fae2bb7eb4f63c64de5751c6c34c6eab3552119fba968a202bc3e1d7f","artifact_path":"wandb-client-artifact://pf7ax742xezlzpwo5bq9x0biw7wuzytahglxyq3dpu1e4xr1krr88c7xdtt12q4niphtp3wm9s74wo93sfnavukf52e4wim5o5o37w811e00gcss7q7rv3fzjpwf5aq6/class_samples.table.json","log_mode":"IMMUTABLE","_type":"table-file"},"test_f1":0.8829757349499406,"grad_neuron_2":0.14291906408076452,"test_accuracy":0.8848,"train_loss":0.0184080751412877,"_wandb":{"runtime":39},"_step":56292,"train_accuracy":0.891,"epoch":10,"grad_neuron_1":0.0593741391222743,"grad_neuron_0":0.08289075816052974,"grad_neuron_4":0.11791264081838493,"_timestamp":1.7728950246598442e+09}