{"grad_neuron_1":0.18819664817792725,"activation_hist_layer1":{"_type":"histogram","values":[194637,36059,36801,36634,35764,33806,31610,28985,26668,23498,20854,18565,16139,14434,12586,10805,9286,7939,6973,5831,4971,4245,3607,3072,2553,2306,1925,1539,1337,1187,933,710,625,565,396,325,285,230,192,180,155,105,98,85,86,54,51,67,39,34,28,23,29,18,16,15,13,8,5,3,3,3,2,3],"bins":[0,0.11092358184380335,0.2218471636876067,0.33277074553141006,0.4436943273752134,0.5546179092190168,0.6655414910628201,0.7764650729066235,0.8873886547504268,0.9983122365942302,1.1092358184380335,1.2201594002818368,1.3310829821256402,1.4420065639694437,1.552930145813247,1.6638537276570502,1.7747773095008537,1.8857008913446571,1.9966244731884604,2.1075480550322636,2.218471636876067,2.3293952187198705,2.4403188005636736,2.551242382407477,2.6621659642512805,2.773089546095084,2.8840131279388874,2.9949367097826904,3.105860291626494,3.2167838734702974,3.3277074553141004,3.438631037157904,3.5495546190017073,3.660478200845511,3.7714017826893143,3.8823253645331173,3.9932489463769207,4.104172528220724,4.215096110064527,4.326019691908331,4.436943273752134,4.547866855595937,4.658790437439741,4.769714019283544,4.880637601127347,4.991561182971151,5.102484764814954,5.213408346658758,5.324331928502561,5.435255510346364,5.546179092190168,5.657102674033971,5.768026255877775,5.878949837721578,5.989873419565381,6.100797001409185,6.211720583252988,6.322644165096791,6.433567746940595,6.544491328784398,6.655414910628201,6.766338492472005,6.877262074315808,6.988185656159612,7.099109238003415]},"grad_neuron_2":0.20575416797377907,"epoch":5,"grad_neuron_4":0.061988185717783244,"class_samples":{"ncols":2,"sha256":"bf1bad6fae2bb7eb4f63c64de5751c6c34c6eab3552119fba968a202bc3e1d7f","nrows":50,"_latest_artifact_path":"wandb-client-artifact://znu12qn8mmmethwirv7of14yysijq2zw9dqwp3e7up7fnpo1befrsj6yo7otl6lsk8f5d9d79c84ic0phcp4oh8jovzqpxjmivtddiuuwjbrm8lsi6tquwxn7nknfoed:latest/class_samples.table.json","size":741,"artifact_path":"wandb-client-artifact://6thnhhwlaqf60uin8xgn7i7a1jmyscqzdhh2q4qy2zo546g4l3jm7gz9cg29zj4l6c2763dksvhka0iaouetkgq0phrucngk9w6plwskwrt4i96iyh6tzrn46sozyn51/class_samples.table.json","_type":"table-file","path":"media/table/class_samples_0_bf1bad6fae2bb7eb4f63.table.json","log_mode":"IMMUTABLE"},"grad_norm_layer1":1.15557263748272,"train_loss":0.5457009162077855,"_wandb":{"runtime":28},"_runtime":28,"train_accuracy":0.8682,"_timestamp":1.772981886388715e+09,"test_accuracy":0.8662,"test_f1":0.8640533137671081,"grad_neuron_0":0.3729337277139417,"grad_neuron_3":0.20837543538446576,"_step":6}