{"grad_neuron_4":0.25499574580027273,"grad_neuron_3":0.07170427527981042,"test_f1":0.9572965947423352,"_wandb":{"runtime":39},"test_accuracy":0.9576,"train_accuracy":0.96755,"grad_norm_layer1":2.5805476923373223,"grad_neuron_2":0.06566298904449999,"train_loss":0.005516669967186334,"grad_neuron_0":0.23566186728271316,"_timestamp":1.7729005827051024e+09,"class_samples":{"_type":"table-file","nrows":50,"ncols":2,"_latest_artifact_path":"wandb-client-artifact://6ugba6tj52pg3n1v8rrlwa8tmmkd0kk4dpxlcfup5wfh6edwzfpgiwst9qtacts032grixppkrdn60ydci8lhdetdtcnakuj1mfduhgerkuf7hly31up7trdv7yw2eun:latest/class_samples.table.json","log_mode":"IMMUTABLE","artifact_path":"wandb-client-artifact://e7j7a1bl2shsqbazgau8qorf7h98tbughn152bf5nxmffnwbeb24slh6fxcjtrhsm57ls1kfz7q36x0qg0dl8yij7xdy9k8qw73wylkxvqufle257z8cq0awwyngupol/class_samples.table.json","path":"media/table/class_samples_0_bf1bad6fae2bb7eb4f63.table.json","size":741,"sha256":"bf1bad6fae2bb7eb4f63c64de5751c6c34c6eab3552119fba968a202bc3e1d7f"},"activation_hist_layer1":{"bins":[-0.9789788589427045,-0.9482191520585282,-0.917459445174352,-0.8866997382901757,-0.8559400314059993,-0.825180324521823,-0.7944206176376467,-0.7636609107534704,-0.7329012038692941,-0.7021414969851179,-0.6713817901009416,-0.6406220832167653,-0.609862376332589,-0.5791026694484127,-0.5483429625642363,-0.51758325568006,-0.48682354879588374,-0.45606384191170746,-0.42530413502753117,-0.3945444281433549,-0.3637847212591786,-0.3330250143750022,-0.3022653074908259,-0.27150560060664963,-0.24074589372247335,-0.20998618683829706,-0.17922647995412078,-0.1484667730699445,-0.1177070661857681,-0.08694735930159181,-0.05618765241741552,-0.025427945533239238,0.005331761350937048,0.03609146823511333,0.06685117511928962,0.0976108820034659,0.1283705888876422,0.15913029577181848,0.18989000265599476,0.22064970954017105,0.25140941642434733,0.28216912330852384,0.3129288301927001,0.3436885370768764,0.3744482439610527,0.405207950845229,0.43596765772940527,0.46672736461358155,0.49748707149775784,0.5282467783819341,0.5590064852661104,0.5897661921502867,0.620525899034463,0.6512856059186393,0.6820453128028156,0.7128050196869918,0.7435647265711683,0.7743244334553446,0.8050841403395209,0.8358438472236972,0.8666035541078735,0.8973632609920498,0.9281229678762261,0.9588826747604023,0.9896423816445787],"_type":"histogram","values":[6,5,16,23,25,38,37,39,26,43,53,42,57,87,64,89,82,70,76,95,92,111,97,98,98,110,103,90,113,103,114,106,100,99,108,129,100,99,110,101,92,78,92,88,77,80,74,70,53,54,50,37,38,36,26,14,19,20,13,14,8,4,2,3]},"_step":56292,"epoch":10,"grad_neuron_1":0.15679073006475447,"_runtime":39}