{"grad_norm_layer1":0.3058116262220003,"test_accuracy":0.9745,"grad_neuron_2":2.2538071556622614e-07,"test_f1":0.9743261650771382,"_timestamp":1.772900421491537e+09,"train_loss":0.0012869043354501782,"grad_neuron_3":0.021342121175894894,"class_samples":{"size":741,"path":"media/table/class_samples_0_bf1bad6fae2bb7eb4f63.table.json","ncols":2,"_type":"table-file","log_mode":"IMMUTABLE","artifact_path":"wandb-client-artifact://gtedtv3qdbfas2vu8tkhxvy06dwpim1v0fxasyxt9cvpjho5cu5sj77yc9g3lj3ih7c94aseav3ds3z5g9x1uxdrn5kwaccad2moz881u6kj33ounnwzucjegl9lvi08/class_samples.table.json","_latest_artifact_path":"wandb-client-artifact://5jm894r0nsg2e5t2eu9lo9cshf1ouiezj6kbbxxfkd2ni9ni6tsmepyot2226jjfw79obk24ep0jatujlxr8kkilt43e5ju4gq5bx999fsr598ptst56rdrvi4lpc4q4:latest/class_samples.table.json","sha256":"bf1bad6fae2bb7eb4f63c64de5751c6c34c6eab3552119fba968a202bc3e1d7f","nrows":50},"activation_hist_layer1":{"values":[3989,290,228,268,231,248,221,224,211,201,185,173,184,162,143,108,119,123,89,101,89,73,58,72,50,44,47,36,26,30,33,21,19,16,4,7,10,8,13,4,4,3,7,3,2,3,2,2,2,0,2,0,1,1,0,0,0,1,0,0,0,0,0,1],"bins":[0,0.03160605750652125,0.0632121150130425,0.09481817251956375,0.126424230026085,0.15803028753260623,0.1896363450391275,0.22124240254564875,0.25284846005217,0.2844545175586912,0.31606057506521246,0.34766663257173375,0.379272690078255,0.4108787475847762,0.4424848050912975,0.47409086259781874,0.50569692010434,0.5373029776108612,0.5689090351173824,0.6005150926239037,0.6321211501304249,0.6637272076369463,0.6953332651434675,0.7269393226499887,0.75854538015651,0.7901514376630312,0.8217574951695524,0.8533635526760737,0.884969610182595,0.9165756676891162,0.9481817251956375,0.9797877827021587,1.01139384020868,1.0429998977152013,1.0746059552217224,1.1062120127282438,1.1378180702347649,1.1694241277412862,1.2010301852478074,1.2326362427543287,1.2642423002608498,1.2958483577673712,1.3274544152738925,1.3590604727804136,1.390666530286935,1.4222725877934561,1.4538786452999775,1.4854847028064986,1.51709076031302,1.5486968178195413,1.5803028753260624,1.6119089328325837,1.6435149903391049,1.6751210478456262,1.7067271053521473,1.7383331628586687,1.76993922036519,1.8015452778717111,1.8331513353782325,1.8647573928847536,1.896363450391275,1.927969507897796,1.9595755654043174,1.9911816229108386,2.02278768041736],"_type":"histogram"},"grad_neuron_1":8.657430954694888e-08,"grad_neuron_0":1.671578171896804e-07,"_wandb":{"runtime":48},"train_accuracy":0.9937666666666667,"grad_neuron_4":0.04571641338237207,"epoch":10,"_step":56292,"_runtime":48}