{"_wandb":{"runtime":36},"grad_neuron_4":0.025086725701703817,"train_loss":0.37658863691422023,"_timestamp":1.7729019900374258e+09,"_step":56292,"grad_neuron_3":0.01862945119539372,"epoch":10,"grad_norm_layer1":0.18628415205416043,"grad_neuron_2":0.019024655935123164,"grad_neuron_0":0.01963084896110436,"train_accuracy":0.9026166666666666,"test_f1":0.8991949031135806,"class_samples":{"ncols":2,"_latest_artifact_path":"wandb-client-artifact://1myb9bhz3flf8rkdagrj1p3i8nocdzrr503j069yh74wb7w1xem90n1khgtmu08xkqiectlzkq0mj8516gq0xynu6zrywf2hok9y81f6i0izvfars6ovq7kgnn95e08p:latest/class_samples.table.json","log_mode":"IMMUTABLE","size":741,"_type":"table-file","artifact_path":"wandb-client-artifact://trk4nmph4ye1zyt2pcdn0yge9589aa9x7yip2wbk2rxcjmtoatpuy0v5r38twfing9e6pp0bicelu3r2h48xhwo9v426ksp9e9d5kdasfnln9hj73c2ad114nnmnbnyz/class_samples.table.json","nrows":50,"sha256":"bf1bad6fae2bb7eb4f63c64de5751c6c34c6eab3552119fba968a202bc3e1d7f","path":"media/table/class_samples_0_bf1bad6fae2bb7eb4f63.table.json"},"grad_neuron_1":0.032735317637941595,"test_accuracy":0.9006,"activation_hist_layer1":{"_type":"histogram","values":[1,0,0,3,1,0,4,5,11,8,10,10,17,19,30,35,38,44,53,52,57,95,91,90,89,109,146,132,131,162,134,178,183,166,159,153,163,142,147,125,124,115,109,97,91,78,68,73,49,52,52,37,37,29,31,14,8,12,3,9,5,3,2,5],"bins":[0.14212043514867875,0.15297070864650184,0.16382098214432494,0.17467125564214803,0.1855215291399711,0.1963718026377942,0.2072220761356173,0.21807234963344038,0.2289226231312635,0.23977289662908657,0.25062317012690966,0.26147344362473274,0.2723237171225559,0.28317399062037896,0.29402426411820204,0.3048745376160251,0.3157248111138482,0.3265750846116713,0.33742535810949437,0.34827563160731745,0.35912590510514053,0.36997617860296367,0.38082645210078675,0.39167672559860983,0.40252699909643297,0.41337727259425605,0.42422754609207913,0.4350778195899022,0.4459280930877253,0.4567783665855484,0.46762864008337146,0.47847891358119454,0.4893291870790176,0.5001794605768407,0.5110297340746638,0.5218800075724869,0.5327302810703101,0.5435805545681331,0.5544308280659562,0.5652811015637793,0.5761313750616024,0.5869816485594255,0.5978319220572486,0.6086821955550716,0.6195324690528947,0.6303827425507178,0.6412330160485409,0.6520832895463641,0.6629335630441872,0.6737838365420102,0.6846341100398333,0.6954843835376564,0.7063346570354795,0.7171849305333026,0.7280352040311256,0.7388854775289487,0.7497357510267718,0.7605860245245949,0.7714362980224181,0.7822865715202412,0.7931368450180643,0.8039871185158873,0.8148373920137104,0.8256876655115335,0.8365379390093566]},"_runtime":36}