{"grad_norm_layer1":0.04077569535520347,"grad_neuron_3":0.0030131227070166636,"grad_neuron_2":0.0024482991229880014,"grad_neuron_1":0.0033994913242643347,"epoch":5,"_runtime":28,"_step":6,"grad_neuron_4":0.0016056809491558897,"test_accuracy":0.9683,"class_samples":{"ncols":2,"log_mode":"IMMUTABLE","artifact_path":"wandb-client-artifact://tjvwubt2zy9pizs5l74edjmijsrdt5j728xt5j2qdha6rwux18vg02z5hd7whoe3rwa8b3lkiaoriqzzw73hg5q5g0epwxh7ykz64dlymoxzsttunvfqunc8an6urd1l/class_samples.table.json","size":741,"sha256":"bf1bad6fae2bb7eb4f63c64de5751c6c34c6eab3552119fba968a202bc3e1d7f","nrows":50,"path":"media/table/class_samples_0_bf1bad6fae2bb7eb4f63.table.json","_latest_artifact_path":"wandb-client-artifact://v3kpbmptyllka4pls16e6g6r1ufaz5kibh0dkydalopjua15kukl79m07a49rnsosdgx666qo41yjty118de5oetdpo2ikf84qmsswatmzs7qgtx6f4hruena4gv7kg9:latest/class_samples.table.json","_type":"table-file"},"train_accuracy":0.9778,"activation_hist_layer1":{"_type":"histogram","values":[323361,27140,25505,24088,22941,22018,20889,19338,17965,16662,15380,14011,12633,11420,10101,8856,7812,6652,5655,4800,4038,3399,2745,2337,1889,1504,1284,1070,880,704,593,478,400,272,211,209,145,122,127,85,62,50,38,30,23,24,12,16,7,6,4,2,1,2,1,1,0,0,0,0,0,0,0,2],"bins":[0,0.20612053494085472,0.41224106988170944,0.6183616048225642,0.8244821397634189,1.0306026747042736,1.2367232096451284,1.442843744585983,1.6489642795268378,1.8550848144676926,2.061205349408547,2.2673258843494017,2.4734464192902568,2.6795669542311114,2.885687489171966,3.091808024112821,3.2979285590536755,3.50404909399453,3.710169628935385,3.9162901638762397,4.122410698817094,4.328531233757949,4.5346517686988035,4.740772303639659,4.9468928385805135,5.153013373521368,5.359133908462223,5.565254443403077,5.771374978343932,5.977495513284787,6.183616048225642,6.3897365831664965,6.595857118107351,6.801977653048206,7.00809818798906,7.214218722929915,7.42033925787077,7.626459792811625,7.8325803277524795,8.038700862693334,8.244821397634189,8.450941932575043,8.657062467515898,8.863183002456752,9.069303537397607,9.275424072338463,9.481544607279318,9.687665142220172,9.893785677161027,10.099906212101882,10.306026747042736,10.51214728198359,10.718267816924445,10.9243883518653,11.130508886806155,11.33662942174701,11.542749956687864,11.748870491628718,11.954991026569575,12.16111156151043,12.367232096451284,12.573352631392138,12.779473166332993,12.985593701273848,13.191714236214702]},"grad_neuron_0":0.004585628118549617,"_timestamp":1.7729811257756186e+09,"_wandb":{"runtime":28},"test_f1":0.9681867384579995,"train_loss":0.0416141626706026}