{"grad_neuron_1":0.1300970226986046,"train_loss":0.012751039332866447,"grad_norm_layer1":1.9011666871532193,"test_accuracy":0.9176,"_runtime":44,"class_samples":{"size":741,"ncols":2,"_type":"table-file","_latest_artifact_path":"wandb-client-artifact://z345csmcjuh45e702vhegvvmhwjm1sr64za5bhz4n9f5lfdoiy90wllid9o4576tqgxdm6lcvahay2nrrcdqz3ulxp2kps7vilu0797xxcp9nbkf8dermqszlaxt34io:latest/class_samples.table.json","path":"media/table/class_samples_0_bf1bad6fae2bb7eb4f63.table.json","nrows":50,"sha256":"bf1bad6fae2bb7eb4f63c64de5751c6c34c6eab3552119fba968a202bc3e1d7f","artifact_path":"wandb-client-artifact://s0hcbo6or1z3x0scr8kb3z8doaqhbohsz9nlqukpwavh9f4ncf87pyslg2lx7gqjy2j0bfqj47ak66mwd3qysgf0hb3ip6u3o084nl5krtydkjr8di7ijlme7j9fsttx/class_samples.table.json","log_mode":"IMMUTABLE"},"grad_neuron_3":0.20053901814732455,"activation_hist_layer1":{"values":[4542,195,200,202,192,179,215,181,175,152,172,118,118,132,109,118,105,82,91,87,84,82,57,60,59,47,55,29,27,38,36,27,26,20,20,20,22,17,12,15,11,8,4,2,5,3,6,4,2,3,5,0,3,3,3,2,1,1,1,2,2,2,0,1],"bins":[0,0.025335092773501572,0.050670185547003144,0.07600527832050472,0.10134037109400629,0.12667546386750786,0.15201055664100943,0.177345649414511,0.20268074218801257,0.22801583496151415,0.2533509277350157,0.2786860205085173,0.30402111328201886,0.3293562060555204,0.354691298829022,0.3800263916025236,0.40536148437602515,0.4306965771495267,0.4560316699230283,0.4813667626965299,0.5067018554700314,0.532036948243533,0.5573720410170346,0.5827071337905362,0.6080422265640377,0.6333773193375393,0.6587124121110408,0.6840475048845425,0.709382597658044,0.7347176904315456,0.7600527832050472,0.7853878759785488,0.8107229687520503,0.8360580615255518,0.8613931542990534,0.886728247072555,0.9120633398460566,0.9373984326195581,0.9627335253930598,0.9880686181665613,1.0134037109400629,1.0387388037135645,1.064073896487066,1.0894089892605676,1.1147440820340693,1.1400791748075707,1.1654142675810724,1.1907493603545738,1.2160844531280754,1.241419545901577,1.2667546386750785,1.2920897314485802,1.3174248242220816,1.3427599169955833,1.368095009769085,1.3934301025425864,1.418765195316088,1.4441002880895897,1.4694353808630911,1.4947704736365928,1.5201055664100944,1.5454406591835959,1.5707757519570975,1.596110844730599,1.6214459375041006],"_type":"histogram"},"train_accuracy":0.9199666666666667,"_timestamp":1.7728977176807096e+09,"_wandb":{"runtime":44},"epoch":10,"_step":56292,"grad_neuron_2":0.008672307652284475,"grad_neuron_0":0.12380494120243826,"grad_neuron_4":0.26083463872578105,"test_f1":0.9166360914007994}