{"_step":56292,"train_loss":0.11625585198301742,"grad_neuron_4":0.09829209233252094,"grad_neuron_3":0.05201592433061412,"_wandb":{"runtime":52},"epoch":10,"class_samples":{"_latest_artifact_path":"wandb-client-artifact://0uh13lh6hmt6wwo9pluucxkyqyh0d2ooa49wbz5rkxo34vypq6nxypl5twljao9hwgj02getb1md519kpp5wyzhdt2ms1n3uwvwgr7jxqsvrbzlcbr8vpul5moqfnd1x:latest/class_samples.table.json","size":741,"ncols":2,"path":"media/table/class_samples_0_bf1bad6fae2bb7eb4f63.table.json","_type":"table-file","artifact_path":"wandb-client-artifact://6f0b8pxyxy460qk9dyymfyjly8pco808077c3e1xray6y4gyfhatei6wb0t70r0yy4osznx158xbth83k8b6298e31hf4ouvjgpyjcx9w6pdwzk8welrz0jwwgigv5f9/class_samples.table.json","sha256":"bf1bad6fae2bb7eb4f63c64de5751c6c34c6eab3552119fba968a202bc3e1d7f","nrows":50,"log_mode":"IMMUTABLE"},"grad_neuron_0":0.019562654395313205,"test_accuracy":0.9581,"_runtime":52,"grad_neuron_1":0.03070489044506605,"_timestamp":1.7729014507149124e+09,"train_accuracy":0.96915,"activation_hist_layer1":{"bins":[-0.9737496668096441,-0.9435584445619755,-0.9133672223143068,-0.8831760000666381,-0.8529847778189694,-0.8227935555713007,-0.7926023333236321,-0.7624111110759634,-0.7322198888282947,-0.702028666580626,-0.6718374443329573,-0.6416462220852887,-0.61145499983762,-0.5812637775899513,-0.5510725553422826,-0.5208813330946139,-0.49069011084694525,-0.46049888859927657,-0.4303076663516079,-0.4001164441039392,-0.3699252218562705,-0.33973399960860184,-0.30954277736093316,-0.2793515551132645,-0.2491603328655958,-0.21896911061792712,-0.18877788837025844,-0.15858666612258976,-0.12839544387492108,-0.0982042216272524,-0.06801299937958372,-0.037821777131915035,-0.007630554884246354,0.022560667363422326,0.05275188961109101,0.0829431118587598,0.11313433410642837,0.14332555635409694,0.17351677860176573,0.20370800084943452,0.2338992230971031,0.26409044534477166,0.29428166759244045,0.32447288984010925,0.3546641120877778,0.3848553343354464,0.4150465565831152,0.44523777883078397,0.47542900107845254,0.5056202233261211,0.5358114455737899,0.5660026678214587,0.5961938900691273,0.6263851123167958,0.6565763345644646,0.6867675568121334,0.716958779059802,0.7471500013074706,0.7773412235551393,0.8075324458028081,0.8377236680504767,0.8679148902981453,0.8981061125458141,0.9282973347934829,0.9584885570411515],"_type":"histogram","values":[2,7,13,21,24,33,39,46,51,75,68,92,89,94,118,138,131,142,157,163,179,202,202,199,197,205,214,219,237,223,236,226,228,224,223,249,217,233,219,204,219,204,177,156,151,175,169,161,149,121,110,103,90,86,56,50,46,30,37,28,17,9,6,3]},"grad_norm_layer1":0.8534997274360975,"grad_neuron_2":0.09220697340814511,"test_f1":0.9577881012322067}