{"_wandb":{"runtime":43},"_runtime":43,"test_accuracy":0.9241,"grad_neuron_0":0.2657098495040244,"grad_neuron_4":0.0474111150700539,"grad_norm_layer1":0.9479201725694459,"test_f1":0.9233201308104076,"grad_neuron_2":0.0448227792095579,"class_samples":{"sha256":"bf1bad6fae2bb7eb4f63c64de5751c6c34c6eab3552119fba968a202bc3e1d7f","size":741,"path":"media/table/class_samples_0_bf1bad6fae2bb7eb4f63.table.json","ncols":2,"artifact_path":"wandb-client-artifact://ch9p6pbc3qt62jc26tgjii6c2ealawej7qdwyyi9rx13ztyqyhljpoqk2dy0ii8fqu1qkj6xe9v7j2foh6awm9f7b76ggybzy4r4uhyp4lc3524yf823hye8628312y8/class_samples.table.json","log_mode":"IMMUTABLE","nrows":50,"_type":"table-file","_latest_artifact_path":"wandb-client-artifact://kaxjapzmo5gnqkwqw0nlx53eyb2u58cbajth2kvwwygmjuuct26bynkx5jhxz6sr8wtus38657c3t7q6iu9c1eov4urv1b3ggjgodkc3x02gzigkw1tkjcjn4jr6b6wt:latest/class_samples.table.json"},"epoch":10,"_step":56292,"_timestamp":1.7728989305891638e+09,"grad_neuron_1":0.0396315969073988,"train_loss":0.26697985932275076,"train_accuracy":0.927,"grad_neuron_3":0.08526705669889766,"activation_hist_layer1":{"bins":[-0.9426498529532867,-0.9134135882723194,-0.8841773235913521,-0.8549410589103847,-0.8257047942294174,-0.7964685295484502,-0.7672322648674827,-0.7379960001865155,-0.7087597355055482,-0.6795234708245809,-0.6502872061436136,-0.6210509414626462,-0.5918146767816789,-0.5625784121007116,-0.5333421474197442,-0.5041058827387769,-0.4748696180578096,-0.4456333533768423,-0.416397088695875,-0.3871608240149076,-0.3579245593339403,-0.328688294652973,-0.2994520299720056,-0.2702157652910383,-0.240979500610071,-0.2117432359291037,-0.18250697124813642,-0.153270706567169,-0.12403444188620172,-0.09479817720523442,-0.06556191252426702,-0.036325647843299724,-0.00708938316233243,0.022146881518634864,0.05138314619960216,0.08061941088056956,0.10985567556153675,0.13909194024250415,0.16832820492347156,0.19756446960443874,0.22680073428540615,0.25603699896637355,0.28527326364734074,0.31450952832830814,0.34374579300927555,0.37298205769024273,0.40221832237121014,0.4314545870521773,0.4606908517331447,0.48992711641411213,0.5191633810950793,0.5483996457760467,0.5776359104570139,0.6068721751379813,0.6361084398189487,0.6653447044999159,0.6945809691808833,0.7238172338618507,0.7530534985428179,0.7822897632237853,0.8115260279047527,0.8407622925857199,0.8699985572666873,0.8992348219476545,0.9284710866286219],"_type":"histogram","values":[2,10,14,13,27,28,46,46,50,60,66,100,94,101,129,126,137,138,182,182,166,206,187,231,259,246,239,239,256,229,242,226,221,208,244,227,223,206,203,211,167,161,192,174,159,137,122,147,117,84,104,111,84,65,72,63,59,36,18,30,35,15,12,8]}}