{"grad_norm_layer1":1.2089273285272621,"_step":6,"grad_neuron_1":0.016307347632127628,"grad_neuron_4":0.011323591987858875,"_runtime":26,"grad_neuron_2":0.18231539942855202,"train_accuracy":0.8404,"train_loss":0.6450663008829447,"_wandb":{"runtime":26},"_timestamp":1.772986921437037e+09,"test_accuracy":0.8408,"grad_neuron_3":0.04228801519397496,"test_f1":0.8373005575490344,"class_samples":{"path":"media/table/class_samples_0_bf1bad6fae2bb7eb4f63.table.json","nrows":50,"log_mode":"IMMUTABLE","_latest_artifact_path":"wandb-client-artifact://blnfh6vp2ss59l9kjl7xkx99fyslp5h6w958jiq502qx4syywzj47a0xhppdgdevlvlumwl2vlxhwq1yb8fn4h6eitsm4hj1exlanje7mwxdq54ilbga2nevjl0ikr6i:latest/class_samples.table.json","ncols":2,"sha256":"bf1bad6fae2bb7eb4f63c64de5751c6c34c6eab3552119fba968a202bc3e1d7f","_type":"table-file","size":741,"artifact_path":"wandb-client-artifact://4pe7qq5kzfwl23zrghp9w1ou1ouz4h20i3gbeuy762s2hplj30428cbdmre9t7lt7l8jrlis7ln12wdr1q9jcekcrjg7js6z3vrt0608vqcge1veghfcr5fzt7syxdbu/class_samples.table.json"},"epoch":5,"activation_hist_layer1":{"_type":"histogram","values":[492669,68552,67485,64608,61794,57950,54248,50350,45979,42015,36869,33042,29022,25424,22151,19223,16478,14228,12028,10227,8788,7494,6400,5146,4435,3725,3122,2682,2140,1828,1548,1290,1086,938,778,673,600,476,447,355,294,264,225,174,152,114,107,75,69,44,38,32,28,35,19,14,5,5,3,1,2,3,1,3],"bins":[0,0.08383211262858477,0.16766422525716954,0.2514963378857543,0.33532845051433907,0.4191605631429238,0.5029926757715086,0.5868247884000933,0.6706569010286781,0.754489013657263,0.8383211262858477,0.9221532389144325,1.0059853515430173,1.089817464171602,1.1736495768001867,1.2574816894287715,1.3413138020573563,1.425145914685941,1.508978027314526,1.5928101399431105,1.6766422525716953,1.7604743652002801,1.844306477828865,1.9281385904574497,2.0119707030860345,2.0958028157146193,2.179634928343204,2.2634670409717885,2.3472991536003733,2.431131266228958,2.514963378857543,2.5987954914861278,2.6826276041147126,2.7664597167432974,2.850291829371882,2.934123942000467,3.017956054629052,3.1017881672576366,3.185620279886221,3.269452392514806,3.3532845051433906,3.4371166177719754,3.5209487304005602,3.604780843029145,3.68861295565773,3.7724450682863147,3.8562771809148995,3.9401092935434843,4.023941406172069,4.107773518800654,4.191605631429239,4.2754377440578235,4.359269856686408,4.443101969314993,4.526934081943577,4.610766194572162,4.694598307200747,4.7784304198293315,4.862262532457916,4.946094645086501,5.029926757715086,5.113758870343671,5.1975909829722555,5.28142309560084,5.365255208229425]},"grad_neuron_0":0.056858317033256923}