{"_runtime":40,"grad_neuron_1":0.12958343483035814,"grad_neuron_3":0.12732547521684562,"activation_hist_layer1":{"bins":[-0.9656773288653684,-0.9355024689375792,-0.9053276090097899,-0.8751527490820007,-0.8449778891542115,-0.8148030292264223,-0.784628169298633,-0.7544533093708439,-0.7242784494430546,-0.6941035895152654,-0.6639287295874762,-0.6337538696596869,-0.6035790097318977,-0.5734041498041085,-0.5432292898763194,-0.51305442994853,-0.48287957002074083,-0.45270471009295166,-0.4225298501651624,-0.3923549902373732,-0.36218013030958396,-0.3320052703817947,-0.3018304104540055,-0.27165555052621626,-0.24148069059842703,-0.2113058306706378,-0.18113097074284856,-0.15095611081505944,-0.12078125088727021,-0.09060639095948098,-0.06043153103169174,-0.03025667110390251,-8.181117611327782e-05,0.030093048751675955,0.060267908679465076,0.09044276860725442,0.12061762853504354,0.15079248846283289,0.180967348390622,0.21114220831841135,0.24131706824620047,0.2714919281739898,0.30166678810177894,0.33184164802956806,0.3620165079573574,0.3921913678851465,0.42236622781293587,0.452541087740725,0.48271594766851433,0.5128908075963035,0.5430656675240928,0.5732405274518819,0.6034153873796713,0.6335902473074604,0.6637651072352495,0.6939399671630389,0.724114827090828,0.7542896870186173,0.7844645469464064,0.8146394068741958,0.8448142668019849,0.8749891267297742,0.9051639866575634,0.9353388465853527,0.9655137065131418],"_type":"histogram","values":[1,7,6,24,28,36,40,60,56,67,90,92,78,117,122,139,137,159,164,165,173,193,186,206,213,231,232,226,241,228,229,227,248,205,247,237,240,250,221,213,188,172,170,188,146,133,173,111,126,107,82,95,82,82,64,61,43,37,34,22,20,10,6,6]},"_timestamp":1.77290026301722e+09,"grad_neuron_2":0.09943973790136439,"test_accuracy":0.9007,"epoch":10,"grad_neuron_4":0.44879411308505873,"train_accuracy":0.9030166666666667,"class_samples":{"log_mode":"IMMUTABLE","nrows":50,"path":"media/table/class_samples_0_bf1bad6fae2bb7eb4f63.table.json","_latest_artifact_path":"wandb-client-artifact://g2z1mx2hss9l7qy38ufqovadz5g0zfkzyglkfb4empqycjjy2r5rrsvw4gtfgotib37qsofaywesla742f3x21jujii1irk5at6rippiy52jn1ordl03ui0qljjdc2bg:latest/class_samples.table.json","size":741,"ncols":2,"_type":"table-file","sha256":"bf1bad6fae2bb7eb4f63c64de5751c6c34c6eab3552119fba968a202bc3e1d7f","artifact_path":"wandb-client-artifact://yn4ck1iwtpmij900b9hzx90y1rf8wi8b49u63f4lydhyvmgol7rgglfazvawhd8s9y66qun2fm2nida91m18stoh1t2phowlzhw79gbnag2nfbkyf42kwqas887xedux/class_samples.table.json"},"test_f1":0.8993083575419065,"grad_neuron_0":0.21604394008554106,"_step":56292,"train_loss":0.015293736980440415,"_wandb":{"runtime":40},"grad_norm_layer1":2.387858250719629}