{"grad_neuron_3":0.08437336917148629,"test_f1":0.8132423019237829,"grad_norm_layer1":0.8230098184416664,"test_accuracy":0.8178,"grad_neuron_1":0.08130896217308231,"activation_hist_layer1":{"_type":"histogram","values":[2,0,3,4,3,2,8,10,14,12,12,32,29,28,28,36,49,61,58,87,100,92,98,117,122,101,141,159,153,147,184,169,176,162,176,151,173,162,130,142,80,95,87,82,71,49,55,40,39,33,28,26,17,19,13,5,6,7,2,2,3,0,3,1],"bins":[0.13058299466670237,0.14223784981102897,0.15389270495535556,0.1655475600996822,0.1772024152440088,0.18885727038833539,0.200512125532662,0.2121669806769886,0.2238218358213152,0.2354766909656418,0.2471315461099684,0.25878640125429503,0.2704412563986216,0.2820961115429482,0.29375096668727485,0.3054058218316015,0.31706067697592805,0.3287155321202546,0.34037038726458124,0.35202524240890787,0.3636800975532345,0.37533495269756106,0.3869898078418877,0.39864466298621426,0.4102995181305409,0.4219543732748675,0.4336092284191941,0.4452640835635207,0.45691893870784733,0.4685737938521739,0.48022864899650053,0.4918835041408271,0.5035383592851537,0.5151932144294804,0.5268480695738069,0.5385029247181335,0.5501577798624602,0.5618126350067867,0.5734674901511134,0.5851223452954399,0.5967772004397666,0.6084320555840932,0.6200869107284197,0.6317417658727464,0.643396621017073,0.6550514761613997,0.6667063313057262,0.6783611864500527,0.6900160415943795,0.701670896738706,0.7133257518830327,0.7249806070273592,0.7366354621716857,0.7482903173160125,0.759945172460339,0.7716000276046657,0.7832548827489922,0.7949097378933188,0.8065645930376455,0.818219448181972,0.8298743033262987,0.8415291584706253,0.8531840136149518,0.8648388687592785,0.876493723903605]},"train_accuracy":0.8191833333333334,"grad_neuron_0":0.11496807318141442,"epoch":10,"_runtime":35,"_wandb":{"runtime":35},"_step":56292,"_timestamp":1.7728979887295458e+09,"grad_neuron_4":0.1327465738976079,"train_loss":0.04543677732494941,"grad_neuron_2":0.10845987339407584,"class_samples":{"sha256":"bf1bad6fae2bb7eb4f63c64de5751c6c34c6eab3552119fba968a202bc3e1d7f","path":"media/table/class_samples_0_bf1bad6fae2bb7eb4f63.table.json","log_mode":"IMMUTABLE","artifact_path":"wandb-client-artifact://4utsvux3a1v39ozth055yqs4ubs4tjddegqimvu7mrypsc2jeexa3htx9uhivsdi0oqhv495jk4a0zc6zsh73vd7zcj8h9h4fdcrxr355vv81pelde20lex59mi5g9uy/class_samples.table.json","nrows":50,"size":741,"_latest_artifact_path":"wandb-client-artifact://bpu4vsmc34xfmifmf3fi0t50az5kobh7vh2go1oevjidwnog7riq2f8jmuxnian8kjhg0nhzidsmvk1qc7g2nrj6lfnvns19j9wqff3kom6ejmlrs7tqa5guvlwmhww9:latest/class_samples.table.json","ncols":2,"_type":"table-file"}}