{"train_accuracy":0.2875666666666667,"grad_norm_layer1":0.12242001294027588,"activation_hist_layer1":{"values":[2,1,3,5,3,7,13,7,9,24,18,35,25,50,57,71,60,73,71,104,102,102,112,127,147,135,149,151,156,138,154,156,164,163,148,148,111,144,105,121,105,98,97,71,65,49,48,40,28,21,24,19,12,9,11,8,7,3,3,2,1,2,1,1],"bins":[0.16120593360293217,0.17200213598574401,0.18279833836855586,0.19359454075136773,0.20439074313417954,0.2151869455169914,0.22598314789980326,0.2367793502826151,0.24757555266542694,0.2583717550482388,0.2691679574310506,0.27996415981386247,0.29076036219667434,0.3015565645794862,0.312352766962298,0.32314896934510984,0.3339451717279217,0.3447413741107336,0.3555375764935454,0.3663337788763572,0.3771299812591691,0.38792618364198095,0.3987223860247928,0.40951858840760463,0.4203147907904165,0.4311109931732283,0.4419071955560402,0.452703397938852,0.4634996003216639,0.4742958027044757,0.48509200508728756,0.4958882074700994,0.5066844098529113,0.5174806122357232,0.5282768146185349,0.5390730170013468,0.5498692193841586,0.5606654217669704,0.5714616241497823,0.5822578265325942,0.593054028915406,0.6038502312982179,0.6146464336810298,0.6254426360638415,0.6362388384466534,0.6470350408294652,0.657831243212277,0.6686274455950889,0.6794236479779008,0.6902198503607127,0.7010160527435245,0.7118122551263364,0.7226084575091483,0.7334046598919599,0.7442008622747718,0.7549970646575836,0.7657932670403955,0.7765894694232074,0.7873856718060193,0.7981818741888311,0.808978076571643,0.8197742789544549,0.8305704813372665,0.8413666837200784,0.8521628861028903],"_type":"histogram"},"test_f1":0.23497177972813885,"_step":56292,"_timestamp":1.772902311659414e+09,"epoch":10,"grad_neuron_2":0.014356309496176767,"_wandb":{"runtime":37},"grad_neuron_4":0.016466968473220246,"test_accuracy":0.287,"grad_neuron_3":0.012742394444934106,"train_loss":2.2371779452273244,"_runtime":37,"grad_neuron_1":0.017893977739683098,"class_samples":{"nrows":50,"log_mode":"IMMUTABLE","sha256":"bf1bad6fae2bb7eb4f63c64de5751c6c34c6eab3552119fba968a202bc3e1d7f","_type":"table-file","_latest_artifact_path":"wandb-client-artifact://f1etgrbra0oq50flra6dd3lj0afns7r6iro95f061qrgbued513jelk4eym721isgiysxowdl29cncygbedtfzzd5f9h2c07iaa3w4j2d53mq4nl96gydon359175b6p:latest/class_samples.table.json","ncols":2,"path":"media/table/class_samples_0_bf1bad6fae2bb7eb4f63.table.json","size":741,"artifact_path":"wandb-client-artifact://f9xhagw21hazja14dpyzgib21xw0oqmvg3zleqvo2dohl06tb1bt8phaiwn8mhlxdgv9e0kzcta4rhkk2sb60wgjuc5zswgee5ns51verwxigtnxswpptvguq37rmlnv/class_samples.table.json"},"grad_neuron_0":0.016069406305758257}