{"grad_neuron_3":0.28751041682408457,"grad_norm_layer1":3.8041943710891086,"train_accuracy":0.9654666666666667,"test_accuracy":0.9568,"activation_hist_layer1":{"bins":[0,0.022817065794153622,0.045634131588307245,0.06845119738246086,0.09126826317661449,0.11408532897076812,0.13690239476492172,0.15971946055907535,0.18253652635322898,0.2053535921473826,0.22817065794153624,0.25098772373568984,0.27380478952984344,0.2966218553239971,0.3194389211181507,0.34225598691230436,0.36507305270645796,0.38789011850061156,0.4107071842947652,0.4335242500889188,0.4563413158830725,0.4791583816772261,0.5019754474713797,0.5247925132655333,0.5476095790596869,0.5704266448538405,0.5932437106479942,0.6160607764421479,0.6388778422363014,0.661694908030455,0.6845119738246087,0.7073290396187623,0.7301461054129159,0.7529631712070696,0.7757802370012231,0.7985973027953768,0.8214143685895304,0.844231434383684,0.8670485001778376,0.8898655659719913,0.912682631766145,0.9354996975602985,0.9583167633544522,0.9811338291486058,1.0039508949427594,1.026767960736913,1.0495850265310667,1.0724020923252202,1.0952191581193738,1.1180362239135275,1.140853289707681,1.1636703555018348,1.1864874212959884,1.209304487090142,1.2321215528842957,1.2549386186784492,1.2777556844726028,1.3005727502667566,1.32338981606091,1.3462068818550637,1.3690239476492174,1.391841013443371,1.4146580792375245,1.4374751450316783,1.4602922108258318],"_type":"histogram","values":[1965,91,97,95,88,91,91,79,80,90,78,91,79,77,70,60,57,70,65,71,52,52,47,40,30,24,35,29,39,25,23,27,25,15,13,8,14,9,14,11,5,7,7,7,7,5,8,6,4,3,4,1,3,2,2,3,1,1,1,0,0,0,0,2]},"grad_neuron_0":0.31410845804745435,"grad_neuron_1":0.9057684021298386,"epoch":10,"train_loss":0.00578543823175836,"_wandb":{"runtime":35},"_runtime":35,"grad_neuron_2":0.6571720379831358,"_timestamp":1.7728980908140647e+09,"class_samples":{"ncols":2,"artifact_path":"wandb-client-artifact://6z07ii66yatjowmddfs691hbciez05dmhwnzct0dxvs9y1dsa6jedhavtjw5vmvp19t3zwe8ggqssuxmk9j1r8f047jyhnb1mwxcsgpt5w8duo4bw9m0o0anptbt0qgf/class_samples.table.json","path":"media/table/class_samples_0_bf1bad6fae2bb7eb4f63.table.json","nrows":50,"log_mode":"IMMUTABLE","_type":"table-file","size":741,"sha256":"bf1bad6fae2bb7eb4f63c64de5751c6c34c6eab3552119fba968a202bc3e1d7f","_latest_artifact_path":"wandb-client-artifact://v7evcd63zgdmx3tka38tglfbp51jk9uk1ts1lld4fnn1qn9s0zz7bn5m8yg8r40txa3s15y9szoxww2ajau2b3wfifp1iuhwhirczzskda6eykm6jeiu25fc9n3osiic:latest/class_samples.table.json"},"grad_neuron_4":0.7955041923317814,"test_f1":0.9565416911213388,"_step":56292}