{"_step":6,"_wandb":{"runtime":22},"test_f1":0.5794314744043183,"train_loss":0.5804369291627631,"activation_hist_layer1":{"_type":"histogram","values":[280872,25036,24867,24230,23766,22575,21705,20599,19469,18089,16784,15663,14296,12876,11587,10381,9388,8301,7405,6590,5764,5072,4327,3985,3457,2967,2690,2321,2057,1749,1583,1384,1226,1053,938,843,703,593,507,451,343,278,255,198,149,152,97,89,70,62,39,40,26,19,14,6,5,4,1,2,0,1,0,1],"bins":[0,0.059056671199704515,0.11811334239940903,0.17717001359911355,0.23622668479881806,0.29528335599852257,0.3543400271982271,0.4133966983979316,0.4724533695976361,0.5315100407973407,0.5905667119970451,0.6496233831967496,0.7086800543964542,0.7677367255961587,0.8267933967958632,0.8858500679955678,0.9449067391952722,1.0039634103949768,1.0630200815946813,1.1220767527943858,1.1811334239940903,1.2401900951937948,1.2992467663934992,1.358303437593204,1.4173601087929084,1.476416779992613,1.5354734511923174,1.5945301223920219,1.6535867935917263,1.712643464791431,1.7717001359911355,1.83075680719084,1.8898134783905445,1.948870149590249,2.0079268207899537,2.066983491989658,2.1260401631893626,2.185096834389067,2.2441535055887716,2.3032101767884763,2.3622668479881805,2.4213235191878852,2.4803801903875895,2.539436861587294,2.5984935327869985,2.657550203986703,2.716606875186408,2.775663546386112,2.834720217585817,2.893776888785521,2.952833559985226,3.01189023118493,3.0709469023846347,3.1300035735843394,3.1890602447840437,3.2481169159837484,3.3071735871834527,3.3662302583831574,3.425286929582862,3.4843436007825663,3.543400271982271,3.6024569431819753,3.66151361438168,3.7205702855813843,3.779626956781089]},"epoch":5,"test_accuracy":0.6467,"grad_norm_layer1":0.483399657885848,"grad_neuron_2":0.055696814896929826,"grad_neuron_0":0.016387970986447307,"grad_neuron_3":0.0010539868098216976,"_runtime":22,"grad_neuron_1":0.046703146766622516,"_timestamp":1.7729815104779828e+09,"train_accuracy":0.657,"class_samples":{"nrows":50,"_type":"table-file","sha256":"bf1bad6fae2bb7eb4f63c64de5751c6c34c6eab3552119fba968a202bc3e1d7f","log_mode":"IMMUTABLE","size":741,"artifact_path":"wandb-client-artifact://09l6wixysdodto7hhevligk7y1jk2o3t0bhzdgjgxn30uqdtxrt3iz4wgntyysyjdtcy1ih7685fk1976jkkc89x0fvgfwm7x2ocb4jb6quznymulktczf0puyhz6fb3/class_samples.table.json","path":"media/table/class_samples_0_bf1bad6fae2bb7eb4f63.table.json","_latest_artifact_path":"wandb-client-artifact://2c0cnh3150xdtxced674mi0ywp7hbnsgp0k2a9bxd7valeiwxl6uu54uo2409fn096ooyu4b3xxnwflfyqc3wprsdmlj58fsmotza1x1ipx1xh6m27b1hqn4mi0j7wh2:latest/class_samples.table.json","ncols":2},"grad_neuron_4":0}