{"_step":11,"epoch":10,"grad_neuron_2":6.203594568114365e-24,"grad_neuron_4":1.3982301935207982e-22,"_timestamp":1.7729887236526818e+09,"_runtime":38,"grad_norm_layer1":1.8192085190982027e-15,"grad_neuron_0":4.841157198616582e-28,"grad_neuron_1":6.565407966056322e-22,"grad_neuron_3":1.5408135067188134e-17,"activation_hist_layer1":{"_type":"histogram","values":[634157,2429,1370,1028,768,631,591,479,466,427,391,349,300,319,303,287,251,228,238,267,247,219,188,223,192,227,211,190,213,211,202,214,215,190,221,214,207,214,194,243,217,232,218,224,249,266,262,268,270,298,303,309,333,422,417,445,521,572,666,849,993,1423,2391,618338],"bins":[-1,-0.96875,-0.9375,-0.90625,-0.875,-0.84375,-0.8125,-0.78125,-0.75,-0.71875,-0.6875,-0.65625,-0.625,-0.59375,-0.5625,-0.53125,-0.5,-0.46875,-0.4375,-0.40625,-0.375,-0.34375,-0.3125,-0.28125,-0.25,-0.21875,-0.1875,-0.15625,-0.125,-0.09375,-0.0625,-0.03125,0,0.03125,0.0625,0.09375,0.125,0.15625,0.1875,0.21875,0.25,0.28125,0.3125,0.34375,0.375,0.40625,0.4375,0.46875,0.5,0.53125,0.5625,0.59375,0.625,0.65625,0.6875,0.71875,0.75,0.78125,0.8125,0.84375,0.875,0.90625,0.9375,0.96875,1]},"train_accuracy":0.102,"test_accuracy":0.0906,"train_loss":15.527429397344195,"test_f1":0.016614707500458466,"class_samples":{"log_mode":"IMMUTABLE","artifact_path":"wandb-client-artifact://cymo5cvbihsik5qqc69lf7orwlu8lyvcg8kydkwjmmt6a258ngz4fmh49xkstdmdd2yvd3dia7jxgw1id36eacdkcb2j8j2ryb5sok1zmiabis4oapej2d0eamy8z7nj/class_samples.table.json","sha256":"bf1bad6fae2bb7eb4f63c64de5751c6c34c6eab3552119fba968a202bc3e1d7f","path":"media/table/class_samples_0_bf1bad6fae2bb7eb4f63.table.json","_type":"table-file","nrows":50,"_latest_artifact_path":"wandb-client-artifact://y4xnq6cfznjr6q0io2kg4o9g8y92wsav2pihiq5skarqxl7iplb91ixvkwpe32q7uy0dn3zgganfpl1kql9tutqb6coju01yfrzlgq9wwgd9d27r2ym4fibrk6sbw8su:latest/class_samples.table.json","ncols":2,"size":741},"_wandb":{"runtime":38}}