{"test_f1":0.9706298649590716,"epoch":10,"test_accuracy":0.9709,"_runtime":36,"grad_neuron_4":0.0007844087494056305,"_step":56292,"activation_hist_layer1":{"bins":[0,0.028734651840254588,0.057469303680509176,0.08620395552076376,0.11493860736101835,0.14367325920127294,0.17240791104152753,0.20114256288178212,0.2298772147220367,0.2586118665622913,0.2873465184025459,0.31608117024280047,0.34481582208305506,0.37355047392330964,0.40228512576356423,0.4310197776038188,0.4597544294440734,0.488489081284328,0.5172237331245826,0.5459583849648372,0.5746930368050918,0.6034276886453463,0.6321623404856009,0.6608969923258555,0.6896316441661101,0.7183662960063647,0.7471009478466193,0.7758355996868739,0.8045702515271285,0.833304903367383,0.8620395552076376,0.8907742070478922,0.9195088588881468,0.9482435107284014,0.976978162568656,1.0057128144089105,1.0344474662491652,1.0631821180894199,1.0919167699296743,1.1206514217699288,1.1493860736101835,1.1781207254504382,1.2068553772906927,1.2355900291309472,1.2643246809712019,1.2930593328114566,1.321793984651711,1.3505286364919655,1.3792632883322202,1.407997940172475,1.4367325920127294,1.4654672438529839,1.4942018956932386,1.5229365475334933,1.5516711993737478,1.5804058512140022,1.609140503054257,1.6378751548945116,1.666609806734766,1.6953444585750206,1.7240791104152753,1.75281376225553,1.7815484140957845,1.810283065936039,1.8390177177762936],"_type":"histogram","values":[2448,108,110,108,98,99,76,101,86,101,58,64,58,47,68,51,55,32,38,30,29,32,22,20,26,13,14,11,11,12,8,8,6,6,2,4,7,3,2,6,1,0,4,4,2,1,1,2,0,0,0,0,0,0,0,0,0,2,0,0,0,0,0,1]},"_wandb":{"runtime":36},"grad_neuron_0":0.03425712362057047,"train_loss":0.03913201355377845,"_timestamp":1.7729006338316157e+09,"train_accuracy":0.9921333333333333,"grad_neuron_2":0.000884993002475223,"class_samples":{"sha256":"bf1bad6fae2bb7eb4f63c64de5751c6c34c6eab3552119fba968a202bc3e1d7f","artifact_path":"wandb-client-artifact://byvczlfdfi98212up1nm6ew1riwy96j1kz369his593bs8r7hjpdu7s2xk4uz6flwcuw26qtnnc6vl67rumohgm9zwd1l8whma3ud7s7pd41xcmu43hxx8hsavc7ffae/class_samples.table.json","_latest_artifact_path":"wandb-client-artifact://qhc83c5ex8pc0wf9fpo9kzguofqj9bxjvj7yf1aduusg4uvm8faawkvskkm42714i1ovgptaj71jlk8mvmr7n3vhv3d0jh1y9egjq82oq90xhbgq35lvits5irxgt5cg:latest/class_samples.table.json","_type":"table-file","nrows":50,"size":741,"log_mode":"IMMUTABLE","path":"media/table/class_samples_0_bf1bad6fae2bb7eb4f63.table.json","ncols":2},"grad_norm_layer1":0.14035482054965245,"grad_neuron_1":0.018793545560709706,"grad_neuron_3":0.0037871114055936486}