{"train_loss":0.03879107197400449,"grad_neuron_2":0.022602424251079223,"grad_neuron_4":0.006631821559951179,"activation_hist_layer1":{"values":[920304,39248,34867,31215,28009,25281,23107,20586,18881,16697,15199,13705,12247,10882,9495,8538,7368,6355,5476,4745,4332,3519,3080,2602,2332,1925,1667,1329,1099,998,827,651,617,504,397,372,290,236,185,149,124,114,97,73,63,43,45,33,15,15,11,11,11,8,3,2,7,3,2,2,1,0,0,1],"bins":[0,0.13022989805939536,0.2604597961187907,0.3906896941781861,0.5209195922375814,0.6511494902969768,0.7813793883563722,0.9116092864157676,1.0418391844751629,1.1720690825345583,1.3022989805939535,1.432528878653349,1.5627587767127444,1.6929886747721397,1.823218572831535,1.9534484708909303,2.0836783689503258,2.213908267009721,2.3441381650691167,2.474368063128512,2.604597961187907,2.7348278592473028,2.865057757306698,2.995287655366093,3.125517553425489,3.255747451484884,3.3859773495442793,3.5162072476036745,3.64643714566307,3.7766670437224654,3.9068969417818606,4.037126839841256,4.1673567379006515,4.297586635960047,4.427816534019442,4.558046432078838,4.688276330138233,4.818506228197628,4.948736126257024,5.078966024316419,5.209195922375814,5.33942582043521,5.4696557184946055,5.599885616554,5.730115514613396,5.860345412672792,5.990575310732186,6.120805208791582,6.251035106850978,6.3812650049103725,6.511494902969768,6.641724801029163,6.771954699088559,6.902184597147954,7.032414495207349,7.162644393266745,7.29287429132614,7.423104189385535,7.553334087444931,7.6835639855043265,7.813793883563721,7.944023781623117,8.074253679682512,8.204483577741907,8.334713475801303],"_type":"histogram"},"_timestamp":1.7729846010274253e+09,"_wandb":{"runtime":69},"epoch":5,"test_accuracy":0.9646,"train_accuracy":0.9736,"test_f1":0.9643272026781385,"_step":6,"_runtime":69,"grad_neuron_3":0.009104536109469452,"grad_norm_layer1":0.2658643527402736,"grad_neuron_1":0.0002752914216204061,"class_samples":{"size":741,"_type":"table-file","log_mode":"IMMUTABLE","sha256":"bf1bad6fae2bb7eb4f63c64de5751c6c34c6eab3552119fba968a202bc3e1d7f","path":"media/table/class_samples_0_bf1bad6fae2bb7eb4f63.table.json","artifact_path":"wandb-client-artifact://x68cxefaymiqyyqm5x99be8p74pi0z6l8i3vizj5fmzyvatvlvqbmb6ppzl7d6126xfgm6mfzotsl6sjqid4ckcurri59axnqygr23p604n9kjzopxxkfh7egyht30b3/class_samples.table.json","nrows":50,"ncols":2,"_latest_artifact_path":"wandb-client-artifact://gbpecl2jg349zd16h2wjcq2z1c7uh0rh62mczqt4vhif16vpkxmlsf68jiurhl4kjvf9ny2ny8o7sjs5ecv66hi23ugo4qpvgcr7550221igm8v5mp2vsq67wnqnk49e:latest/class_samples.table.json"},"grad_neuron_0":0.046620018423033587}