{"activation_hist_layer1":{"bins":[0,0.02311558450299893,0.04623116900599786,0.06934675350899679,0.09246233801199572,0.11557792251499464,0.13869350701799357,0.1618090915209925,0.18492467602399143,0.20804026052699037,0.2311558450299893,0.2542714295329882,0.27738701403598715,0.3005025985389861,0.323618183041985,0.3467337675449839,0.36984935204798286,0.3929649365509818,0.41608052105398075,0.43919610555697963,0.4623116900599786,0.4854272745629775,0.5085428590659764,0.5316584435689754,0.5547740280719743,0.5778896125749732,0.6010051970779722,0.6241207815809711,0.64723636608397,0.670351950586969,0.6934675350899678,0.7165831195929668,0.7396987040959657,0.7628142885989646,0.7859298731019636,0.8090454576049625,0.8321610421079615,0.8552766266109604,0.8783922111139593,0.9015077956169583,0.9246233801199572,0.947738964622956,0.970854549125955,0.9939701336289539,1.0170857181319528,1.0402013026349517,1.0633168871379508,1.0864324716409497,1.1095480561439486,1.1326636406469475,1.1557792251499464,1.1788948096529455,1.2020103941559444,1.2251259786589432,1.2482415631619421,1.271357147664941,1.29447273216794,1.317588316670939,1.340703901173938,1.3638194856769368,1.3869350701799357,1.4100506546829346,1.4331662391859337,1.4562818236889326,1.4793974081919314],"_type":"histogram","values":[2357,84,74,71,88,63,76,60,74,66,88,60,62,66,46,49,46,49,41,45,35,46,33,33,37,39,28,28,21,16,19,21,19,21,16,14,13,8,14,9,8,7,1,5,4,4,6,5,1,4,4,1,1,3,1,1,0,1,0,1,1,0,1,1]},"test_f1":0.9588806110512473,"grad_neuron_4":0.4717943314282855,"train_accuracy":0.9691166666666666,"train_loss":0.005290505929166422,"grad_neuron_3":0.15311893233749016,"_step":56292,"_runtime":35,"_timestamp":1.7729002102145112e+09,"grad_neuron_1":0.10286298248393869,"epoch":10,"_wandb":{"runtime":35},"class_samples":{"log_mode":"IMMUTABLE","path":"media/table/class_samples_0_bf1bad6fae2bb7eb4f63.table.json","artifact_path":"wandb-client-artifact://5k15mlejk5bfmujfe9420j1u0pllrb0rk65h9yjh6a9he8io1memt33kitow9pfz2lfne0q6wq77ditmdvudf83u9ywiaredbz9v4vo67haw8hklebqsqyqlrp6rtrou/class_samples.table.json","sha256":"bf1bad6fae2bb7eb4f63c64de5751c6c34c6eab3552119fba968a202bc3e1d7f","ncols":2,"size":741,"_latest_artifact_path":"wandb-client-artifact://ku9i8bnt5i0mrni48k76fvta8aqotald02kw6w1laxkvsbgbwu3epdgayacuk2291kuc7z5zn7teq0hqxnow46ci421y93bo08r2j9i3tlxljg0an29ikktyc2gep71a:latest/class_samples.table.json","nrows":50,"_type":"table-file"},"grad_norm_layer1":2.282543466263913,"test_accuracy":0.9591,"grad_neuron_0":0.17175588502005204,"grad_neuron_2":0.1284466049714223}