{"_wandb":{"runtime":44},"grad_neuron_3":0.09120520281543439,"grad_neuron_2":0.06615560738861276,"epoch":5,"_step":6,"train_loss":0.16044710324913086,"test_f1":0.9499879258744922,"grad_norm_layer1":0.8869506185319275,"_runtime":44,"_timestamp":1.7729836344426143e+09,"grad_neuron_4":0.0007467286804987606,"activation_hist_layer1":{"values":[514688,59349,58279,56527,54138,51617,48703,45648,43252,39935,36683,33378,29893,26999,24263,21466,19065,16771,14457,12404,11128,9484,8192,7081,6017,4999,4302,3629,3035,2534,2099,1738,1482,1228,970,783,662,607,423,344,300,248,204,188,123,123,88,79,68,79,52,37,26,26,27,20,16,10,13,3,5,7,3,3],"bins":[0,0.085842720342999,0.171685440685998,0.257528161028997,0.343370881371996,0.429213601714995,0.515056322057994,0.600899042400993,0.686741762743992,0.772584483086991,0.85842720342999,0.944269923772989,1.030112644115988,1.115955364458987,1.201798084801986,1.287640805144985,1.373483525487984,1.459326245830983,1.545168966173982,1.631011686516981,1.71685440685998,1.802697127202979,1.888539847545978,1.974382567888977,2.060225288231976,2.146068008574975,2.231910728917974,2.317753449260973,2.403596169603972,2.489438889946971,2.57528161028997,2.661124330632969,2.746967050975968,2.832809771318967,2.918652491661966,3.004495212004965,3.090337932347964,3.176180652690963,3.262023373033962,3.347866093376961,3.43370881371996,3.519551534062959,3.605394254405958,3.691236974748957,3.777079695091956,3.862922415434955,3.948765135777954,4.034607856120953,4.120450576463952,4.206293296806951,4.29213601714995,4.377978737492949,4.463821457835948,4.549664178178947,4.635506898521946,4.721349618864945,4.807192339207944,4.893035059550943,4.978877779893942,5.064720500236941,5.15056322057994,5.236405940922939,5.322248661265938,5.408091381608937,5.493934101951936],"_type":"histogram"},"test_accuracy":0.9502,"train_accuracy":0.956,"grad_neuron_1":0.023838241645494467,"class_samples":{"log_mode":"IMMUTABLE","artifact_path":"wandb-client-artifact://wpwcpxmy18mgowrbumfclt5twydtf6z3dslwqhquwuu7bm54j00i1de7ws50eagojgvdiimp1u1padixcbutrqc0d00qwcu3lhjic7sv1q9buecyiduw6jbvljdqfmhl/class_samples.table.json","_type":"table-file","nrows":50,"ncols":2,"path":"media/table/class_samples_0_bf1bad6fae2bb7eb4f63.table.json","sha256":"bf1bad6fae2bb7eb4f63c64de5751c6c34c6eab3552119fba968a202bc3e1d7f","size":741,"_latest_artifact_path":"wandb-client-artifact://zvkjda8kkzl8usofxh7hq5777jawwrdvhcosqbx2l285o26ggjax1ugpueo1mq7znkjte4ey22up3g594na1czizbiuq9lo5gu5jbaq7lzic0llecpk68lwhatuxxn5v:latest/class_samples.table.json"},"grad_neuron_0":0.049448596263635486}