{"train_loss":0.7040182349769399,"epoch":5,"grad_norm_layer1":0.504714968490058,"test_f1":0.5992394092060428,"grad_neuron_3":0.03453918526548501,"grad_neuron_2":0.024160898438514197,"train_accuracy":0.6516,"class_samples":{"_latest_artifact_path":"wandb-client-artifact://vh34842pa01ie6brxivdsbqy1h4a3w0k5nlgqgggjyue9lw40fp68dwcjdffvcec51yttkgojx7p3ospiqmbguk57mtbyyjkf61wfimihlnskm76fs0qqgvsylaxdeam:latest/class_samples.table.json","nrows":50,"artifact_path":"wandb-client-artifact://8qdn8j1otipqd2jjucki6domb8vkvtklaxiqwh1j863w86dax4m6bpebmqabn5g400rwutsqq84ka8w9965dyymyw99bckx12avvi1balzyxi3fj07ej901wtye2gwgn/class_samples.table.json","path":"media/table/class_samples_0_bf1bad6fae2bb7eb4f63.table.json","size":741,"log_mode":"IMMUTABLE","ncols":2,"_type":"table-file","sha256":"bf1bad6fae2bb7eb4f63c64de5751c6c34c6eab3552119fba968a202bc3e1d7f"},"_timestamp":1.7729842023624992e+09,"activation_hist_layer1":{"values":[268778,27981,27468,26328,25382,24384,23261,21918,20625,19044,17631,16073,14717,13369,12096,10600,9605,8493,7314,6520,5611,4913,4214,3618,3127,2749,2467,2023,1617,1464,1208,1081,824,698,602,470,360,280,240,219,135,122,100,60,46,50,38,18,18,8,8,10,3,3,3,2,1,2,0,0,0,0,0,1],"bins":[0,0.06661277586348902,0.13322555172697803,0.19983832759046705,0.26645110345395606,0.3330638793174451,0.3996766551809341,0.4662894310444231,0.5329022069079121,0.5995149827714011,0.6661277586348902,0.7327405344983792,0.7993533103618682,0.8659660862253572,0.9325788620888462,0.9991916379523352,1.0658044138158242,1.1324171896793134,1.1990299655428023,1.2656427414062912,1.3322555172697803,1.3988682931332694,1.4654810689967583,1.5320938448602472,1.5987066207237364,1.6653193965872255,1.7319321724507144,1.7985449483142033,1.8651577241776924,1.9317705000411816,1.9983832759046705,2.0649960517681594,2.1316088276316485,2.1982216034951376,2.2648343793586267,2.3314471552221154,2.3980599310856046,2.4646727069490937,2.5312854828125824,2.5978982586760715,2.6645110345395606,2.7311238104030497,2.797736586266539,2.8643493621300276,2.9309621379935167,2.997574913857006,3.0641876897204945,3.1308004655839836,3.1974132414474727,3.264026017310962,3.330638793174451,3.3972515690379397,3.463864344901429,3.530477120764918,3.5970898966284066,3.6637026724918957,3.730315448355385,3.796928224218874,3.863541000082363,3.930153775945852,3.996766551809341,4.06337932767283,4.129992103536319,4.196604879399808,4.263217655263297],"_type":"histogram"},"_step":6,"grad_neuron_4":0.025088981021866213,"test_accuracy":0.6465,"_runtime":24,"grad_neuron_0":0.08713070174187663,"grad_neuron_1":0.03991036619719187,"_wandb":{"runtime":24}}