{"test_accuracy":0.425,"grad_norm_layer1":0.1080533898968082,"train_loss":2.079334284437329,"grad_neuron_3":0.009945745018499418,"grad_neuron_2":0.016377840353041604,"grad_neuron_1":0.020421004994128588,"grad_neuron_0":0.019952161327184907,"test_f1":0.32483035702948826,"_wandb":{"runtime":42},"_step":6,"grad_neuron_4":0.020133550094130703,"_timestamp":1.772982509132304e+09,"activation_hist_layer1":{"_type":"histogram","values":[63,322,669,962,1325,1867,2375,3118,3923,4630,5474,6201,7283,8142,9057,9969,10903,11676,12757,13752,14730,15821,16479,17275,17855,17924,18493,18333,19051,18955,19153,19223,19148,19034,18881,18443,18141,17842,17230,16746,16216,15592,14881,14205,13400,12206,10999,10237,8945,8221,7235,6601,5618,4875,4138,3464,2844,2293,1715,1240,839,579,322,110],"bins":[0.00986758053635353,0.025211159915407788,0.040554739294462044,0.0558983186735163,0.07124189805257056,0.08658547743162481,0.10192905681067907,0.11727263618973333,0.13261621556878758,0.14795979494784184,0.1633033743268961,0.17864695370595035,0.1939905330850046,0.20933411246405886,0.22467769184311312,0.24002127122216738,0.2553648506012216,0.2707084299802759,0.2860520093593301,0.30139558873838435,0.31673916811743863,0.3320827474964929,0.34742632687554714,0.36276990625460137,0.37811348563365565,0.39345706501270994,0.40880064439176417,0.4241442237708184,0.4394878031498727,0.45483138252892696,0.4701749619079812,0.4855185412870354,0.5008621206660897,0.516205700045144,0.5315492794241983,0.5468928588032524,0.5622364381823067,0.577580017561361,0.5929235969404152,0.6082671763194695,0.6236107556985238,0.638954335077578,0.6542979144566323,0.6696414938356865,0.6849850732147408,0.7003286525937951,0.7156722319728492,0.7310158113519035,0.7463593907309578,0.7617029701100121,0.7770465494890664,0.7923901288681205,0.8077337082471748,0.8230772876262291,0.8384208670052833,0.8537644463843376,0.8691080257633919,0.8844516051424461,0.8997951845215004,0.9151387639005546,0.9304823432796089,0.9458259226586632,0.9611695020377173,0.9765130814167716,0.9918566607958259]},"epoch":5,"train_accuracy":0.4266,"_runtime":42,"class_samples":{"path":"media/table/class_samples_0_bf1bad6fae2bb7eb4f63.table.json","_type":"table-file","sha256":"bf1bad6fae2bb7eb4f63c64de5751c6c34c6eab3552119fba968a202bc3e1d7f","_latest_artifact_path":"wandb-client-artifact://3p4ec91ks4m9sngxlfzfj18yaeuuekxncdyxvw5q1aaeqyme1qkv0ibrr9x4wijuxr6l8dhzhv72ltml09putjiwjrpm4hiqo91bc7cbpba7a7vz0o253238idg122d0:latest/class_samples.table.json","size":741,"ncols":2,"nrows":50,"artifact_path":"wandb-client-artifact://slney6uszt0bw0kqgcu55nzljhdg0qot12mvwqfm60q5ngikjkbu4dep3xantmmhxompr6ka0lw304vqicyby8lghmekr90g7igxsdesyibisi8qr9vb46ecmf3kchke/class_samples.table.json","log_mode":"IMMUTABLE"}}