{"grad_neuron_0":0.00026542737119041645,"class_samples":{"_type":"table-file","_latest_artifact_path":"wandb-client-artifact://ho68qk8nl1vwjrrr2htsodtn7qh170qb1rl5rgqnaomcqcd2yse05tkjqctwuu47q1stsidf62zyw5nkg8r1quibpwtzj7q5vjuy3e4ueucd7jp58kd3ti0x9gnenw3d:latest/class_samples.table.json","size":741,"path":"media/table/class_samples_0_bf1bad6fae2bb7eb4f63.table.json","artifact_path":"wandb-client-artifact://a9d415fw5o0n8ugkk8l4ikgp7382lg0vz9mc3noei49wfhq9hvrwkxwz8pu8nwhqokcu12u7ybru2mpisalois2gksfaybkihia6c5rpjigolzjja7vt52wox8wb0fx4/class_samples.table.json","sha256":"bf1bad6fae2bb7eb4f63c64de5751c6c34c6eab3552119fba968a202bc3e1d7f","ncols":2,"log_mode":"IMMUTABLE","nrows":50},"grad_neuron_3":0,"grad_neuron_4":0.09091822162177911,"_runtime":76,"train_loss":0.28025334110061567,"test_accuracy":0.8852,"test_f1":0.8854469697308165,"_wandb":{"runtime":76},"epoch":10,"grad_neuron_2":0,"train_accuracy":0.8962,"grad_neuron_1":0.2684714219203881,"_timestamp":1.772992928971471e+09,"_step":11,"grad_norm_layer1":1.504410353790985,"activation_hist_layer1":{"_type":"histogram","values":[1017216,87753,54336,33056,20289,12867,8414,5540,3870,2900,2457,2105,1888,1693,1511,1571,1457,1451,1384,1404,1308,1247,1205,1100,924,931,810,766,673,662,611,536,538,472,454,444,411,442,342,375,348,335,294,256,203,187,145,150,132,97,95,81,61,43,41,35,27,16,12,10,10,5,3,1],"bins":[0,0.5760749582077237,1.1521499164154474,1.7282248746231712,2.304299832830895,2.8803747910386184,3.4564497492463424,4.0325247074540655,4.60859966566179,5.184674623869514,5.760749582077237,6.336824540284961,6.912899498492685,7.488974456700408,8.065049414908131,8.641124373115856,9.21719933132358,9.793274289531302,10.369349247739027,10.94542420594675,11.521499164154474,12.097574122362198,12.673649080569922,13.249724038777645,13.82579899698537,14.401873955193093,14.977948913400816,15.554023871608539,16.130098829816262,16.70617378802399,17.282248746231712,17.858323704439435,18.43439866264716,19.01047362085488,19.586548579062605,20.162623537270328,20.738698495478054,21.314773453685778,21.8908484118935,22.466923370101224,23.042998328308947,23.61907328651667,24.195148244724397,24.77122320293212,25.347298161139843,25.923373119347566,26.49944807755529,27.075523035763013,27.65159799397074,28.227672952178462,28.803747910386186,29.37982286859391,29.955897826801632,30.531972785009355,31.108047743217078,31.684122701424805,32.260197659632524,32.83627261784025,33.41234757604798,33.9884225342557,34.564497492463424,35.140572450671144,35.71664740887887,36.29272236708659,36.86879732529432]}}