{"_wandb":{"runtime":37},"class_samples":{"artifact_path":"wandb-client-artifact://6fj2mnl80mzdd5lg7epski5yo2tfz1nsx5t6t8hjvvjmb1kxaz2cn05plh6iqlhzzhe254jgtvpi8jwjpktbw6vpto4xh0mhtesvl3wfwhwsjpds5jifghhfzez982mk/class_samples.table.json","nrows":50,"log_mode":"IMMUTABLE","sha256":"bf1bad6fae2bb7eb4f63c64de5751c6c34c6eab3552119fba968a202bc3e1d7f","path":"media/table/class_samples_0_bf1bad6fae2bb7eb4f63.table.json","_latest_artifact_path":"wandb-client-artifact://ulqqdaz9syijp1e10tgnrtxdviv2faxk36avre1f2ky0s4qnxvhmpv40qwxbuh54vz2g9nqrojf34r75mhsxh49kvg3zc8elxnm8mzt5q6yfsiy942zhs4ygohmmprfq:latest/class_samples.table.json","ncols":2,"size":741,"_type":"table-file"},"grad_neuron_3":0.07339032859349247,"grad_norm_layer1":1.3684746657041187,"train_loss":0.49328727496261665,"grad_neuron_1":0.07498878072223564,"epoch":10,"test_f1":0.8714928030187462,"grad_neuron_0":0.14007443480870507,"activation_hist_layer1":{"_type":"histogram","values":[4042,251,269,242,201,229,219,225,188,168,163,166,146,143,133,149,130,105,93,81,86,72,69,70,51,51,57,52,41,40,33,25,34,24,17,20,14,12,15,11,13,8,3,6,3,4,1,2,7,2,0,1,0,0,0,1,0,2,0,0,0,0,1,1],"bins":[0,0.02818242885596273,0.05636485771192546,0.0845472865678882,0.11272971542385092,0.14091214427981366,0.1690945731357764,0.19727700199173911,0.22545943084770184,0.2536418597036646,0.2818242885596273,0.31000671741559005,0.3381891462715528,0.3663715751275155,0.39455400398347823,0.42273643283944096,0.4509188616954037,0.4791012905513664,0.5072837194073292,0.5354661482632919,0.5636485771192546,0.5918310059752173,0.6200134348311801,0.6481958636871428,0.6763782925431056,0.7045607213990682,0.732743150255031,0.7609255791109937,0.7891080079669565,0.8172904368229191,0.8454728656788819,0.8736552945348446,0.9018377233908074,0.9300201522467701,0.9582025811027328,0.9863850099586956,1.0145674388146584,1.042749867670621,1.0709322965265837,1.0991147253825464,1.1272971542385093,1.155479583094472,1.1836620119504346,1.2118444408063973,1.2400268696623602,1.2682092985183229,1.2963917273742855,1.3245741562302482,1.352756585086211,1.3809390139421738,1.4091214427981364,1.4373038716540993,1.465486300510062,1.4936687293660247,1.5218511582219874,1.5500335870779502,1.578216015933913,1.6063984447898756,1.6345808736458383,1.6627633025018012,1.6909457313577638,1.7191281602137265,1.7473105890696892,1.775493017925652,1.8036754467816147]},"train_accuracy":0.8774333333333333,"_timestamp":1.7729022635330245e+09,"_runtime":37,"test_accuracy":0.8735,"_step":56292,"grad_neuron_2":0.16960068715568807,"grad_neuron_4":0.07567151167921511}