{"test_accuracy":0.7283,"epoch":5,"test_f1":0.6938269719619758,"class_samples":{"nrows":50,"sha256":"bf1bad6fae2bb7eb4f63c64de5751c6c34c6eab3552119fba968a202bc3e1d7f","_type":"table-file","ncols":2,"artifact_path":"wandb-client-artifact://hx5p1pj8pdr9nbmogp4a524e9yxcdr9un3jxvyc7q9dj673l5kvn8aym48gipf7fmb5jha4kslyqhjvv16t8i71gewz80gw1n122uzhyaekswvhzg63od9xa8t5djbm7/class_samples.table.json","size":741,"path":"media/table/class_samples_0_bf1bad6fae2bb7eb4f63.table.json","log_mode":"IMMUTABLE","_latest_artifact_path":"wandb-client-artifact://u0tf0zdfibfq6alm1fk6qd7ei89kp8povx018rpv15q8b0x3umbo0mp2pa9teqkysk9ub2ot67qzcjiz9qrly0vd7g5ks7uy4tjzh0f6n2jxgj5bfhj0f51lwhbhz7mc:latest/class_samples.table.json"},"grad_neuron_2":0.06401226678560012,"grad_norm_layer1":0.6106926360245487,"_wandb":{"runtime":32},"grad_neuron_1":0.06298350465715223,"train_loss":0.49326531893335895,"grad_neuron_0":0.047038082742109306,"_timestamp":1.772981049513532e+09,"activation_hist_layer1":{"_type":"histogram","values":[29,361,996,1956,3057,4294,5759,7391,9073,10778,12565,14266,16127,18142,19963,21351,22997,25013,26918,28380,29735,31184,32252,33604,34331,34846,35293,35766,36640,36680,36558,36920,36563,36513,35891,35706,34826,33928,33449,32658,31670,30177,29166,28165,26349,24680,23401,21466,19660,17811,15970,13911,12430,10433,8839,7023,5406,4013,2905,1920,1071,548,186,41],"bins":[-0.989632985012677,-0.9587431704280157,-0.9278533558433543,-0.8969635412586929,-0.8660737266740315,-0.8351839120893702,-0.8042940975047088,-0.7734042829200474,-0.7425144683353859,-0.7116246537507246,-0.6807348391660633,-0.6498450245814018,-0.6189552099967405,-0.5880653954120791,-0.5571755808274177,-0.5262857662427562,-0.4953959516580949,-0.4645061370734336,-0.43361632248877213,-0.4027265079041108,-0.37183669331944935,-0.340946878734788,-0.31005706415012657,-0.27916724956546524,-0.2482774349808039,-0.21738762039614246,-0.18649780581148112,-0.15560799122681968,-0.12471817664215834,-0.0938283620574969,-0.06293854747283556,-0.032048732888174114,-0.0011589183035127792,0.029730896281148667,0.06062071086580989,0.09151052545047134,0.12240034003513278,0.15329015461979423,0.18417996920445545,0.2150697837891169,0.24595959837377834,0.27684941295843957,0.307739227543101,0.33862904212776246,0.3695188567124239,0.40040867129708513,0.4312984858817466,0.462188300466408,0.49307811505106924,0.5239679296357307,0.5548577442203921,0.5857475588050536,0.6166373733897148,0.6475271879743763,0.6784170025590377,0.7093068171436991,0.7401966317283604,0.7710864463130218,0.8019762608976833,0.8328660754823445,0.8637558900670059,0.8946457046516674,0.9255355192363288,0.95642533382099,0.9873151484056516]},"grad_neuron_3":0.08711139434608968,"_step":6,"_runtime":32,"grad_neuron_4":0.06032380924409707,"train_accuracy":0.7298}