{"grad_neuron_2":0.03284761981475253,"grad_norm_layer1":0.6688044679859989,"class_samples":{"nrows":50,"path":"media/table/class_samples_0_bf1bad6fae2bb7eb4f63.table.json","log_mode":"IMMUTABLE","_type":"table-file","sha256":"bf1bad6fae2bb7eb4f63c64de5751c6c34c6eab3552119fba968a202bc3e1d7f","_latest_artifact_path":"wandb-client-artifact://x0g1vyb64xul8hobqwwqot02ibntl1ke7dgyme8nuco79gm675u63z8ajzgzbqgnqm294xwzhs7t9wpazmutyu0c16rk5sv9e3du6qmzyid9snxyvdt7y8j7z5z0no0x:latest/class_samples.table.json","size":741,"ncols":2,"artifact_path":"wandb-client-artifact://y06utw40fprmk8gprbbdee1mk6cctu9vdhthittxr345wu9kzxgqxlzu1jx7ubntowwxvc18qbrpb2xqleq8vmrwneyv3tloslei6tz5brfa54rgtbiuffj2ri8cm4rp/class_samples.table.json"},"grad_neuron_1":0.00577507586531059,"grad_neuron_3":0.04551616273436847,"train_accuracy":0.98565,"epoch":10,"grad_neuron_4":0.003677771692174035,"_timestamp":1.7729021131377926e+09,"activation_hist_layer1":{"_type":"histogram","values":[2,2,1,5,9,10,12,28,21,40,35,49,54,70,84,95,118,151,162,182,214,203,222,246,264,296,330,337,335,341,345,354,349,310,292,285,269,250,248,227,203,191,162,140,109,97,84,69,56,48,41,34,35,22,18,11,4,7,6,4,1,1,1,1],"bins":[0.15955366030063348,0.1705914845244631,0.1816293087482927,0.19266713297212232,0.20370495719595194,0.21474278141978156,0.2257806056436112,0.23681842986744078,0.2478562540912704,0.25889407831510003,0.2699319025389296,0.2809697267627592,0.29200755098658887,0.3030453752104185,0.3140831994342481,0.3251210236580777,0.3361588478819073,0.34719667210573696,0.3582344963295666,0.3692723205533962,0.3803101447772258,0.3913479690010554,0.402385793224885,0.4134236174487147,0.4244614416725443,0.4354992658963739,0.4465370901202035,0.4575749143440331,0.4686127385678627,0.4796505627916924,0.490688387015522,0.5017262112393516,0.5127640354631812,0.5238018596870108,0.5348396839108405,0.5458775081346701,0.5569153323584997,0.5679531565823293,0.5789909808061589,0.5900288050299886,0.6010666292538182,0.6121044534776477,0.6231422777014773,0.6341801019253069,0.6452179261491365,0.6562557503729662,0.6672935745967958,0.6783313988206254,0.689369223044455,0.7004070472682846,0.7114448714921142,0.7224826957159439,0.7335205199397735,0.7445583441636031,0.7555961683874327,0.7666339926112623,0.7776718168350919,0.7887096410589216,0.7997474652827512,0.8107852895065808,0.8218231137304104,0.83286093795424,0.8438987621780697,0.8549365864018993,0.8659744106257289]},"test_f1":0.9699327875519271,"_wandb":{"runtime":53},"_step":56292,"_runtime":53,"grad_neuron_0":0.029909584066323547,"train_loss":0.0025810498803967197,"test_accuracy":0.9703}