{"train_loss":0.07377150042065127,"_timestamp":1.7729826707725441e+09,"_wandb":{"runtime":49},"grad_neuron_1":0.007844236735748281,"grad_neuron_2":0.03874189132845049,"_runtime":49,"train_accuracy":0.9604,"activation_hist_layer1":{"bins":[3.108089701040961e-09,0.0156250012989708,0.0312499994898519,0.046874997680733,0.062499995871614096,0.07812499406249519,0.0937499922533763,0.10937499044425739,0.12499998863513849,0.1406249868260196,0.15624998501690068,0.17187498320778177,0.1874999813986629,0.20312497958954398,0.21874997778042507,0.2343749759713062,0.24999997416218728,0.26562497235306837,0.28124997054394946,0.29687496873483055,0.31249996692571164,0.3281249651165927,0.3437499633074738,0.35937496149835496,0.37499995968923605,0.39062495788011714,0.40624995607099823,0.4218749542618793,0.4374999524527604,0.45312495064364156,0.46874994883452265,0.48437494702540373,0.4999999452162848,0.5156249434071659,0.5312499415980471,0.5468749397889281,0.5624999379798092,0.5781249361706903,0.5937499343615714,0.6093749325524526,0.6249999307433336,0.6406249289342147,0.6562499271250958,0.6718749253159769,0.687499923506858,0.7031249216977391,0.7187499198886202,0.7343749180795013,0.7499999162703824,0.7656249144612635,0.7812499126521446,0.7968749108430256,0.8124999090339068,0.8281249072247879,0.843749905415669,0.8593749036065501,0.8749999017974311,0.8906248999883123,0.9062498981791934,0.9218748963700745,0.9374998945609556,0.9531248927518366,0.9687498909427178,0.9843748891335988,0.99999988732448],"_type":"histogram","values":[81583,40792,32217,28369,25676,23423,22159,21333,20539,19752,19351,18677,18232,17733,17161,16805,16226,15883,15438,14891,14553,14113,13781,13399,13062,12887,12912,12565,12717,12289,12185,12342,12446,12790,12653,12781,12830,13082,13484,13635,14057,14325,14582,15130,15603,15960,16499,17083,17754,17954,18751,19638,20150,20842,21534,22339,23317,24571,25335,26637,28395,30932,35958,55908]},"grad_neuron_0":0.013255674237430383,"test_f1":0.9533022934765876,"grad_neuron_3":0.013197102249073219,"test_accuracy":0.9536,"_step":6,"epoch":5,"class_samples":{"artifact_path":"wandb-client-artifact://ejl98is55ji4d43wzgh15ea7g8oqxhglkuwtbkzflo90ya0bas145u9klc7h6syokv1t6hjyrub8ehntdq4rgbyh6t7m8a7btds5dro6cbwx3nhfa00tfccsa50um6zd/class_samples.table.json","_type":"table-file","log_mode":"IMMUTABLE","nrows":50,"path":"media/table/class_samples_0_bf1bad6fae2bb7eb4f63.table.json","sha256":"bf1bad6fae2bb7eb4f63c64de5751c6c34c6eab3552119fba968a202bc3e1d7f","_latest_artifact_path":"wandb-client-artifact://750nh8hl4nmnim3r1mkgh9my2hya4buam05ywh7ld6fjk0gv60mragobjlsllz5cxx34rxp7hq2zw1k4aeb1pwsjp86gtgnbdydbeysw0pbvq9divpenl5vjpkr40val:latest/class_samples.table.json","ncols":2,"size":741},"grad_neuron_4":0.01917000237892579,"grad_norm_layer1":0.16889967346200108}